transaction_id,customer_id,product,beneficiary_name,beneficiary_doc_type,beneficiary_document,beneficiary_account,transaction_datetime,origin_country,destiny_country,origin_amount,origin_amount_usd,destiny_amount,destiny_amount_usd,discount_amount,discount_amount_usd,revenue
1,967,Tarjeta,Juan Davis,CC,15971450,GB84XNIB41925270788201,2024-12-29 06:55:30,México,Chile,5088.82,2488.09,8366.39,341.02,27.09,14.83,463.67
2,457,P2P,Alicia Owens,CC,60465670,GB72APUM61430576979489,2024-12-26 15:58:52,Colombia,México,3032.77,1986.93,4913.78,4126.21,28.55,10.03,485.15
3,643,Remesa,Richard Allen,RUT,51212870,GB08SRRZ42055755527248,2024-11-25 06:54:50,Perú,México,2244.52,4373.58,2413.01,2538.18,14.88,2.97,342.44
4,189,Tarjeta,Brittney Webb,CPF,75953061,GB37YIEI87483658093536,2024-05-08 16:52:52,Argentina,Argentina,7293.47,1060.45,4563.47,3989.13,18.99,9.95,154.75
5,844,Exchange,Joseph Dixon,CPF,71442421,GB89RHIC27520906933283,2024-02-03 11:28:54,Chile,Colombia,5336.13,2254.88,2953.48,1109.58,41.14,14.94,143.97
6,603,Tarjeta,Ryan Green,CPF,29661857,GB70FGQA64359842119514,2024-02-05 04:25:03,Argentina,Colombia,4294.82,2447.63,8439.21,3730.19,39.72,5.62,31.57
7,529,P2P,Samantha Walker,DNI,48540660,GB35ZJKP82815460241302,2024-07-08 06:14:17,Perú,Perú,9817.2,4692.4,8352.33,648.02,38.13,18.38,227.61
8,39,P2P,Tina Black,CC,94989610,GB79GIEI16363859596526,2024-02-09 01:12:46,México,Colombia,211.12,1813.86,3421.31,670.19,39.47,2.12,403.98
9,351,Exchange,Tina Johnson,DNI,64225488,GB83MGJI71591235530741,2024-11-27 00:42:41,Argentina,Chile,7545.99,4611.87,3525.54,885.26,17.85,11.22,381.13
10,7,Tarjeta,Scott Hale,DNI,41777424,GB30RYNF92326886283148,2024-09-29 10:30:29,Colombia,Perú,670.31,2771.22,3851.68,4570.32,8.72,21.12,485.94
11,176,Exchange,Rebekah Elliott,DNI,96639808,GB18OYEY06694770730171,2024-11-09 20:16:09,Argentina,Perú,5618.08,3591.8,295.11,4692.91,40.57,7.32,466.96
12,923,Remesa,Daniel Hurley,CPF,81408110,GB60CTND35547462537321,2024-03-15 01:05:27,México,Colombia,1289.02,648.22,7011.21,1788.87,20.78,15.42,363.43
13,125,P2P,Isaac Humphrey,DNI,10734873,GB89PMQW50174600461230,2024-01-24 07:29:16,Argentina,Argentina,3446.38,3070.42,5788.57,3250.77,25.39,19.86,440.85
14,534,Exchange,Michelle Rogers,RUT,53087849,GB81VGJF97293012335418,2024-06-30 08:36:06,Colombia,Argentina,8363.56,485.56,5389.97,1012.04,9.0,7.27,358.23
15,678,Tarjeta,John Garner MD,RUT,36365623,GB28RDPM69820982391935,2024-09-25 07:53:18,México,Colombia,8927.24,3797.69,5160.65,946.24,47.31,20.81,100.88
16,860,Tarjeta,Steven Cruz,DNI,76211846,GB34FOPR27981564328270,2024-04-09 03:03:51,Chile,Chile,8696.63,1694.77,8402.15,2231.5,21.38,4.18,347.05
17,468,Remesa,Danielle Griffin,CC,49395432,GB08QMIQ59803077449215,2024-12-20 16:49:27,Chile,Argentina,6800.99,367.67,9184.83,1169.62,38.07,21.67,36.12
18,28,P2P,Ms. Yvette Boyd,RUT,45006735,GB13TXOC92702640816090,2024-05-08 19:23:44,Argentina,México,1458.36,3761.35,6475.12,1262.72,43.11,0.04,254.07
19,377,Remesa,Samuel Rios,CPF,56982839,GB18OAMB90443069593137,2024-12-19 07:39:34,Argentina,Argentina,446.37,2885.13,3378.32,829.55,29.57,23.06,481.66
20,123,Exchange,Susan Hall,DNI,96130698,GB67NODJ87232016396368,2024-02-20 12:37:49,Argentina,Chile,9180.85,1654.4,7420.57,3627.86,19.37,20.05,33.66
21,247,P2P,Kelly Martin,CC,71552533,GB69OGPU30631999374489,2024-03-18 03:46:53,Colombia,Argentina,8325.28,4725.24,3593.0,2630.57,47.53,21.93,121.49
22,927,Exchange,Megan Short,RUT,99778488,GB70XBGZ42270431956790,2024-10-20 02:54:41,México,Colombia,8510.98,497.84,3967.06,3519.03,8.16,15.81,35.8
23,929,P2P,Shelby Stokes,DNI,89586273,GB65EBWR63048119406917,2024-01-27 11:17:00,Argentina,Chile,2254.68,2508.53,953.23,467.49,17.59,20.13,313.76
24,998,P2P,Latoya Franco,RUT,77803901,GB89PXPH46882409807695,2024-06-14 19:00:51,Argentina,Perú,6247.39,653.69,9429.28,918.63,47.47,8.71,355.68
25,348,Remesa,David Mathews,CC,36457510,GB41VGPG47765805067566,2024-07-05 20:40:52,Perú,Argentina,2316.87,2146.67,2873.03,4276.82,48.23,14.94,477.44
26,413,P2P,Anthony Scott,RUT,37094124,GB48FGOO52816504840980,2024-11-27 21:58:57,Perú,Chile,5511.71,1772.36,3640.86,1372.4,2.04,18.99,310.28
27,24,P2P,Mrs. Anna Walsh,CPF,16481369,GB46TIQD04091303616090,2024-10-10 08:26:16,Perú,México,2351.8,2506.53,7105.89,2825.36,45.93,0.48,378.15
28,358,Exchange,Michelle Chase,CC,38178034,GB92NLNZ25568239603666,2024-10-11 01:40:35,Argentina,Colombia,8656.18,1093.7,8571.5,2248.28,33.61,7.34,226.18
29,998,Remesa,Alexandra Gallagher,CPF,29493122,GB85KYGX49118208148366,2024-11-16 00:07:57,Perú,Perú,2984.1,159.61,3171.22,2052.15,12.95,11.66,477.43
30,600,Remesa,Marc Garcia,CPF,57148890,GB69YJKS45221591795038,2024-06-28 15:01:36,Argentina,Chile,6852.8,189.18,3249.44,3440.18,16.28,6.76,438.52
31,707,Remesa,Mark Adams,RUT,67408910,GB56XYBM90366225493978,2024-04-05 02:14:13,Chile,Chile,5659.11,605.52,8126.08,2631.96,8.45,0.76,156.23
32,596,P2P,Julia Wells,RUT,80914676,GB36KHRR24435084146157,2024-03-25 22:01:13,Perú,Chile,6539.69,617.14,4588.56,969.78,32.05,12.25,339.2
33,425,P2P,Tammy Dalton,RUT,90937743,GB65LNAV00050599672577,2024-12-09 06:39:25,Chile,Argentina,1012.3,4869.91,3174.69,3612.4,29.09,1.93,460.38
34,794,P2P,Paul Payne,RUT,53170579,GB63JUUC16600401854271,2024-10-05 12:22:25,Chile,México,313.04,1668.93,4063.56,3365.59,22.05,12.98,494.14
35,929,Exchange,Cindy Raymond,DNI,52525239,GB30TGEO82462006626943,2024-06-10 17:04:38,México,Chile,7032.56,622.82,4835.58,3524.51,25.63,11.89,82.69
36,577,P2P,Joan Ellis,CC,50426959,GB73CPLV54422152208104,2024-05-22 19:45:46,Argentina,Colombia,6449.79,3207.48,4898.86,2872.92,36.21,4.06,453.01
37,991,P2P,Michael Moore,CC,85393138,GB93TEEN26120748023302,2024-08-05 12:37:54,Colombia,Argentina,4954.15,1278.82,712.49,1705.93,47.77,1.1,52.71
38,576,Tarjeta,Stephanie Vargas,RUT,46866806,GB73XRYX55966847077378,2024-08-17 23:56:26,Argentina,Chile,7756.55,2861.61,1024.57,4738.06,15.75,17.41,270.71
39,929,P2P,Dennis Lewis,CC,11645553,GB04UITL02903781484860,2024-04-19 17:05:34,Chile,Perú,3017.19,1507.87,1556.85,2836.05,9.13,2.9,303.65
40,733,Tarjeta,Brandy Burgess,CC,47564732,GB61GFTZ40917548035888,2024-04-29 10:18:18,Chile,Argentina,1511.53,3151.25,9968.53,1524.69,28.19,23.44,117.11
41,645,Exchange,Alex Watson,CPF,60127833,GB91AMLC93478661657979,2024-09-14 19:01:56,Colombia,Colombia,8470.4,3975.13,9215.87,1100.34,18.4,8.54,227.11
42,655,Remesa,Samantha Fleming,DNI,28772689,GB87ZLFQ00467590151696,2024-12-25 09:29:39,Chile,Colombia,5547.29,4308.19,3978.26,2057.93,34.09,13.22,168.71
43,322,Remesa,Rachel Brown,DNI,44074869,GB11RXEQ63988996844824,2024-07-19 20:07:22,Colombia,Chile,2720.3,756.37,5004.29,2910.74,39.44,19.4,137.9
44,627,Tarjeta,Alexis Palmer,CPF,50005596,GB30XUDW26854996310462,2024-07-06 09:40:32,México,Argentina,484.4,4225.46,6846.71,3250.55,8.37,7.2,240.51
45,498,Remesa,Alexis Allen,CC,68380992,GB83NYDO05033238645304,2024-12-12 03:02:36,Argentina,México,6873.33,4915.36,4406.08,4090.33,29.74,18.32,115.0
46,796,P2P,Sean Stewart,DNI,55999683,GB10NQKB35457709848745,2024-07-21 17:44:35,Argentina,Colombia,8585.45,274.47,5931.72,96.78,41.98,15.05,370.7
47,388,Remesa,Bryan Jackson,RUT,71219976,GB50BFRF85861820877143,2024-09-09 15:05:36,Chile,Argentina,7438.74,1623.16,5617.03,1391.35,46.6,21.91,456.5
48,852,P2P,Mary Patterson,CC,60316748,GB86ELSZ11021751021290,2024-03-12 16:41:05,Colombia,México,1329.54,3606.48,2602.88,2881.44,33.5,14.05,481.41
49,394,Exchange,Johnny Bailey,DNI,31421625,GB10KIQJ22311368638855,2024-03-20 00:02:28,Chile,Chile,6662.91,3793.84,5785.94,3335.28,48.04,14.23,297.85
50,59,Remesa,Gregory Gonzales,DNI,54316598,GB88FQQJ78254183041777,2024-08-11 04:42:56,México,Argentina,9675.29,4026.52,8115.15,345.84,24.68,24.07,191.68
51,96,Exchange,Mark Odom,CPF,55188140,GB27EMAI13759390196045,2024-09-07 14:09:49,Argentina,México,5114.01,4205.0,3140.85,2436.7,12.78,7.37,370.13
52,267,Exchange,Timothy Evans,RUT,77379963,GB46YBZR00299359731891,2024-12-24 14:10:57,Argentina,Chile,2018.82,2579.04,1468.5,2254.6,40.32,17.51,396.06
53,173,Exchange,Caitlin Perez,CC,72359377,GB34NIYR40017836852770,2024-02-19 08:39:47,Argentina,Perú,4823.22,3578.95,407.03,1955.8,47.99,18.05,262.95
54,179,Remesa,Christina Mills,CPF,59287601,GB20DJHZ49723583765472,2024-08-07 21:06:28,Perú,México,2394.7,3068.43,308.83,4106.4,14.61,24.31,65.01
55,754,Remesa,Amber Watkins,CPF,82680601,GB80VLPT72218121497403,2024-08-13 18:53:17,Argentina,México,1513.68,3118.92,9395.65,3805.41,14.66,19.0,422.29
56,738,Tarjeta,Kristi Schneider,CC,14907678,GB58CBCP36757987350024,2024-07-22 18:44:18,Argentina,Chile,7303.42,527.85,9453.34,4128.31,31.0,9.52,400.31
57,496,Exchange,Theresa Wright,CC,79426949,GB96IHEG80983403091444,2024-02-01 02:53:15,Colombia,Argentina,8954.97,4313.72,795.11,1023.16,10.12,15.37,398.03
58,753,Exchange,David Shah,CC,22023704,GB30EZEL04051148292510,2024-05-17 18:24:15,Perú,Argentina,4866.37,3590.49,1098.51,4540.19,16.86,19.79,181.98
59,203,Remesa,Sarah Wright,DNI,29864466,GB59VIGI18807323221105,2024-07-14 04:14:59,Argentina,Perú,1624.75,2978.32,9750.81,103.79,0.55,23.49,406.84
60,268,P2P,Kathryn Jones,CC,74350234,GB06BEXK02101868130954,2025-01-21 06:27:41,Perú,Argentina,1277.91,1957.03,6605.24,3160.57,42.75,7.1,292.83
61,99,Remesa,Hector Patrick,CC,94469940,GB09EZUX18313527489281,2024-05-06 05:53:33,Argentina,Colombia,9947.93,3918.26,2581.92,2935.52,48.67,9.51,402.57
62,594,Remesa,Debbie Gibson,RUT,24495347,GB09ZMMK73321336941238,2024-09-21 08:24:23,Perú,Chile,8910.26,1055.41,9795.54,922.9,24.24,4.34,219.57
63,427,Exchange,Emily Taylor,DNI,86066273,GB63CHTJ33516849611091,2024-05-25 09:12:05,México,Chile,791.04,1746.27,4239.56,2249.74,37.44,21.66,459.15
64,515,Tarjeta,Andrea James,CC,70860996,GB49INOJ34661674479767,2024-04-26 13:24:20,Colombia,México,4995.02,2730.56,3101.09,2865.34,35.01,3.91,392.16
65,547,P2P,Russell Schwartz,CPF,83176322,GB87PHAT86321990014563,2024-10-03 03:04:10,Argentina,Perú,2640.35,3332.21,3793.92,1035.39,8.22,20.61,249.44
66,212,Tarjeta,Scott Goodwin,DNI,93151325,GB63YFCZ60799378567091,2024-04-21 05:20:03,Argentina,Perú,621.91,4090.88,6464.12,4738.83,38.97,22.02,103.41
67,804,P2P,Jeffrey Smith,CC,16068475,GB60NRAU22068564098666,2024-02-15 23:06:38,Colombia,Perú,4674.82,819.41,1229.45,1941.83,14.63,4.68,179.56
68,247,Remesa,Andrea Jones,CC,84046791,GB08VGSK72170272635991,2024-03-11 00:42:02,Argentina,Argentina,9755.76,3147.52,1089.94,535.87,38.39,12.15,468.32
69,172,Exchange,David Clark,CC,84798786,GB97GYHV39731601713113,2025-01-20 08:04:53,Argentina,Colombia,2374.96,4782.14,526.45,3394.43,24.8,10.4,476.62
70,414,Exchange,Mitchell Manning,CC,21894041,GB84BDXU11717896370314,2024-12-07 02:11:35,Argentina,Argentina,2573.21,4923.58,2915.31,4104.42,31.89,6.23,336.21
71,679,Tarjeta,Katelyn Green,DNI,43294805,GB19UZBA12074606428044,2024-11-19 21:17:31,Argentina,México,3457.53,2839.32,5007.78,506.21,10.96,0.74,243.66
72,590,Tarjeta,Bianca Wright,CC,74845040,GB70CEOE49476468821213,2024-04-19 09:53:32,Chile,Colombia,4720.42,953.74,2703.63,1623.71,38.46,20.09,25.05
73,787,Exchange,Kurt Chase,DNI,15205689,GB58PCMV99648978911253,2024-10-08 17:38:08,México,Colombia,3247.56,1233.02,7329.75,4866.64,7.23,20.09,163.16
74,347,Tarjeta,George Davis,CC,43091014,GB07QGEA49148419030421,2024-08-17 20:14:50,Chile,Colombia,3362.09,1608.34,6998.56,3686.19,14.87,19.36,216.78
75,739,Remesa,Lydia Gould,RUT,83002281,GB65KLEF13823586945898,2024-01-27 17:23:25,México,Argentina,4452.91,2603.06,8150.61,3476.67,14.16,20.9,238.4
76,88,Exchange,Michael Miller,DNI,32754601,GB45YFQA15779411749943,2024-03-06 01:06:17,México,México,635.93,513.58,5137.66,3835.87,18.92,0.31,396.04
77,169,Remesa,Alexander Smith,DNI,95629572,GB33LSMX01861815240993,2024-05-16 17:28:07,Perú,Colombia,1700.22,4721.43,1891.52,1181.61,13.72,14.69,243.66
78,351,Tarjeta,Diamond Vincent,CC,52449099,GB34YUUQ06203069148321,2024-04-30 23:39:59,Colombia,Chile,1936.68,1004.46,8940.79,2450.71,1.72,23.27,476.98
79,410,Remesa,Joshua Leblanc,CC,29422569,GB05WSSB02175851487181,2024-11-24 02:36:43,México,Chile,7143.08,3597.88,7080.03,491.29,41.83,1.7,144.94
80,812,P2P,Andrew Lambert,RUT,53578770,GB26INQI19291572329839,2024-06-15 19:38:17,Argentina,Colombia,4772.84,3900.07,2230.36,3338.68,20.85,2.17,371.73
81,783,Exchange,Isaac Jackson,DNI,60999604,GB02WBGR55206637573362,2024-06-07 22:32:30,Colombia,Chile,6785.77,2145.32,4785.52,3485.59,26.04,21.09,82.85
82,463,P2P,Audrey West,CPF,93660482,GB35AACW72023542247636,2024-11-07 01:56:02,México,Argentina,8708.42,2129.12,9297.21,3868.25,17.13,23.98,43.1
83,458,Tarjeta,Ryan Russo,CPF,99556396,GB10WAZL28564528086552,2024-09-10 17:52:19,México,México,8342.83,1744.06,897.41,3802.84,49.09,16.96,89.89
84,269,P2P,Kyle Becker,DNI,55788619,GB59ZTYQ75874331861977,2024-04-21 00:08:47,Colombia,Colombia,2871.61,3877.9,9734.34,761.6,15.37,2.86,383.72
85,384,Exchange,Adam Cordova,DNI,60912719,GB12TPTK76730566282395,2024-02-19 10:43:20,Chile,Colombia,5905.86,3066.78,5115.18,1488.73,37.34,5.13,170.44
86,255,Exchange,Dylan Mitchell,CPF,60559578,GB50OLON46207958270717,2024-01-24 01:15:59,México,México,4476.77,4172.86,6664.86,4692.5,4.69,18.95,395.17
87,446,Remesa,Devin Rodgers,CPF,40225866,GB81OZQO70536459420658,2024-09-23 00:23:34,Colombia,Chile,6505.81,1627.55,107.83,4434.9,10.45,3.75,147.22
88,80,Remesa,Julie Hamilton,CPF,20258562,GB43FOUY82596321751825,2024-08-09 09:53:28,Colombia,Chile,8737.41,3033.22,2189.66,3805.33,21.52,24.85,348.02
89,335,Exchange,Stephanie Odonnell,RUT,45053294,GB64CYQL66798566122886,2024-04-16 22:59:09,Chile,Argentina,9040.38,1153.25,4664.78,3969.5,16.19,8.56,395.36
90,916,Exchange,Michael Garcia,CPF,98192811,GB75LOND54396695844550,2024-12-01 23:24:04,México,Colombia,4530.9,3093.92,4544.18,2245.48,45.82,1.52,180.0
91,163,Remesa,Aaron Spears,CPF,64951086,GB02VNVY01971143696118,2024-08-21 04:37:04,Perú,Chile,370.32,4879.67,9882.69,4930.48,25.18,1.35,60.66
92,58,Tarjeta,Jimmy Wilcox,CPF,53496122,GB82FCYB62194284558921,2024-04-27 08:50:52,Argentina,Colombia,4328.97,1811.07,5596.17,3621.1,43.42,23.64,23.08
93,301,Exchange,William Cabrera,CPF,52375271,GB90MWQH04562390511016,2024-10-10 19:58:51,Argentina,Perú,9685.98,3912.39,9832.61,1923.56,49.56,8.36,74.17
94,66,Tarjeta,Tina Ramirez,RUT,89922874,GB33FDSR33365536074807,2024-12-14 03:18:29,México,Perú,4840.52,2866.0,9826.0,875.15,36.12,7.19,417.6
95,994,Tarjeta,Darryl Taylor,CC,58188690,GB18QLZV16634460122738,2024-09-07 00:01:12,Perú,Perú,6826.15,4972.81,1424.1,1787.15,23.46,4.93,332.99
96,454,P2P,Maria Martinez,DNI,61033639,GB69ISXG39576275766680,2024-09-24 20:07:29,Colombia,Colombia,7604.76,3415.75,7336.37,2608.68,42.28,7.89,121.9
97,902,Remesa,John Bartlett,CC,15436155,GB79GMAC56681424437268,2024-07-03 08:39:50,Perú,Chile,4669.8,3521.19,582.41,2147.78,13.91,10.65,180.41
98,105,P2P,Lori Dodson,DNI,66246733,GB48MZNJ97720626052483,2024-12-14 04:09:03,Argentina,Colombia,1503.75,2324.28,5731.93,3490.0,23.93,4.64,191.57
99,248,Exchange,Ronald Jones,DNI,31802511,GB82PPHH85274979380808,2024-04-09 06:44:39,México,México,8892.81,453.77,9186.63,261.67,47.18,2.68,81.54
100,28,Exchange,Randy Peters,DNI,72309995,GB60UZDH96592371420171,2024-04-14 09:55:14,Perú,Colombia,1961.44,1019.68,5437.14,2728.19,15.63,16.78,258.24
101,722,Exchange,Nicole Brown,DNI,98469524,GB78FKHY16159528651921,2024-12-09 08:09:29,Argentina,Argentina,7577.54,1823.67,6410.45,2488.71,44.58,6.03,238.89
102,921,Tarjeta,Nicole Contreras,CPF,16916030,GB20KSIP75516520431791,2024-11-13 02:19:36,México,México,1197.99,689.28,360.8,2672.98,18.08,20.05,490.43
103,121,Tarjeta,Laura Brady,DNI,71578779,GB23VQDF07161651205750,2024-09-15 18:58:06,Colombia,México,4154.78,641.17,3331.2,1594.65,47.35,16.62,227.95
104,835,Exchange,Charles Smith,DNI,36719075,GB05FWGW76080275779229,2024-10-30 21:38:18,Colombia,Colombia,2473.43,574.35,7272.12,4225.8,38.1,10.43,209.06
105,867,P2P,Jerry Farley,CC,40080179,GB15YDVY02057256992929,2024-12-16 15:46:25,México,Perú,6943.47,4403.32,9996.87,1559.36,14.54,19.14,315.16
106,317,Remesa,Hannah Edwards,CPF,31853033,GB66GMFU76411426060341,2024-03-04 19:20:03,Chile,México,4621.72,3126.53,1409.99,2398.7,48.25,16.61,100.46
107,729,Tarjeta,Trevor Todd,RUT,33195069,GB64EJGK81524809718938,2024-06-10 03:19:25,México,Colombia,3382.84,100.58,892.58,4409.61,4.49,1.6,150.22
108,732,P2P,Keith Thompson,DNI,19770794,GB45LRCB08303386641069,2025-01-06 08:40:46,Perú,Colombia,5328.56,3723.53,5948.94,3354.49,46.83,7.36,35.31
109,215,Exchange,Lisa Vega,CC,15346265,GB61YOOE93121194096716,2024-06-26 01:40:02,Perú,Colombia,708.77,1959.09,7239.84,2649.87,48.82,23.55,391.22
110,638,P2P,Erin Coleman,DNI,35599976,GB83KAML22397623122440,2024-09-05 04:06:42,Colombia,Perú,6680.56,62.98,1767.92,2182.12,16.83,22.16,165.94
111,33,Remesa,Stephanie Oneill,RUT,37201595,GB23EGSX17582646686018,2025-01-07 08:28:28,Argentina,Chile,1930.39,4347.5,6029.75,525.73,9.32,24.38,358.28
112,411,Tarjeta,Jason Martinez,CC,90540145,GB70NWCB61669641080863,2024-01-23 18:46:38,Argentina,Chile,1667.48,2612.73,4423.31,2862.63,5.25,14.7,184.82
113,416,P2P,Andrew Hart,RUT,57257958,GB31JZVN07613968153442,2024-08-26 15:40:21,Colombia,Chile,434.19,1205.58,8545.93,3511.75,4.12,8.51,241.78
114,579,Tarjeta,Steve Miller,DNI,91027754,GB88XLNV74765475452967,2024-08-02 06:11:16,México,Chile,2983.98,4000.69,8781.04,4053.52,40.93,1.53,328.07
115,887,Tarjeta,Gary Charles,CC,95093378,GB79TPGB26330389187436,2025-01-08 23:39:49,México,Perú,8328.72,670.63,1831.53,4478.69,32.45,0.82,476.17
116,910,Tarjeta,Zachary Robinson,CPF,20731041,GB24WBYE10385054703463,2024-08-18 08:52:02,Chile,México,2503.7,561.88,3260.03,473.65,25.73,24.76,391.83
117,519,Exchange,Casey Ryan,CC,16575155,GB13BODC91346121439982,2024-05-21 17:20:49,Colombia,Argentina,6249.52,2266.76,1191.54,1122.71,30.35,20.93,490.44
118,531,Remesa,Brittany Evans,RUT,20397917,GB69ZJNV58117403785413,2024-03-31 03:54:42,Argentina,México,4360.36,2361.01,5379.51,3800.92,47.44,15.64,312.51
119,186,Exchange,Derek Moss,CPF,55135594,GB13SODL04063947559138,2024-05-06 17:00:25,Chile,México,972.92,4627.65,225.03,2393.36,0.03,13.9,333.87
120,995,Exchange,Katelyn Wallace,RUT,21105528,GB39KPIQ22899072735445,2024-03-27 12:15:32,Argentina,Colombia,3176.28,1287.77,4390.34,2112.23,19.79,12.13,379.35
121,228,P2P,Sarah Franklin,CC,91491065,GB71VVPD84836739490265,2024-08-27 04:49:09,Argentina,Chile,6993.05,4103.93,9408.77,2375.81,46.82,22.08,347.66
122,711,P2P,Samantha Robinson,CC,87953222,GB17NQLM30564794564386,2024-01-29 05:45:15,Chile,Colombia,9236.54,4143.19,3775.05,3694.21,27.27,6.63,324.57
123,548,P2P,Michael Roberts,CPF,82234136,GB72ZIXT11937467561251,2024-02-07 21:32:04,Perú,Chile,6948.17,129.21,8209.28,1311.29,42.48,8.12,24.64
124,567,Exchange,Tony Mills,CC,98333265,GB76FYHW44159779434672,2024-08-01 01:56:25,Colombia,Argentina,6221.38,4523.06,6255.6,4800.45,7.83,18.1,468.55
125,963,P2P,Andrew Garrett,CPF,82472696,GB46CAGS75543896679551,2024-02-27 03:05:20,Argentina,México,4804.84,852.68,5820.76,756.49,23.68,6.69,320.04
126,492,Remesa,Melissa Marshall,CC,59394430,GB52PTJB72257343669343,2025-01-05 06:44:21,Perú,Perú,7482.72,4917.16,7315.58,4139.12,49.42,15.44,395.54
127,468,P2P,April Golden,DNI,96141035,GB49MLMV96303904320789,2025-01-05 14:27:00,Perú,Chile,4193.52,2252.67,1930.78,2585.51,27.31,7.78,101.02
128,685,Exchange,Pamela Booker,RUT,63849415,GB59LINW77447938106450,2024-04-17 03:27:13,Argentina,México,3250.84,3283.72,1451.69,1225.72,27.49,24.87,294.02
129,910,Remesa,Debbie Brown,CC,31757421,GB98WOYZ61488207803750,2024-05-30 08:17:13,Colombia,Colombia,2941.56,3466.29,5093.12,3676.66,33.85,3.07,94.53
130,509,P2P,Thomas Johns,DNI,77044127,GB69PWIN09664959459680,2024-11-25 16:47:10,Argentina,Argentina,6493.6,4609.27,9050.07,1374.83,28.71,17.45,365.7
131,276,Exchange,Anne Dyer,CPF,74505717,GB55GCEG64965740651081,2024-09-21 04:04:35,Colombia,Colombia,916.82,4872.27,9813.09,3607.13,35.76,7.21,476.63
132,364,Tarjeta,Amanda Zimmerman,CC,53348811,GB73DDBJ40991242488524,2024-06-21 11:26:30,Perú,México,5930.5,961.87,5333.24,2221.27,28.39,12.48,16.41
133,66,Exchange,Barbara Mathis,CC,59070460,GB82JBBL50847690914856,2024-07-28 16:15:10,Chile,Chile,7906.84,4992.01,9022.87,1031.38,44.82,17.24,15.86
134,132,P2P,Carlos Leon,RUT,10495270,GB68VZCI43696777231187,2024-11-02 16:16:46,Chile,México,7154.17,560.52,6193.39,2677.94,18.08,9.54,457.16
135,257,Tarjeta,Edward Griffin,RUT,52725025,GB49OYKE57170769028279,2024-07-14 22:46:01,Perú,Argentina,4550.08,3722.1,2747.23,2388.92,24.89,3.2,358.79
136,858,P2P,Anthony Miller,CPF,11857511,GB76RQUF14136743251811,2024-07-07 11:13:03,Colombia,México,4289.15,1422.06,5375.75,2159.93,15.82,12.1,250.72
137,275,Tarjeta,Kenneth Cross,RUT,86478399,GB83KFCT44693409699872,2025-01-07 20:53:38,Colombia,Argentina,9728.69,1193.57,4887.38,4152.45,15.32,17.41,319.55
138,227,Remesa,Ronald Smith,CPF,36496387,GB22HKNG53496286021814,2024-07-02 09:58:37,Colombia,Perú,5583.19,1492.97,9864.92,3754.23,40.91,16.64,164.91
139,450,Tarjeta,Jeffrey Smith,CC,45988272,GB88BSYN77251996969499,2024-02-12 21:41:59,Perú,México,7124.54,3860.63,2827.47,3285.09,14.71,9.17,489.0
140,163,Remesa,Bryce Jones,CPF,12410622,GB35XJTB60856936964522,2024-10-23 12:28:28,Argentina,Colombia,9456.46,1182.6,2618.96,897.68,29.28,19.58,492.53
141,722,P2P,Christopher Martin,CC,99530710,GB10UBER48798335566229,2024-09-13 03:53:58,Colombia,México,2472.2,531.76,3493.42,4663.98,9.66,0.9,424.56
142,21,Remesa,Melanie Johnson,CC,14365212,GB59QXTG19336057527179,2024-11-09 07:32:59,Chile,México,4976.33,528.69,4331.27,3840.77,19.75,13.65,223.55
143,745,Exchange,Maria Holt,CC,87422577,GB77MFGI59134161698834,2024-07-15 08:39:06,Perú,Perú,6802.11,2955.85,9021.97,3385.37,18.12,6.19,146.12
144,378,Exchange,Bryan Sexton,CPF,85441328,GB17TNGD54436107212283,2024-09-03 04:51:53,Colombia,Chile,9038.52,4217.82,8816.54,1566.09,15.76,4.63,180.51
145,844,P2P,Charles Johnson,RUT,35497606,GB26PBCM69258161353963,2024-11-04 07:32:57,Argentina,Argentina,5980.91,2489.12,2356.52,1346.44,42.09,17.49,75.85
146,12,Remesa,Angel Hudson,DNI,94018571,GB05DDWM77748709484418,2024-12-29 10:35:17,Argentina,Perú,4998.53,1452.52,9925.83,2865.57,31.02,15.27,302.44
147,69,Exchange,Joseph Taylor,RUT,75723249,GB23HRGP93790888274956,2024-09-01 08:13:21,Argentina,Argentina,9449.5,3461.36,3666.71,1501.4,45.52,3.58,462.04
148,81,Remesa,Tyler Tran,DNI,75787166,GB91YSWW56926812412034,2024-03-14 06:54:18,Argentina,Chile,3965.64,2417.53,8839.85,2913.98,6.39,0.49,415.36
149,955,P2P,Kristen Cooper,DNI,11372744,GB46XBEZ88989215522436,2024-07-08 19:03:57,Chile,Chile,9928.26,535.63,4105.84,850.15,38.09,5.09,335.62
150,775,Exchange,Julie Braun,DNI,72529502,GB73NRTB95745813997234,2024-06-04 12:47:13,Perú,Perú,6410.09,4855.53,2061.83,4332.21,40.73,22.01,200.08
151,470,Remesa,Cynthia Ward,CPF,26441224,GB05LUKA30935223152636,2025-01-14 22:48:04,Argentina,Colombia,2007.95,68.53,9617.48,1237.62,3.92,17.62,135.41
152,255,Exchange,Jennifer Pratt,CPF,75555680,GB57MSQX08590343380382,2024-04-18 22:27:10,México,Chile,8861.93,4109.74,7997.17,448.53,47.76,18.23,265.18
153,786,Tarjeta,Luis Clark,CC,62315121,GB58FNPN53471689852964,2024-10-25 20:05:52,Chile,Argentina,7690.46,1190.74,2955.94,4558.65,7.69,11.9,441.53
154,600,Tarjeta,James Torres,RUT,15308496,GB39IHNW17045957543962,2024-06-16 23:11:45,Perú,Colombia,300.81,3507.1,5627.6,2799.16,46.25,4.75,113.7
155,797,Exchange,Matthew Smith,DNI,42325267,GB56MIOZ72856684960481,2024-07-12 01:40:55,Colombia,Colombia,8354.29,1498.19,7235.92,85.66,38.91,4.57,474.23
156,709,Tarjeta,Kelsey Cook,DNI,96518206,GB06BMGQ87394578033416,2024-04-03 08:59:52,Argentina,Colombia,8607.66,3594.99,2219.24,2160.05,3.75,9.26,445.89
157,588,Tarjeta,Jennifer Coleman,DNI,14056692,GB36CUCZ12725039100118,2024-02-05 02:59:40,Perú,México,3525.07,2532.66,115.0,4664.27,43.23,6.18,429.4
158,338,Remesa,Karen Hodge,CC,94072665,GB08AHQS58992012833217,2024-08-25 15:21:45,México,Perú,9581.86,3335.69,4631.8,655.87,25.08,22.79,346.59
159,863,Tarjeta,Brandon Wilson,DNI,82315262,GB87QDHJ86248797536347,2024-08-20 13:23:37,Argentina,México,1647.15,378.15,6748.23,2302.75,39.22,14.8,331.28
160,706,Remesa,Donald Thompson,DNI,63615566,GB77JEEF25852949452416,2024-09-26 06:58:06,Perú,Colombia,5401.01,1288.49,5340.81,3378.22,43.35,12.38,294.91
161,169,Tarjeta,Jason Huerta,CPF,18558863,GB53JBSZ49377685779009,2024-07-19 11:10:05,Argentina,México,7600.43,3623.32,4265.95,1689.76,26.64,22.3,123.02
162,618,Tarjeta,Evelyn Decker,DNI,26154329,GB09YOFE34738959478470,2024-10-18 21:39:52,Chile,Colombia,1361.96,1398.83,1453.57,616.86,19.53,6.35,452.07
163,924,Exchange,Barbara Thornton,RUT,80435984,GB32YULZ18927665877213,2024-03-15 16:49:32,Chile,Argentina,2408.46,4086.94,8281.22,2995.8,2.84,10.95,264.88
164,923,P2P,Luke Gonzalez,CPF,10061602,GB84EAZU37060048291758,2024-01-30 04:43:33,Chile,Argentina,715.17,233.77,9655.58,4643.31,1.55,22.36,90.66
165,513,Exchange,Wendy Haney,CC,26308466,GB43PUQL08574789417972,2025-01-10 13:45:25,Chile,Chile,2137.87,2261.57,636.59,2704.29,32.47,20.83,302.94
166,569,Exchange,Cory Watson,RUT,63073718,GB93SNWJ20168129211263,2024-11-23 14:55:55,Argentina,Colombia,194.97,1356.04,4107.07,765.84,5.28,24.58,472.07
167,543,Remesa,Andrew Gonzales,CC,24621772,GB94ALHJ33607382619612,2024-09-18 11:42:13,Colombia,Colombia,8164.47,4644.51,9501.88,290.9,24.97,10.61,443.53
168,529,P2P,David Lara,CPF,87054772,GB48WRCG99153127414496,2024-05-26 11:06:16,Colombia,México,940.17,225.11,2493.89,2624.82,36.4,6.23,322.85
169,250,Tarjeta,Christopher Johnson,CC,43217715,GB29NGVE03518335579783,2024-12-22 20:34:24,Colombia,Colombia,2286.87,1366.39,9561.6,2932.06,28.75,13.27,477.74
170,798,Remesa,Rhonda Schroeder DDS,CPF,74287418,GB13GYWU82373476662155,2024-09-26 15:32:48,Perú,Argentina,8060.98,1730.25,3760.75,2611.81,7.87,4.14,90.92
171,807,Remesa,Kendra Bowers MD,RUT,82876616,GB54EOWT32503653030060,2024-05-11 20:38:10,México,Perú,4450.03,2695.47,8312.44,3318.5,7.42,10.91,361.96
172,277,Remesa,Jacob Logan,RUT,59532195,GB40EYOM60050017386316,2024-10-09 09:07:28,Colombia,México,9833.81,4035.82,1031.64,3639.41,25.29,0.26,100.08
173,60,Tarjeta,Jose Collins,DNI,36728347,GB32EPMB89042910371312,2024-09-23 03:42:59,Argentina,Chile,4842.18,3262.02,4457.26,3052.18,33.78,0.08,439.92
174,312,P2P,Felicia Reynolds,DNI,72222095,GB95DLJZ33349478796273,2024-06-05 14:38:46,México,México,3451.89,1035.38,3550.38,2578.08,34.41,6.97,392.94
175,309,Tarjeta,John Weaver,RUT,43897589,GB94UDUA45098681696329,2024-04-21 07:41:51,Perú,Colombia,464.9,4139.66,6988.68,4951.47,49.96,12.7,328.06
176,703,Tarjeta,Timothy Ross,CPF,98590263,GB30OTRG09739576420311,2025-01-16 09:25:29,Perú,Colombia,2846.97,2158.25,579.64,1260.57,49.76,20.73,453.88
177,627,P2P,Jasmine Hughes,CPF,18468167,GB72JOCC19076168914345,2024-12-08 06:59:42,Argentina,México,1966.23,588.22,502.87,495.81,40.46,6.06,91.73
178,470,Remesa,Cheryl Stewart,RUT,70971381,GB72SWRP70799912590306,2024-08-06 08:21:54,Argentina,Colombia,7390.58,1736.3,2716.5,1846.32,17.18,20.2,376.61
179,545,Tarjeta,Todd Mcgee,DNI,78636590,GB82SLKN81391432097619,2024-07-10 19:54:21,Argentina,Colombia,7109.41,2951.34,5858.14,1751.47,1.4,6.48,486.75
180,773,Exchange,Tyler Frye,DNI,54266933,GB20ZRQZ71203203720566,2024-11-02 06:39:48,México,Argentina,4290.98,630.51,8756.09,2817.71,30.79,11.78,115.07
181,943,Exchange,Karen Montes,RUT,74588532,GB49JTEV01197980189160,2024-04-06 14:00:19,México,Chile,553.19,3896.2,3621.25,2884.23,28.81,5.7,110.53
182,566,P2P,Cynthia Rivera,CPF,48113634,GB98COEF86377162114595,2024-02-26 16:31:52,Perú,México,7382.36,2014.63,8102.32,1375.02,18.43,17.59,335.05
183,587,Exchange,Alexander Johnson,RUT,15029976,GB38GNFG65306352826738,2024-06-11 23:45:23,Perú,México,8194.26,4954.99,9244.19,539.16,35.75,1.92,409.35
184,84,Exchange,Mrs. Kayla Wright,RUT,22386804,GB95RFQU19710440011008,2024-12-13 08:57:14,Perú,México,1602.92,281.95,9130.18,1139.14,44.03,8.08,311.7
185,393,Tarjeta,Nathan Greer,RUT,35221826,GB89NTGU44696201846102,2024-04-18 20:00:19,Chile,Perú,1579.34,3081.67,9714.43,1311.41,43.11,17.64,427.17
186,360,Tarjeta,Travis Stein,DNI,44226274,GB24TOTB75522056864782,2024-02-08 05:00:57,Perú,Argentina,6624.84,2480.72,9663.48,1234.7,26.31,24.73,90.85
187,319,Exchange,Michael Hall,RUT,19927707,GB02CVBE13991418098882,2024-06-09 09:10:52,Argentina,México,1225.7,2320.55,9411.38,4469.37,33.45,8.82,260.47
188,199,Exchange,Phillip Hernandez,CC,82787135,GB94XMYP01456168677387,2024-03-22 03:18:04,Colombia,Perú,6834.9,591.61,8411.28,2918.45,38.98,20.15,163.53
189,836,Exchange,Tammy Mitchell,CC,51121981,GB71QCGG03949636627532,2024-08-14 23:53:09,Perú,Chile,4401.97,614.47,2538.03,1174.06,18.42,0.1,354.64
190,174,Remesa,David Miller,DNI,77312090,GB61AHFV28106258903358,2024-03-05 02:18:00,Colombia,México,9020.66,279.44,5856.48,4483.79,30.55,2.88,173.02
191,968,P2P,Nicole Abbott,CC,78074376,GB65GQBG95553969712182,2024-11-10 14:59:49,Colombia,México,538.14,3645.42,2906.81,4686.07,32.67,17.47,495.17
192,637,Tarjeta,Kenneth Cruz,CC,27973631,GB80XKNE28058765684748,2024-06-27 21:30:28,Chile,Colombia,2666.74,4533.0,8059.79,1510.64,22.54,14.09,433.14
193,927,Tarjeta,Melissa Carter,CPF,31832236,GB88KQCA74910638570289,2024-10-16 23:51:34,Chile,Argentina,4554.86,4366.52,7002.71,1083.43,0.38,6.67,340.01
194,286,P2P,Sharon Price,CC,98179956,GB11KAMG41613926283484,2024-09-24 17:44:11,Perú,Argentina,6221.6,2773.86,9672.56,3119.24,13.14,5.57,373.95
195,777,Tarjeta,Michael Hughes,CPF,31839210,GB33WJCU24343041773151,2024-02-24 10:35:59,Colombia,Argentina,5465.73,2286.59,5586.36,2020.72,23.7,22.38,85.5
196,689,Exchange,Christopher Rogers,CPF,88260235,GB12TFWZ78676258505659,2024-08-13 00:09:04,Argentina,Chile,2907.52,630.62,7683.47,2705.05,38.93,22.63,498.75
197,831,Exchange,Sydney Brown,CC,53814453,GB86GYXC42949409932496,2024-11-20 00:55:42,Perú,Argentina,5365.83,2970.01,6348.28,1585.49,20.84,2.33,358.27
198,650,Remesa,Rodney Perry,CPF,22444775,GB23PGLV81315016541997,2024-08-23 21:23:50,Colombia,Chile,6753.68,1216.17,3558.21,2489.95,43.77,13.04,365.11
199,981,Exchange,Mrs. Michelle Patterson PhD,RUT,40977581,GB77SQLX70211961790563,2024-11-06 23:22:31,Colombia,Perú,8854.51,4728.15,4895.41,832.43,45.11,0.54,272.71
200,515,Tarjeta,Sarah Jones,DNI,24350382,GB70AAHO51805756218617,2024-08-17 07:59:02,Argentina,Perú,391.83,1491.42,8467.77,1297.04,48.14,19.48,393.97
201,117,Remesa,James Fowler,CPF,77688608,GB29FTYQ26738766109787,2024-10-14 17:08:48,Chile,México,6773.34,1169.61,4811.17,2521.11,28.04,23.37,69.8
202,715,Remesa,Mr. William Brown,CC,91340879,GB57KKDR31684281244086,2024-08-05 19:52:22,Argentina,Perú,3240.13,4954.17,3075.96,200.83,42.76,11.21,272.05
203,336,Remesa,Dr. Susan Garcia,CC,95084011,GB45LXOU52432320392256,2024-02-24 17:23:26,Perú,Perú,8811.71,1934.16,1033.16,2144.69,3.67,12.01,445.64
204,499,Tarjeta,Mark Johnson,CC,53033285,GB77CQGD60266975053474,2025-01-16 10:59:14,Colombia,Perú,286.8,3911.64,7016.49,3108.38,46.11,1.66,427.1
205,619,Tarjeta,Theodore Gates,RUT,83650644,GB17HQER72076464801407,2024-12-23 14:37:23,Argentina,México,5339.68,1554.49,7386.47,4831.64,43.58,23.19,338.65
206,384,Remesa,Jennifer Miller,RUT,89068901,GB08JWJF71554270461033,2024-08-07 18:34:09,México,Colombia,2273.66,1391.9,8311.5,1174.72,5.02,2.07,116.82
207,935,Remesa,Tiffany Giles,CPF,44400511,GB67QGRB41443003001081,2024-10-25 14:13:29,Perú,Chile,7134.33,3086.41,5253.53,2891.17,12.18,3.45,125.48
208,917,Tarjeta,Rebecca Short,CC,54643212,GB45JAJO46316194559087,2024-06-27 18:19:09,México,Colombia,9069.95,1445.43,8644.65,2646.48,29.42,2.59,245.08
209,729,P2P,Richard Carson,CC,58665193,GB10HZIC41148385869444,2024-05-01 13:18:06,Chile,México,4967.63,3809.26,4796.8,1187.47,23.68,18.85,113.76
210,943,Exchange,Joseph Strong,DNI,33271183,GB02PCVE37643047327292,2024-10-13 11:04:00,Colombia,Chile,9051.15,561.9,6039.03,596.48,23.34,23.81,362.12
211,917,Tarjeta,Curtis James,CC,25963733,GB83GOMQ50973191135472,2024-08-14 09:13:33,Colombia,Colombia,3090.79,1859.14,3744.77,2114.88,17.75,3.05,283.14
212,330,P2P,Jessica Carr,RUT,58063854,GB23AZYI88060522804050,2024-07-17 02:46:05,Argentina,Colombia,6956.46,1666.82,8510.42,4549.83,0.83,18.47,93.5
213,208,Tarjeta,Jacob Johnson,CPF,78280980,GB94PYQG51963659995245,2024-02-11 10:26:41,Chile,Colombia,4697.53,253.61,2151.18,4221.1,45.85,2.72,446.72
214,903,Exchange,Donald Parker,CPF,55114311,GB39LLAK22922055353554,2024-12-26 12:07:05,Chile,Colombia,8387.04,4826.47,9094.67,1323.4,8.96,19.77,181.56
215,589,Remesa,David Howell,DNI,97449931,GB10XQSX98144724255726,2024-09-04 03:38:23,Argentina,Colombia,3095.5,2589.49,528.66,583.77,3.47,1.0,100.02
216,52,Tarjeta,Daniel Jones,CC,60896011,GB29KYHU21166995416565,2024-04-21 21:39:56,México,Chile,2262.26,2331.69,6140.98,4269.5,2.79,15.47,333.52
217,88,Exchange,Tonya Nunez,CPF,20673256,GB40CBYS94521741195303,2024-12-17 18:31:00,Chile,Perú,6505.94,2273.47,101.22,399.25,37.66,3.32,11.85
218,193,P2P,Jasmine Carr,RUT,23490239,GB51VDIU01074967715094,2024-03-02 22:59:48,Chile,Argentina,2924.44,1112.3,8287.96,2818.61,33.37,1.25,407.81
219,316,Exchange,Scott Doyle,CC,25310297,GB93ZNRB92915396305938,2024-08-11 05:38:17,Chile,Perú,5029.81,4932.21,3767.67,3675.41,41.42,19.15,181.53
220,907,P2P,Alexis Miller DDS,DNI,74799936,GB94YCBD57568481457045,2024-05-30 17:32:10,Colombia,Perú,1334.52,4310.99,2818.86,3349.71,6.08,5.45,97.29
221,325,Remesa,Amanda Davis,RUT,96462386,GB35JZGM24252706883667,2024-08-12 05:38:48,Perú,México,5521.5,299.75,5847.78,1406.04,18.11,4.98,83.07
222,834,Remesa,Hunter Torres,CC,11780635,GB22NODC96902527051771,2024-04-24 07:07:33,Colombia,Chile,8468.64,4308.84,5837.53,4683.75,21.9,16.58,287.19
223,114,P2P,Jerome Webb,CC,28277564,GB98ZTYI66997722636338,2024-06-17 04:01:54,Perú,Chile,1565.03,1572.69,4353.08,374.12,33.11,19.42,376.31
224,524,P2P,Dustin Rogers,DNI,41307674,GB47CMYE54631797806765,2024-09-27 14:13:21,Chile,México,5404.04,2811.03,1264.41,2367.6,12.51,3.35,177.53
225,296,Remesa,Kendra Ingram,DNI,88268813,GB42KWGQ21105067632287,2024-02-19 22:03:13,México,Colombia,5714.8,3534.73,2301.37,1627.71,20.67,3.78,167.02
226,787,Exchange,Daniel David,CC,16020368,GB45UEEE24299753445346,2024-11-10 12:52:16,Argentina,Colombia,4434.91,1122.64,4646.1,1005.38,33.95,19.44,137.54
227,195,Exchange,James James,CC,32889802,GB18ADFT37984370573575,2024-04-02 22:54:25,Argentina,México,7935.93,1925.75,7273.13,196.37,36.94,4.65,387.96
228,548,Exchange,Andrew Cortez,RUT,35764646,GB83QZNE79266924787325,2024-12-08 22:57:18,Colombia,Colombia,8873.82,554.25,533.75,1518.09,2.42,19.23,180.11
229,974,P2P,Patricia Miller,DNI,98294311,GB38LELN81577777711822,2025-01-19 02:11:37,México,México,5315.45,3920.49,3374.86,4434.48,25.2,12.75,45.95
230,874,Tarjeta,Denise Brock,CPF,60498631,GB39YTRR26237905550137,2024-11-15 04:46:49,Perú,Perú,5828.47,3093.02,6950.27,4565.26,40.61,24.73,486.32
231,163,P2P,Brian Collins,CC,54434733,GB80EICJ38482447297541,2024-10-14 15:17:11,Colombia,Argentina,3258.66,2392.61,7343.46,863.1,22.41,2.89,79.93
232,539,P2P,Tyler Hoffman Jr.,DNI,39745651,GB79XUMU44055330152877,2024-05-14 01:39:53,Chile,Colombia,4971.65,4230.6,3890.88,4081.53,27.42,20.7,333.93
233,526,Remesa,Victoria Davidson,CC,27337695,GB32YBKD45311063145024,2024-06-24 06:17:37,Perú,Chile,1860.21,1150.85,3718.93,2574.34,21.06,17.87,312.28
234,200,Exchange,Cynthia Gardner,DNI,67094954,GB92URIL73885698232782,2024-04-20 09:36:03,Colombia,México,4327.76,3019.67,8560.72,4983.28,10.11,1.5,435.07
235,524,Remesa,Jason Lambert,CPF,56711993,GB82PTXA59066650608449,2024-03-28 19:29:24,Argentina,Argentina,9067.56,2345.14,7651.24,1389.79,44.72,3.01,56.78
236,814,P2P,Amber Wood,DNI,89754349,GB78UWMH01055855535808,2024-09-03 12:52:36,México,Perú,3042.66,1971.65,4784.42,2464.21,32.57,3.78,262.57
237,361,Tarjeta,Brianna Clark,RUT,62170910,GB41BCZJ74516228367360,2024-04-13 10:42:47,México,Perú,2761.03,4324.83,8774.6,4201.47,29.57,13.3,68.33
238,109,Exchange,Hannah Hobbs,RUT,99623708,GB38YQCK24543062337976,2024-02-16 00:57:59,Perú,Argentina,5068.15,1462.45,1339.39,2734.78,33.3,5.57,363.44
239,938,Exchange,Oscar Hubbard,CPF,23722476,GB29SONI09668518472619,2024-10-08 11:54:59,Colombia,Colombia,812.24,621.53,6057.67,1428.22,20.38,18.12,224.79
240,801,Remesa,Lisa Washington,CC,18146949,GB37WCSS15589535752922,2024-11-11 12:41:21,Chile,Colombia,8467.57,1610.11,1677.93,2973.79,39.92,13.51,469.27
241,417,Tarjeta,Jesse Stephens,CC,69306755,GB55SVEJ39592010540571,2024-12-28 04:35:28,Perú,Colombia,9024.43,2456.01,6768.41,2190.86,22.95,11.68,52.72
242,432,Exchange,Diana Wood,CC,69661026,GB92JPYZ72740739093506,2024-01-23 20:11:23,Argentina,Chile,8256.83,493.17,5051.62,4242.11,3.28,12.09,46.42
243,327,Tarjeta,Shawn Baldwin,DNI,62479193,GB02MUTE79291082090904,2024-05-07 05:03:08,Colombia,Perú,9072.14,1484.48,1502.65,4818.69,35.88,22.38,119.48
244,652,Tarjeta,Daniel Lee,CC,66747702,GB29DMXR04811411796313,2024-11-30 05:19:30,México,Colombia,443.15,4033.87,4205.84,4007.65,23.45,0.47,298.33
245,193,Remesa,Andre Green,CC,62507835,GB38BFFF15391099481714,2024-09-26 17:15:56,Argentina,Argentina,4362.36,704.97,8864.57,3051.78,9.31,18.28,239.05
246,581,Remesa,Anne Carr,CPF,65281809,GB59ONQT18527716118676,2024-05-22 16:24:53,Colombia,Colombia,7677.17,2080.89,7326.85,1496.6,31.31,2.71,371.16
247,323,Remesa,Sandra Jones,DNI,79351289,GB82NKXW44523185922508,2024-11-06 21:37:25,Perú,México,3709.12,4988.67,2235.07,3340.97,1.61,16.74,231.03
248,923,Remesa,Sean Santiago,CPF,64328236,GB87HIFD49672397221925,2024-10-08 22:16:04,Colombia,Chile,1861.49,2856.2,1029.75,1464.9,36.08,7.85,119.78
249,336,Tarjeta,Alan Lowe,CPF,48501176,GB12XDQI61459744318109,2024-02-03 00:55:59,México,México,7022.66,4698.57,5190.26,1593.35,38.22,2.35,313.76
250,33,Tarjeta,Barbara Craig,RUT,26285192,GB25SOHL22126595824320,2024-10-02 01:01:11,Argentina,Colombia,2680.75,3108.13,5822.92,3535.7,17.36,20.49,141.03
251,872,Tarjeta,Lisa Leonard,CC,12062631,GB60LRSF37403532434863,2024-09-28 03:55:06,Colombia,Argentina,5779.81,474.66,3188.46,1048.68,13.59,9.29,72.0
252,530,P2P,Vanessa Lopez,CC,47604545,GB72CYEO81770254816482,2024-03-10 18:36:13,Chile,Colombia,1758.4,62.89,6095.12,3555.35,6.53,21.66,307.43
253,787,Remesa,Theresa Jordan,CC,54271745,GB50XJCL76412659486516,2024-06-21 18:28:42,Colombia,Perú,982.91,886.72,2627.5,2003.77,29.13,10.88,197.14
254,78,Remesa,Johnny Decker,CC,93405052,GB83LTPQ37332662310849,2024-05-13 22:58:08,Argentina,Perú,3511.33,2512.94,1207.97,4284.16,13.29,14.15,111.83
255,105,Tarjeta,Eric Wilson,CPF,99117846,GB55LEVA24922465726843,2024-05-21 19:13:42,Perú,Perú,2663.77,4513.16,3438.45,58.32,1.0,6.3,59.33
256,111,P2P,Rachel Sawyer,CC,38227395,GB85UGBM89636358291660,2024-06-12 14:29:57,Colombia,Argentina,683.92,284.05,7918.68,2777.43,45.04,10.35,26.06
257,220,Exchange,Austin Taylor,CC,96337976,GB12RNSH73905002566393,2024-08-17 09:27:18,México,Chile,3035.85,3248.01,8950.35,644.43,34.3,18.96,215.86
258,265,Remesa,Mary Thompson MD,CPF,34561992,GB31NMIX48296212542526,2024-02-27 06:44:28,Perú,México,3963.59,2232.76,9738.35,882.82,12.23,11.17,166.83
259,569,Tarjeta,Karen Sanchez,CPF,61671486,GB02ERGD14309947392385,2024-01-30 02:55:21,Chile,Perú,8397.18,1189.47,2852.31,3383.02,0.0,13.67,485.94
260,741,Remesa,Sylvia Rios,RUT,57077285,GB76YXTU91266945896305,2024-08-01 02:13:57,Chile,Colombia,2518.99,4978.37,4637.63,2516.07,20.64,11.39,220.76
261,581,Remesa,Paul Herman,CPF,44981083,GB73EFXG06605528844922,2024-05-26 10:40:00,Perú,Argentina,3984.73,1501.22,3998.24,1330.77,43.59,14.62,447.75
262,924,Remesa,Dawn Gillespie,DNI,10764839,GB92NBEN82648041261564,2024-09-29 23:18:20,México,Argentina,2352.06,4478.36,2371.27,616.79,38.9,5.65,269.97
263,825,Exchange,Melissa Roberts,CPF,81668219,GB81FOFI02712404950651,2024-12-10 23:14:41,Argentina,México,6740.94,2307.57,5712.6,1803.58,31.19,4.79,30.35
264,31,Remesa,Ashley Young,CC,53953879,GB24DLCV28245956972892,2024-07-13 00:42:11,México,Colombia,4362.22,1526.1,9661.25,4489.1,46.15,10.13,202.19
265,726,Tarjeta,Nichole Schultz,RUT,31602413,GB50UHDA71579444830512,2024-03-31 03:45:14,Colombia,Colombia,3507.81,3538.46,4994.64,3966.03,23.87,14.97,112.58
266,552,Tarjeta,Michael Berry,CC,81082839,GB16HILB61371513990404,2024-10-12 04:35:52,Chile,Perú,329.42,1695.84,4920.03,2242.94,17.12,0.29,273.04
267,573,Exchange,Dr. Curtis Johnson DVM,RUT,12047718,GB31HYID14502421553155,2024-09-01 09:29:58,Argentina,Perú,5459.68,1549.46,6495.56,2242.6,29.16,6.12,108.1
268,316,Remesa,Ashley Acosta,DNI,38487082,GB51MNJH53898710749817,2024-02-12 06:05:31,Chile,Perú,1322.74,4676.97,8611.15,1793.9,42.31,13.52,83.85
269,153,Exchange,Misty Pratt,CPF,84478234,GB70JDHZ14594949890029,2024-12-05 13:50:35,Chile,Perú,653.68,3994.29,4835.69,2769.72,7.0,22.48,15.72
270,346,Exchange,Corey Walker,RUT,90328097,GB98SLCY35790493225175,2024-10-31 21:01:19,México,Chile,8867.14,2865.91,8140.62,4384.26,22.06,1.49,84.45
271,648,Exchange,Mary Mills,CC,68621024,GB27NCEQ86352866593649,2025-01-13 18:19:23,Chile,Argentina,8307.9,247.23,1309.39,1559.01,0.31,9.74,221.42
272,139,Tarjeta,Leonard Le,DNI,55620236,GB57AIIJ71992947553572,2024-09-25 20:49:17,Argentina,Chile,9532.94,242.65,687.19,2824.94,4.71,20.21,165.31
273,791,Exchange,Lori Conway,CPF,19356017,GB43YMHJ79443004535268,2024-03-03 23:20:15,Chile,Argentina,4687.52,4588.0,9031.76,212.0,37.77,11.3,228.53
274,785,Tarjeta,Megan Perry,CPF,69500279,GB50ZMFG56057688974836,2024-10-10 03:21:17,México,México,7954.78,1057.43,1905.31,3733.57,17.78,22.71,298.54
275,71,Exchange,Tony Garcia,CPF,74877946,GB97JMNV04940390076156,2024-05-23 05:06:53,Chile,Colombia,3510.12,1773.52,9284.09,1595.98,32.75,18.29,478.59
276,141,Exchange,Michael Mckenzie,CPF,30151999,GB06XNDC81077959215800,2024-09-27 01:50:27,México,Perú,8822.79,603.24,7975.8,2478.07,43.27,2.36,397.77
277,491,Tarjeta,Wendy Keller,RUT,46891312,GB25RSPG59480823727522,2024-09-13 18:53:36,Colombia,México,9027.5,4968.34,4063.45,4776.67,1.74,24.95,200.7
278,358,Exchange,Ronald Sullivan,RUT,19443166,GB48VJBP43016322156711,2024-09-14 22:12:52,Perú,Chile,6867.0,3380.6,623.92,2159.6,10.76,24.73,255.93
279,297,Tarjeta,Kaitlyn Ramirez,CPF,34837897,GB85ZXMS04012842896469,2024-12-20 08:52:55,Perú,Colombia,9406.12,4984.38,1444.51,4269.01,28.3,4.84,69.11
280,982,Tarjeta,Brian Perez,CPF,31074777,GB25XNUU86448606230487,2024-07-22 00:29:29,Argentina,Perú,1836.24,536.74,3544.71,3551.77,18.46,1.96,69.42
281,590,Remesa,Renee Price,CPF,20941826,GB90OOSX54747786646037,2024-06-05 13:39:18,México,Argentina,3249.03,3492.24,4390.16,4963.62,31.57,4.49,215.31
282,713,Exchange,Andrew York,CC,49432918,GB98HTCC92881120311942,2024-04-29 13:10:49,Perú,Chile,6020.28,1168.53,3933.18,336.78,31.25,22.88,280.49
283,919,Remesa,Maria Ortiz,RUT,45601152,GB23BYJZ33673400288001,2024-05-07 14:06:44,México,Argentina,7356.66,2849.05,5090.71,1796.94,18.66,22.48,212.54
284,213,Remesa,Ricky Jackson,DNI,54255538,GB32URNU42996596565733,2024-03-16 20:01:22,México,Colombia,9099.79,4324.44,949.34,1695.42,41.25,15.54,203.48
285,105,Tarjeta,Bonnie Romero,RUT,31518102,GB49OYDT02039299710516,2025-01-16 12:14:28,Perú,Colombia,8102.87,4363.64,9604.7,1744.48,25.64,16.49,62.66
286,763,Remesa,Sarah Soto,CC,73027373,GB60HBTK01539071863945,2024-02-11 22:39:14,Argentina,Colombia,9807.76,2895.8,7092.53,692.07,2.65,14.35,49.38
287,737,Tarjeta,Deborah Hendrix,DNI,97617985,GB38TFWR87590088360874,2024-04-05 01:03:01,Perú,Chile,3305.19,4118.78,1392.5,736.97,14.21,2.06,460.35
288,628,P2P,Matthew Guerra MD,CPF,33802388,GB05YRSF78732492619852,2024-10-21 08:41:23,México,México,730.96,292.82,3600.62,175.68,27.39,20.08,39.45
289,127,Exchange,Sarah Kent,CPF,12441087,GB34MUHH52240993390955,2024-11-17 03:34:43,Perú,Argentina,1658.22,3284.02,4691.18,2382.6,19.02,18.96,389.82
290,627,Tarjeta,Chris French,RUT,33249350,GB54QNQI94004748010586,2024-09-12 23:34:35,Argentina,Perú,2507.78,1284.61,8997.87,3162.41,8.64,15.42,44.2
291,905,Tarjeta,John Peterson,RUT,72700264,GB12SUZA32594771177061,2024-04-08 18:08:03,Colombia,Argentina,3249.32,4710.99,9027.69,2244.29,39.0,13.07,291.36
292,171,Tarjeta,Ebony Rose,RUT,98918125,GB31FUHB54125795946522,2024-05-23 23:44:15,México,México,6530.75,3476.56,2469.18,1664.14,18.18,2.12,32.96
293,656,Tarjeta,Matthew Lewis,CC,52904222,GB72EIJZ47139141715420,2024-04-26 06:31:47,Colombia,Chile,8679.58,4586.19,1754.04,4198.78,28.65,1.69,144.95
294,164,Remesa,Alan Gordon,RUT,68333343,GB94GESG82297128472135,2024-02-27 15:22:14,Colombia,México,3048.14,2240.96,8450.72,616.35,3.84,19.85,454.31
295,614,Remesa,Charlene Young,CPF,31038093,GB82PHME82269468096338,2024-07-14 14:00:50,Argentina,Colombia,8093.9,3218.12,6343.24,2066.58,4.22,22.43,260.3
296,468,P2P,Christian Juarez,CC,29411028,GB06PFYQ28896059499142,2024-12-09 05:09:39,Colombia,Argentina,8703.41,2301.67,5081.05,738.49,32.47,18.93,112.76
297,218,Tarjeta,Christopher Williams,CPF,60565451,GB35TYPZ43647253207711,2024-02-22 19:19:15,México,Perú,2535.19,4338.34,5605.02,2639.87,18.01,2.12,31.74
298,426,Exchange,Stephanie Robbins,RUT,44819946,GB98XGFS71727031489142,2024-08-04 19:43:37,Chile,Colombia,580.46,4346.16,8072.39,595.89,13.01,19.23,147.72
299,690,Tarjeta,Tammy Sanchez,CC,79735429,GB53AVQT37476895019597,2024-11-28 06:33:15,Chile,Colombia,4051.6,346.06,7434.13,3841.07,25.26,18.05,405.14
300,669,P2P,Mark Alexander,CC,89418368,GB43PTAJ83107252282632,2024-02-06 08:21:20,Argentina,Argentina,4380.11,1123.64,9146.5,949.34,6.86,21.68,81.8
301,644,P2P,Denise Wilson,DNI,76081680,GB71WHSO20146317792757,2024-12-20 03:24:47,Chile,Colombia,2584.5,1868.4,7691.89,963.04,21.02,8.18,184.16
302,179,Tarjeta,Christine Bernard,CPF,11216847,GB30GAKO94929521864130,2024-11-22 11:09:12,Chile,Chile,4668.45,632.31,1038.44,4825.85,23.62,15.01,76.05
303,698,Remesa,James Brewer,DNI,54680087,GB67SAZC17534375926681,2024-05-01 19:54:01,Argentina,Chile,7636.61,1652.85,7424.16,4053.83,5.48,6.34,128.71
304,690,Exchange,Kayla Allen,RUT,98793925,GB28WOQP66613883066939,2024-10-01 23:56:38,Colombia,Colombia,1106.41,2758.35,6622.75,891.52,6.11,3.61,307.11
305,324,Exchange,Crystal Buchanan,CPF,95388228,GB53OARC53123781146337,2025-01-06 02:31:27,Argentina,Argentina,7091.01,3624.0,9919.97,2910.15,0.5,11.24,383.33
306,781,Remesa,Joshua Smith,CPF,75443648,GB89IUOV56701518717966,2024-05-24 10:35:06,Chile,Argentina,3658.36,2267.81,2512.09,4622.13,4.23,11.93,253.25
307,657,Exchange,Melissa Griffin,CPF,95969447,GB59TUET61126279939540,2024-04-23 08:01:06,Colombia,Chile,5006.78,220.45,3757.93,1033.28,38.03,8.1,405.53
308,860,Exchange,Bobby Howell,DNI,52380891,GB50DPVH68142104107521,2024-07-24 14:21:55,Argentina,Argentina,7031.15,622.16,9912.64,3817.61,1.58,1.83,332.92
309,452,P2P,Andrew Fox,CPF,21722906,GB17EDLC35380130307036,2024-08-06 23:32:57,Perú,Perú,4865.65,876.08,9214.63,291.22,43.51,19.38,151.85
310,400,Tarjeta,John Gates,CC,97031279,GB35YICW73184779289800,2024-11-03 04:04:03,Chile,Colombia,2934.44,1789.03,4369.81,2495.59,17.93,1.01,328.12
311,95,Remesa,Dawn Cowan MD,RUT,13157262,GB51IQXK34812664739187,2025-01-09 16:20:53,México,Chile,4060.27,294.1,224.07,403.22,11.37,14.0,248.1
312,580,P2P,Christina Lynch,CC,18886296,GB55UZOM81524173435967,2024-04-10 08:13:12,Colombia,Chile,2473.22,1703.85,2884.84,2698.16,34.09,21.5,103.96
313,470,Remesa,Lynn Brown,RUT,47435472,GB73QEOM54481369447061,2024-07-28 07:32:33,México,Chile,4384.38,1834.79,2670.53,608.67,46.46,14.43,377.24
314,297,Remesa,Steven Ruiz,DNI,88373370,GB69CARG88340916209988,2025-01-17 18:34:06,Argentina,México,2026.88,1724.22,2020.52,916.09,18.37,2.75,475.85
315,754,Tarjeta,Kayla Perez,DNI,54277574,GB42WXKQ12962623845491,2024-05-24 16:06:48,México,Colombia,7742.42,4816.39,2129.5,3719.95,15.62,20.16,115.69
316,754,Exchange,Brent Smith,CC,54438637,GB33NLVU12583682534864,2024-04-04 15:05:29,Argentina,México,3814.26,3555.18,9931.11,358.94,26.97,1.09,332.24
317,202,P2P,Carla Thomas PhD,RUT,63600416,GB65VBHE78829750733397,2024-01-28 08:17:56,Perú,Chile,7424.74,3041.42,7459.29,471.55,24.32,21.52,250.15
318,448,Tarjeta,Duane Buck,RUT,22885223,GB72CBQP02890673064821,2025-01-14 00:24:12,Perú,México,5633.33,2188.16,8885.16,180.65,39.93,24.56,117.03
319,811,Tarjeta,Robin Miller,CC,56904967,GB71YWLW80529003040722,2024-10-26 17:47:11,México,Perú,9651.59,3474.16,3575.03,562.38,1.07,22.54,145.05
320,17,Exchange,Lacey Reid,CC,90797610,GB49TKYP74557754420633,2025-01-02 09:14:21,Chile,Chile,8222.29,2347.2,5723.39,1061.67,47.2,12.42,117.83
321,162,Remesa,Alexander Sullivan,CPF,11363660,GB55UQEX39603590362492,2024-09-02 02:21:04,México,Argentina,9796.84,4632.42,6162.81,4707.88,23.8,24.69,14.74
322,130,P2P,Jose Smith,CC,85458509,GB22QIVL07916494963472,2024-08-19 04:21:41,Argentina,Perú,8920.79,1365.07,8591.98,1513.52,47.75,23.5,102.0
323,28,Remesa,Lisa Harmon,DNI,57932228,GB05VONI98804096413848,2025-01-04 15:44:19,Chile,México,6657.95,1363.88,5318.62,2267.49,18.33,14.53,267.86
324,646,Remesa,Bruce Thompson,RUT,24769639,GB60NFMF89166996347607,2024-08-12 23:12:00,México,Argentina,6307.02,1403.5,9291.83,1332.56,1.16,19.13,12.89
325,389,Remesa,Tyler Barnes III,RUT,95425152,GB61WCMJ00564680728908,2024-11-03 02:15:15,Argentina,Perú,4027.66,690.19,8222.66,4423.49,40.26,8.03,24.75
326,735,Remesa,Jessica Spears,RUT,35257276,GB10JQOB53596869601678,2024-03-08 05:48:41,Chile,México,3570.35,403.07,5965.43,1809.55,27.96,21.29,17.46
327,896,P2P,Emily Mcclure MD,CPF,85778958,GB18DZMR06281265692186,2024-10-05 16:57:43,México,Chile,5478.36,354.9,5402.69,3071.6,27.24,3.42,477.55
328,384,Exchange,Jared Ortega,DNI,93874874,GB93VXGB27625317606251,2024-10-15 21:31:21,Colombia,Colombia,1064.95,1781.54,1064.77,1908.56,23.1,24.86,220.67
329,533,P2P,Tammy Hamilton,CC,13755137,GB17NSXI27261624163170,2024-02-01 15:01:19,Perú,Perú,8845.32,4748.82,6473.14,2537.57,48.55,16.21,480.14
330,108,Tarjeta,Christine Gibson,CPF,85300420,GB80LCRT47260813435716,2024-04-29 09:55:25,Perú,Perú,9129.78,1573.39,4912.6,3502.23,7.13,17.4,44.28
331,147,Exchange,Patricia Stephens,CC,60770556,GB61HOAX37637741414983,2024-06-27 10:03:26,México,Perú,8396.94,4597.44,6278.47,1881.72,37.53,20.23,144.6
332,517,Tarjeta,Brian Fields,CC,16694234,GB93DKWK40941525739429,2024-11-04 19:47:11,México,Chile,8429.47,4149.15,5596.29,3983.14,44.46,20.53,203.42
333,314,Exchange,Tim Luna,CC,58312290,GB82EGFV00580484367568,2025-01-06 17:12:20,Colombia,Colombia,6579.31,3313.19,2916.44,4614.62,23.3,2.65,180.85
334,883,P2P,Daniel Carrillo,RUT,26098371,GB08KWCD83559305729930,2024-11-15 22:42:59,Perú,Perú,7391.75,918.17,2150.37,2010.86,28.7,22.25,388.17
335,182,Remesa,Paige Alvarez,CPF,27956029,GB96TJCE13599270475313,2024-07-08 16:24:46,Colombia,México,5621.66,807.28,9788.35,4686.51,36.23,15.27,432.05
336,354,Tarjeta,Mark Simpson,RUT,60193925,GB50VLYZ82799246415044,2024-11-21 18:07:46,México,Argentina,6812.86,2550.21,7343.12,2412.78,21.01,10.79,75.0
337,155,Tarjeta,Alisha White,CPF,94083521,GB06VYND86574245938492,2024-07-16 13:34:01,Argentina,Chile,8051.68,1287.43,2008.94,3441.53,42.06,24.44,142.68
338,28,P2P,Sydney Harris,CC,84321743,GB55OQWI12988226229844,2024-08-02 13:30:08,Chile,México,1825.2,4720.79,3358.68,1330.9,48.41,3.04,350.97
339,871,Remesa,Melissa Walter,DNI,67343802,GB56ACRL72574343370627,2024-03-17 23:39:56,Perú,Perú,8360.44,2873.25,8009.97,398.23,44.2,6.73,136.69
340,159,P2P,Deborah Wood,CC,88307367,GB23YPNV97590034306582,2024-11-30 23:53:56,Colombia,Colombia,7863.53,1361.38,2977.97,4027.66,7.11,4.94,181.88
341,372,Exchange,Joseph Cox,CC,32336686,GB48SALC85657924075069,2024-05-15 15:50:51,México,México,7771.86,267.41,1405.69,1602.91,47.7,1.39,353.27
342,162,Exchange,Christopher Wiley,CPF,28383574,GB11SHGL94677698483825,2024-09-03 12:07:57,Chile,Colombia,5761.3,632.65,6660.42,3136.21,25.0,7.67,476.82
343,972,Remesa,Mary Young,CC,76638628,GB11EYUJ87020225972282,2024-08-21 18:11:49,Chile,Chile,5306.09,3229.46,8615.24,3993.77,30.93,22.77,402.11
344,680,Tarjeta,Thomas Johnson,CPF,79309312,GB50RGAT37385412729258,2024-04-08 22:27:18,México,Argentina,9240.12,154.66,6041.55,4472.28,26.04,10.02,171.01
345,29,Exchange,Anna Zimmerman,RUT,45748720,GB47FNRZ00422655327337,2024-12-06 05:04:47,México,Colombia,8610.18,3622.49,1114.03,4161.8,11.14,13.9,329.66
346,767,Tarjeta,Jason Weaver,CC,74511292,GB98XPYY31304599082431,2024-08-13 22:32:33,Perú,México,4592.65,4943.83,2764.94,1298.49,22.0,19.92,188.22
347,748,Tarjeta,Lauren Wilson,CC,32747228,GB97NBVF84993023814137,2024-04-18 12:21:11,México,Perú,8144.3,2314.84,7074.23,2784.56,42.56,9.47,271.96
348,121,Exchange,Mr. Thomas Larson,RUT,86921208,GB92JMAG69969895192187,2024-03-05 20:12:51,Colombia,Chile,9765.7,2590.52,4232.91,4280.01,39.5,1.31,380.17
349,878,Exchange,Dr. Joseph Gilmore,CPF,59067250,GB14WXKN17211607901358,2024-10-05 05:05:49,Colombia,Perú,5993.01,2079.94,7510.04,2844.74,17.98,12.09,173.72
350,89,Remesa,Donna Jones,CPF,97980071,GB08TXQJ16211359956480,2024-10-25 21:45:26,Perú,México,9311.87,1357.36,5523.56,1216.76,35.4,2.59,312.84
351,936,Remesa,Andrew Mcgee,RUT,68662310,GB53EWLV58663675632738,2024-06-04 05:16:31,México,Perú,3144.46,2114.02,377.74,4104.13,17.65,13.13,108.93
352,733,Remesa,Ian Wiley,RUT,75800304,GB18OILK13806359259662,2024-10-02 15:47:14,México,Chile,1692.58,2933.09,6060.76,4482.45,36.53,24.59,243.86
353,197,P2P,Shelley Morris,CPF,90372030,GB98MHRQ88270510122082,2024-11-18 11:39:22,Colombia,Chile,3513.4,4122.86,4355.4,2403.21,20.44,7.64,221.33
354,443,Tarjeta,Trevor Gross,CC,60368205,GB78AYZM04987715888104,2024-01-25 11:33:06,Perú,Chile,873.84,1734.02,5186.94,68.13,13.63,21.4,304.73
355,160,Remesa,Blake Jones,RUT,27762489,GB81EESV75378535167133,2025-01-16 00:59:24,Colombia,Chile,2672.16,3323.31,636.35,3910.61,9.01,20.59,170.93
356,173,Remesa,Jordan Turner,CC,85877633,GB83OAMQ29026149291863,2024-06-19 23:27:00,Argentina,Argentina,585.52,4032.72,493.95,3437.23,36.72,4.09,107.28
357,608,Remesa,Mrs. Catherine Elliott,CC,41078722,GB98JSSJ91717496059907,2024-08-17 15:10:20,México,Argentina,116.51,4496.96,4725.24,3077.21,17.73,8.08,17.81
358,294,P2P,Samuel Bryant,RUT,90184223,GB79VMFL11585908962302,2024-01-30 10:49:35,México,Colombia,7252.45,2711.68,3674.13,2015.74,37.84,5.47,345.18
359,894,Exchange,Dennis Hopkins,DNI,50545661,GB81AOXI36919786534700,2024-05-30 23:19:50,Perú,Perú,4557.4,3287.31,3791.82,2855.76,2.37,2.19,81.05
360,955,Exchange,Joseph Adams,CC,95629432,GB05ATUB18117026249442,2024-08-24 23:41:15,Chile,Chile,1385.4,1474.4,1982.08,61.04,19.36,5.26,201.6
361,394,Exchange,Regina Mendoza,CC,46936955,GB27MFXV61584408358053,2024-02-13 06:53:18,México,Perú,6972.26,2928.82,9995.15,3979.27,40.06,4.88,144.59
362,47,Exchange,Jeanne Hunter,DNI,23433601,GB89NGMN84844127567229,2024-03-12 07:34:02,Argentina,Perú,6711.92,1191.45,3162.9,1568.41,27.65,24.1,236.14
363,881,P2P,Dylan Henderson,RUT,61977812,GB05DDEZ13369013817901,2024-02-07 06:38:53,Perú,México,9466.14,2398.94,2078.36,3489.13,22.75,12.43,171.95
364,625,Exchange,Anthony Ellis,CPF,86929079,GB15AYWA39265656825308,2024-09-13 12:10:11,Colombia,Argentina,9906.28,3735.4,6710.49,4591.16,35.56,23.97,410.93
365,718,Remesa,Leslie Clayton,DNI,50854816,GB54YMIU82009943549286,2024-07-23 14:40:32,Chile,Perú,2607.58,613.56,7446.99,3027.28,39.3,17.62,118.42
366,648,Tarjeta,Dana Singh,RUT,56601718,GB86FCFU53323170772920,2024-11-14 05:25:06,Perú,Argentina,2879.33,4401.84,5347.58,2011.29,38.27,1.77,281.36
367,899,Exchange,Linda Richard,CC,28344440,GB70HZEN98466601902370,2024-10-20 02:36:09,Perú,México,179.96,3913.62,7913.83,3246.06,22.56,2.52,145.14
368,255,Tarjeta,Suzanne Jensen,RUT,59694714,GB92ZBWX97016496042552,2024-07-28 08:12:48,Perú,Perú,3650.97,3458.42,3288.43,2237.11,14.21,19.31,287.54
369,764,Remesa,Cynthia Carpenter,CC,98838581,GB72HNYM65720760630879,2024-10-18 12:41:07,México,México,9088.58,3123.22,4193.15,2154.01,4.07,5.51,350.36
370,656,Tarjeta,Justin French,RUT,98434830,GB94LGYB97867367492626,2024-08-26 18:08:41,Colombia,Colombia,9894.07,1929.34,5476.82,3562.58,20.42,6.23,153.91
371,464,P2P,James Collier,CPF,83713682,GB03GQFD28690572413287,2024-07-03 08:35:13,Argentina,Argentina,740.37,4898.3,7412.95,4013.3,11.16,1.17,269.53
372,724,P2P,Sherri Thomas,CC,15315497,GB15NZZJ76032496189337,2024-09-27 23:19:32,México,Perú,9593.34,561.65,9273.56,247.26,11.12,10.26,206.87
373,201,Tarjeta,Dawn Hale,CC,26888789,GB32UVTP10279307390016,2024-02-03 17:20:47,Colombia,Chile,9101.97,2020.78,354.71,1028.92,48.39,23.18,321.62
374,939,Exchange,Jack Reyes,RUT,88595689,GB90MEQO83413380589002,2025-01-20 15:18:49,Colombia,Argentina,291.49,3415.75,3999.02,3584.84,41.48,0.88,426.27
375,736,P2P,Kimberly Dickerson,RUT,89647471,GB14UFXE82913832756870,2024-07-26 20:02:55,Colombia,México,5856.4,2934.51,8713.46,4153.23,34.77,13.85,369.01
376,299,P2P,Kyle Smith,CPF,10483770,GB76DANT46361657919328,2024-07-15 08:09:59,Colombia,Colombia,6423.33,2346.99,2570.95,1377.03,10.53,14.65,421.2
377,14,P2P,Amy Delgado,CPF,74648218,GB03GWVE17852657449851,2024-03-24 10:22:17,México,Colombia,6898.71,533.05,8663.48,4912.34,11.68,15.67,226.23
378,130,Tarjeta,Nicole Wyatt,CPF,35468398,GB24WSPM74156910471516,2024-06-08 03:50:46,Colombia,Argentina,7548.34,4794.24,5553.31,897.17,3.34,7.55,329.55
379,755,Tarjeta,Rebecca Lowe,CC,40345235,GB70IKTW69362158762323,2024-06-03 15:20:09,Colombia,Perú,6328.22,3312.9,6688.6,1474.16,42.22,12.71,251.78
380,32,Tarjeta,Jordan Martinez,CC,60314785,GB66YYRD63567356694873,2024-07-10 01:08:31,México,Perú,5162.3,3731.16,7836.15,1455.97,48.24,19.98,27.53
381,140,Remesa,James Lynch,DNI,31861398,GB45QZJZ59567823750955,2024-03-23 10:34:26,México,Colombia,317.35,2394.67,2597.18,2095.66,17.55,2.61,49.83
382,244,P2P,Charles Soto,CC,42326798,GB28LGRL92629717335082,2024-07-13 13:14:00,Argentina,Chile,9787.34,1140.01,9177.99,1528.07,7.07,7.39,319.71
383,505,Remesa,Nathan Wilson,RUT,41322345,GB16DRZF63957522205158,2024-08-09 04:01:50,Perú,Chile,7178.06,1978.45,7332.7,1552.01,8.31,15.79,431.41
384,497,P2P,Lori Valencia,DNI,79865031,GB74WERO89698342788666,2024-09-11 08:01:27,Chile,Colombia,9367.03,100.83,986.89,4255.42,44.55,8.23,96.66
385,296,Tarjeta,Jeffrey Steele,DNI,31340011,GB52KXHQ87559454164137,2024-07-13 07:19:06,Argentina,Chile,8722.72,3008.02,8073.02,2317.99,9.09,7.17,397.74
386,55,Remesa,David Torres Jr.,CPF,92137495,GB26AFYO33212406848561,2024-10-10 15:40:11,Perú,Colombia,5851.79,3301.86,4641.83,1835.39,20.71,13.59,26.34
387,210,P2P,William Acosta,RUT,56559521,GB03SZVQ69205230102542,2024-08-31 11:52:30,México,México,1455.37,1312.04,8555.14,4974.94,10.99,11.23,425.6
388,413,Exchange,Margaret Price,DNI,31014498,GB79MFPB79749111218465,2024-05-29 22:31:03,Argentina,Chile,1508.89,4577.14,6278.21,3729.84,1.82,4.04,496.96
389,371,Remesa,Mary Garcia,CPF,80099892,GB50NAZT65504996793456,2024-08-09 06:15:11,México,Perú,9050.39,138.99,2072.03,522.83,24.66,4.41,176.04
390,858,Remesa,Randall Palmer,DNI,10590998,GB13DOIV46572780610844,2024-05-01 18:09:29,Chile,México,9604.9,2652.0,9268.73,1216.04,30.96,22.65,265.21
391,688,Remesa,Thomas Jackson,RUT,48422590,GB34RQEF75841195273054,2024-01-26 18:00:26,Perú,Colombia,183.97,2591.22,5356.7,708.96,15.6,19.17,85.94
392,133,P2P,Christine Harmon,CC,98524139,GB40ZZRO65576772866870,2024-10-29 12:32:41,Argentina,Chile,1118.41,3582.21,2157.04,3666.4,8.97,4.96,248.84
393,906,Tarjeta,Janice Le,DNI,30700480,GB11XPWT79157587071497,2024-12-19 01:29:28,Chile,Perú,8963.78,1105.95,1246.47,3640.53,20.58,7.95,384.22
394,551,Exchange,Marc Thompson,CC,81026726,GB29UMDI46574380135448,2024-07-11 16:20:39,Perú,México,4956.62,1986.87,9003.17,4542.88,7.48,14.65,405.89
395,275,Tarjeta,Ryan Compton,CC,52905016,GB68LHAT72515154303376,2024-05-09 17:57:05,Colombia,México,9287.26,4315.34,6261.51,1032.44,13.08,22.76,29.86
396,478,Tarjeta,Courtney Miller,RUT,88362077,GB64LSAJ67576951246870,2024-09-02 14:21:16,Perú,Chile,3681.52,76.45,422.12,4448.81,8.52,3.07,138.48
397,349,Exchange,Kevin Guerrero,CC,50001424,GB47QBIJ81786575084658,2024-02-19 09:06:51,México,Chile,786.25,1053.24,2226.8,3665.73,31.39,20.49,272.37
398,120,Tarjeta,Daniel Butler,RUT,62914603,GB80WPWL42749364915490,2024-03-15 11:28:31,Perú,Argentina,5760.44,555.38,1260.97,3450.02,24.7,24.63,132.1
399,97,Tarjeta,John Lopez,CC,86939749,GB17DZNY30423056980155,2025-01-20 20:21:18,Chile,México,6354.66,1011.32,9703.35,2968.9,7.59,0.72,405.37
400,145,Tarjeta,William Olson,RUT,53275721,GB38WNRG74145025463580,2024-02-06 01:36:39,Perú,Colombia,8528.78,3995.04,1026.92,2356.84,6.6,3.12,375.31
401,896,Tarjeta,Brenda Reid DDS,CPF,22021228,GB17VGNB74550939649237,2024-11-22 10:57:26,Colombia,México,8769.54,2175.6,3292.83,2926.94,40.48,12.74,368.62
402,247,P2P,Robert Smith,RUT,22567227,GB21GBUB32782512135413,2024-10-24 17:12:45,Colombia,Perú,1880.25,4516.33,9178.52,1644.49,36.75,11.92,25.76
403,971,P2P,Anthony Adams,CC,46721605,GB78AQTC80182289278964,2024-01-25 12:13:07,México,Chile,1082.14,149.62,2338.69,3536.21,38.33,18.09,498.9
404,359,Remesa,Richard Taylor,DNI,37447735,GB41KWPF13273360504162,2024-04-30 09:57:36,Perú,Perú,2875.32,1135.07,4450.51,3286.79,29.86,22.19,473.75
405,23,P2P,Brooke Vaughn,RUT,86098441,GB38HKXX86770359804214,2024-05-19 19:07:13,Perú,Chile,6522.96,2900.25,6922.59,81.62,47.96,8.81,171.45
406,427,Remesa,Cody Hall,DNI,88274701,GB90QKKM20144930425371,2024-03-19 13:08:22,México,México,7449.72,4147.39,1440.41,4713.53,7.58,9.28,104.36
407,806,Tarjeta,Amanda Stewart,RUT,31454483,GB63BTVY60578785150480,2024-10-27 04:51:46,Colombia,Chile,8884.16,1813.21,8736.9,4491.4,46.33,10.07,495.1
408,411,Remesa,Brandon Bradshaw,RUT,68184143,GB68FDZF88206180767102,2024-12-04 05:29:56,Argentina,Colombia,2305.06,1537.06,5962.31,2373.08,21.99,7.33,91.49
409,266,P2P,Michelle Porter,CC,33855146,GB79YSQV06719776582653,2024-07-15 13:42:09,México,México,785.82,159.5,9840.63,4739.21,40.36,16.45,126.04
410,683,Remesa,Glenn Rodriguez,CC,16118207,GB51BMMY97051635916179,2024-03-19 12:32:19,Perú,Argentina,2752.1,398.39,5116.03,2418.93,6.42,16.24,154.67
411,697,Exchange,Paul Williams,CC,37102026,GB73MJIX32452248181517,2024-11-06 14:23:26,Chile,México,5856.32,1819.05,878.43,751.73,10.74,16.55,137.21
412,205,Exchange,Devin Miller,RUT,55753597,GB63DFHP23244773411477,2024-11-20 04:11:11,Argentina,Perú,8637.77,4685.56,9338.71,3777.23,35.55,0.36,402.11
413,439,Exchange,Wendy Barrett,CPF,51604658,GB64NGWN04712823715253,2024-06-13 15:02:47,Chile,Perú,529.44,2700.44,9215.06,1997.22,25.03,16.56,15.66
414,653,Remesa,Jessica Diaz,CC,40610858,GB22BBYH85927832108207,2024-12-27 08:42:14,Perú,México,2742.05,967.67,6360.5,3608.08,39.6,0.98,438.45
415,554,Tarjeta,Christy Daniels,CPF,79123222,GB76JGBD29599492031648,2024-05-06 09:52:51,Colombia,Colombia,6201.04,2338.26,9756.36,4100.16,14.49,21.41,157.61
416,615,Tarjeta,Michael Lee,CC,12629798,GB97EELH37734504028674,2025-01-07 06:13:02,Argentina,Argentina,1787.2,4996.94,8203.59,1185.19,2.55,23.78,386.85
417,142,Exchange,Melanie Hanson,RUT,80956288,GB55BDBN47670258883228,2024-07-19 10:27:04,Colombia,Colombia,7775.48,2922.57,1361.95,3498.39,30.64,11.23,346.44
418,292,Exchange,Samuel Robertson Jr.,DNI,68154425,GB48OZND25716499192031,2024-04-17 21:55:16,Colombia,Perú,6113.45,4486.92,5479.5,1954.84,4.08,10.29,248.08
419,189,P2P,Crystal Huang,DNI,40190787,GB91THKG81433027213639,2024-10-25 07:49:19,México,Colombia,429.34,4136.0,6755.18,2446.01,36.6,16.76,187.05
420,172,Remesa,Brenda Cross,DNI,56629186,GB94GXFV70413197571269,2024-09-12 11:10:00,Argentina,México,6759.4,2207.72,1912.86,2096.39,12.87,6.9,471.41
421,758,Tarjeta,Cindy Jones,CC,79639045,GB77BTTY84505857870594,2024-09-18 11:36:11,Perú,Argentina,7622.92,4436.69,560.97,917.03,10.38,12.25,433.35
422,611,Tarjeta,Debbie Rivera,RUT,59902104,GB31IHIO04386857859994,2024-08-24 22:29:41,México,México,2166.08,654.64,6805.46,2108.03,42.62,10.62,470.11
423,336,P2P,Jessica Thomas,CC,41766776,GB95ZOXE00821435186701,2024-08-16 11:00:02,Colombia,Chile,4828.06,2677.5,670.96,3111.31,24.41,20.49,451.87
424,281,P2P,Kelly Garcia,CPF,92422284,GB81QDKR51444104652074,2024-03-05 05:06:22,Colombia,Colombia,5329.73,1917.96,7817.34,2965.28,38.12,4.47,114.65
425,520,Remesa,Ashley Baker,DNI,34729676,GB03STXI79910618398715,2024-02-22 05:01:52,Chile,Colombia,5061.54,354.12,2712.15,1031.29,37.51,11.06,171.06
426,348,Tarjeta,Kevin Patterson,RUT,62258547,GB50YRUH04301900566495,2024-01-23 07:04:00,Colombia,Argentina,7051.21,855.37,684.37,4637.45,39.28,16.8,282.47
427,787,P2P,Joshua Bradshaw,DNI,67257829,GB47IKXF43251635551691,2024-04-09 13:34:06,México,Argentina,4558.23,894.35,3578.34,1502.11,44.89,4.13,214.82
428,605,Exchange,Jennifer Sims,RUT,10370758,GB14MAIL58225793462160,2024-08-28 13:50:58,Argentina,Chile,5739.02,899.78,7958.28,83.01,17.99,14.0,479.3
429,895,P2P,Robert Lee,CC,45415662,GB37PVAC29186481888155,2024-12-29 19:38:40,Colombia,Argentina,2962.66,3372.6,9406.43,3772.03,47.99,18.46,210.75
430,142,Tarjeta,Alan Fisher,CC,21297899,GB94RNJG75473606423061,2024-02-14 14:33:47,Colombia,México,760.02,2412.04,4934.66,1470.19,2.25,24.06,335.24
431,475,Tarjeta,Melissa Ayers,CPF,82461848,GB73XIHS31534355046978,2024-11-30 12:15:40,Perú,Chile,1701.15,1490.64,9203.63,4437.18,12.31,14.78,128.57
432,415,Tarjeta,Zachary Morgan,RUT,76367615,GB60ETCI26833358330918,2025-01-17 14:26:16,México,Chile,8343.27,1265.8,9524.02,3672.48,4.42,13.02,33.0
433,596,Remesa,Monica Bennett,CC,79776715,GB10XMFL87832738696800,2024-06-17 14:14:11,Perú,Chile,1426.86,1208.31,1543.46,4821.27,7.51,4.6,131.52
434,408,Tarjeta,Matthew Mooney,RUT,30204212,GB02IYOG11064658087774,2024-10-15 09:50:24,Colombia,México,6030.55,2908.3,650.06,2660.46,9.81,8.21,349.17
435,902,Exchange,Megan Mercado,CC,71346245,GB41XJKC09947437309130,2024-07-24 03:57:38,Colombia,Chile,6265.33,2874.33,9438.13,2277.01,48.0,6.6,176.93
436,255,Tarjeta,Michael Mathis,CC,94807274,GB52UODY04749040934156,2024-10-16 00:11:44,Perú,Argentina,3885.19,111.94,9562.04,1003.75,20.12,2.92,433.89
437,305,Exchange,Justin Lawson,DNI,25341098,GB48VUAZ16877180348066,2024-03-28 08:30:24,Perú,Argentina,316.54,3504.61,5245.57,4977.0,7.83,14.86,472.27
438,921,Remesa,Stefanie Richards,CPF,44724247,GB09IWDR16774134437456,2025-01-13 03:07:07,Argentina,Chile,9411.81,4548.14,3713.99,4220.66,23.2,9.76,367.24
439,689,Exchange,Joanne Ramsey,DNI,69790380,GB45FNNO81254922377559,2025-01-16 09:39:53,Chile,Colombia,9567.78,4542.11,3823.98,858.98,41.35,18.78,342.36
440,73,Exchange,Karina Sandoval,CC,51589381,GB70RDAL77467791820880,2024-07-14 10:25:16,Perú,Argentina,8702.95,3998.16,5017.11,3266.65,37.75,4.64,154.7
441,919,Exchange,Debra Patton,CPF,31875575,GB98OLSC61112348745814,2024-11-24 17:34:42,Argentina,Colombia,2611.48,4437.31,4147.56,237.76,9.55,15.48,346.36
442,296,Exchange,Jeffrey Rodriguez,RUT,44731707,GB93LMVM49782632662023,2024-06-14 01:58:51,Chile,México,3070.96,1846.73,3941.09,1872.84,1.85,5.53,29.16
443,680,P2P,Sharon Johnson,CC,68549614,GB18TRMK84438161814584,2024-12-13 02:11:21,México,Colombia,5101.65,186.85,2297.54,1241.62,35.26,22.93,163.76
444,437,Exchange,Michael Benjamin,CC,60495886,GB27JNKX26714588176615,2024-02-19 06:46:08,Argentina,Chile,2803.7,1120.22,2735.19,3459.86,31.45,23.05,18.9
445,535,Exchange,Penny Stout,CPF,96233218,GB11DSVS74513667045890,2024-11-12 13:12:05,Chile,México,8448.48,4786.89,7756.96,1293.69,37.78,3.34,153.21
446,987,Remesa,Kelly Rosario,RUT,62058288,GB21AGEC32429414225489,2024-10-10 21:12:55,Perú,Perú,180.12,4876.37,9718.72,3476.99,24.62,8.18,85.65
447,958,Tarjeta,Spencer Rogers,CPF,57087590,GB45NUUP38211355510895,2024-03-17 00:19:59,Perú,Colombia,891.12,2143.15,8168.92,1458.09,28.64,5.0,421.43
448,763,Remesa,Stacey Esparza,RUT,59151933,GB62CGSQ38703468674126,2024-04-13 06:48:30,Perú,Perú,8282.6,4712.04,8725.09,362.21,9.76,18.88,396.13
449,149,Remesa,Jared Prince,DNI,11020662,GB36XQUG70984016179703,2024-07-23 14:54:06,Colombia,Chile,6938.0,2369.02,6981.84,2305.58,33.93,12.77,329.42
450,65,Remesa,Alexis Logan,CPF,72493809,GB80OBYC29998014297634,2024-09-22 13:19:26,Perú,México,5664.93,2467.65,9286.0,4499.22,24.46,19.01,430.37
451,147,Tarjeta,Kevin Miller,CC,25247148,GB09GFVZ84811588271473,2024-11-20 09:47:44,Argentina,Perú,642.78,449.84,5868.1,2884.15,17.51,2.32,490.51
452,120,Remesa,Laura Sawyer,RUT,70482480,GB31FBFP04855920643316,2024-03-10 05:58:54,Argentina,Argentina,1773.63,3480.29,7345.85,210.98,2.01,12.51,61.94
453,551,Remesa,Alexander Jacobs,CPF,23551008,GB78BSMX37145716889937,2024-05-23 08:37:01,México,Perú,4367.45,200.22,1530.65,3601.99,33.88,10.21,294.71
454,255,P2P,Stephanie Campos,DNI,67623561,GB69BLGE50433003495838,2024-04-08 18:15:04,México,Argentina,9706.83,2491.03,136.22,1376.31,39.32,3.36,444.83
455,543,Exchange,Hunter Sanchez,CC,42739692,GB47YLIX36033407183700,2025-01-08 03:34:50,Colombia,México,1732.95,879.71,9572.96,2198.15,25.7,10.4,322.46
456,304,Remesa,Joy Thompson,CPF,95410582,GB09UXIE83362623421812,2024-03-22 15:08:24,Colombia,Colombia,4381.93,2145.48,9512.19,4717.28,47.99,2.51,191.74
457,894,Remesa,Megan Walsh MD,DNI,35636453,GB93WRJR94349988760726,2024-04-14 04:02:29,México,Chile,2142.46,1008.55,6945.63,313.47,18.37,4.85,430.64
458,617,Tarjeta,Frank Tran,RUT,12304265,GB77OCSY40617762591556,2024-03-21 21:10:35,Argentina,México,6713.97,3441.67,2842.91,1591.18,33.25,8.87,155.19
459,36,Tarjeta,Katie Austin,DNI,85591387,GB45BYKZ23536741074847,2024-08-04 17:26:25,Colombia,Perú,2777.57,2363.8,9663.19,3541.6,42.56,13.94,189.42
460,454,Tarjeta,Jeremiah Mcdaniel,DNI,61649891,GB39YGXP41011397835518,2024-09-07 04:06:05,Argentina,Perú,9067.02,709.68,5089.31,1274.28,24.79,6.94,183.63
461,850,P2P,Kerry Walton,DNI,95199298,GB20RYBA02296328991586,2024-02-29 01:46:21,México,Perú,5548.53,3824.46,6702.88,526.65,44.94,4.96,333.78
462,327,Exchange,Alison Gibson,CPF,68656839,GB83BGSR85341614844102,2024-02-25 05:12:00,Argentina,Argentina,2163.59,3381.61,8154.08,2249.06,10.13,0.94,144.97
463,226,Tarjeta,Latasha Molina,DNI,93333251,GB50QZQS39881080103721,2024-11-06 13:57:29,Chile,Perú,9554.68,4985.82,1462.87,3941.56,0.47,21.62,377.21
464,125,Exchange,Kendra Fletcher,CPF,47488624,GB67LPDB37898763422399,2024-12-08 07:27:33,Chile,Perú,1813.27,1772.96,7248.87,2508.53,3.27,12.22,148.06
465,95,Remesa,Dennis Alexander,RUT,77782903,GB53NQWR20182608995103,2024-10-23 21:05:10,Argentina,Argentina,3942.81,737.39,1522.28,3615.17,32.91,11.98,11.26
466,567,Exchange,David Gallagher,CC,78346299,GB64PZKN30234171482197,2024-10-20 09:57:19,México,México,5360.07,3003.1,7929.73,2825.53,6.66,10.63,456.36
467,269,P2P,Amanda Graves,CC,89723928,GB71AOCQ62512336519609,2024-05-16 02:31:16,Colombia,Argentina,5069.88,3335.01,1571.65,1388.42,41.11,13.58,432.3
468,561,P2P,Mark Sexton,DNI,27720188,GB21ZPJJ07595521631999,2024-11-10 08:04:54,Colombia,Perú,180.46,4335.41,9501.53,4657.38,24.72,9.88,150.55
469,721,P2P,Daniel Romero,RUT,63536221,GB21WYDF97624680436370,2024-06-17 18:47:34,Chile,Chile,1469.5,4304.81,956.71,3674.14,12.08,10.74,442.76
470,560,Remesa,Juan Webster,RUT,57040709,GB83QDHJ61939954482097,2024-04-19 02:24:22,Colombia,Perú,4896.01,1171.12,8795.67,2204.0,33.45,4.36,466.61
471,557,P2P,Donna Taylor,CPF,56950203,GB93OGAX52457945946806,2024-03-18 19:04:19,Argentina,Argentina,9363.22,2917.18,9165.48,3732.39,45.08,9.44,406.22
472,699,P2P,Veronica Hawkins,CC,17326491,GB76ETVI48048487225168,2024-03-28 17:53:30,México,Chile,5425.05,3844.7,4465.85,3535.03,46.01,23.07,180.64
473,709,P2P,Nicole King,RUT,69708601,GB26LZFE87849706074439,2024-02-19 14:25:16,Colombia,Perú,9804.35,4697.48,4256.34,4146.61,38.65,10.76,137.7
474,613,Tarjeta,Christopher Fitzgerald,RUT,97971276,GB70AXAJ42844499009253,2024-03-31 01:41:05,Argentina,Perú,1802.26,4778.3,7903.88,4834.58,29.8,16.37,179.23
475,385,Exchange,Heidi Davis,DNI,73299668,GB05FJAJ61325990692676,2024-10-16 21:50:47,Colombia,Chile,7434.74,1420.34,1783.85,2566.51,14.46,21.91,31.51
476,539,Tarjeta,Kathleen Holmes,DNI,82182675,GB38HTZS15677833050374,2024-09-14 12:55:08,Perú,Colombia,2362.32,2708.8,7695.95,1937.37,37.11,16.42,163.36
477,620,Tarjeta,Natalie Wilson,CPF,81273117,GB32ZQZI71539300359964,2024-02-25 05:58:55,Argentina,Chile,1997.1,2978.7,3725.65,4907.32,30.06,5.84,314.34
478,128,Tarjeta,Jacob Fischer,CC,46594669,GB22SFVO99741517700517,2024-06-21 06:38:06,México,Argentina,8623.46,2340.69,2726.9,4692.56,25.4,15.29,320.57
479,208,Remesa,Patricia Martinez,CPF,67470700,GB43YGVA27884171470590,2024-05-29 00:08:26,Argentina,Perú,9048.35,2336.66,6121.87,846.76,45.34,10.21,276.41
480,100,P2P,Christian Martin,CPF,23330111,GB05ZLPA42185153961200,2024-05-13 12:44:45,Chile,Chile,8080.68,4232.61,6550.24,336.91,49.25,19.16,18.6
481,813,Remesa,Christopher Matthews,RUT,56622779,GB96BGMO70037969293097,2024-01-29 08:02:20,Chile,Argentina,384.62,1540.37,4582.64,4665.79,45.66,22.01,266.45
482,161,Remesa,Matthew Ball,CPF,57285450,GB20QSHM38229666246016,2024-09-07 07:46:26,Colombia,México,4879.03,4886.65,2531.71,939.56,12.51,24.48,57.25
483,291,Exchange,Patrick Mahoney,DNI,76712904,GB54WTMM03760817706664,2024-02-26 09:57:49,Argentina,Colombia,4967.92,215.62,4108.44,3473.57,10.18,6.78,303.94
484,114,Remesa,Amanda Sims,CC,32079209,GB10XBFE33720607199236,2024-04-05 23:08:59,Colombia,Chile,3481.48,4828.24,6142.29,997.56,10.52,8.31,271.31
485,351,Exchange,James Dawson,CPF,86308333,GB70NZYH78171808979589,2024-04-02 01:37:45,Perú,Chile,7037.46,406.66,4636.43,3318.65,8.53,20.81,47.61
486,608,Tarjeta,Victoria West,CC,40717582,GB46ZOHU54195093613633,2024-12-19 18:59:29,Chile,Argentina,5431.18,1304.39,7403.88,1957.23,48.91,21.29,262.53
487,618,Remesa,Sean Hoffman,DNI,15031165,GB61DGAD33287028124612,2024-09-25 12:44:12,Argentina,Argentina,7150.27,3448.66,8251.61,4226.98,38.6,7.88,383.52
488,9,Tarjeta,Alicia Roberson,CPF,27913523,GB47IIZJ27114582118624,2025-01-14 00:25:10,México,Colombia,2630.39,2664.0,264.15,3132.62,32.94,19.19,379.38
489,386,Tarjeta,Autumn Flores,DNI,74740785,GB61TOKF22777016328059,2024-10-15 17:47:59,Argentina,Argentina,3321.02,2643.78,7238.05,2111.61,46.37,0.25,76.4
490,481,P2P,Robert Payne,CPF,87675009,GB07YACL99952470758015,2024-03-13 19:56:33,Chile,Perú,8041.39,794.18,6925.17,338.91,40.94,10.13,410.37
491,864,Remesa,Rebecca Sanders,RUT,79302829,GB24FLBB00014102529910,2024-11-25 10:10:51,Argentina,Argentina,3209.86,3038.11,1363.13,511.15,34.97,15.27,468.33
492,883,Exchange,Paula Jones,CC,59980310,GB85MIGX86665570710540,2024-09-27 04:11:17,México,Colombia,537.97,524.0,3675.07,3887.85,47.54,7.31,327.52
493,137,P2P,Brian Boone,DNI,50245126,GB97PWJC59075797387507,2024-08-08 07:45:50,Chile,Colombia,1938.0,3970.0,8982.06,1803.59,47.69,13.91,389.65
494,569,Exchange,Tyler Cox,CC,43190999,GB19CQJX95729769290147,2024-08-17 01:04:13,Chile,Colombia,3238.53,823.7,5442.47,759.01,10.92,14.41,246.01
495,174,Exchange,Emily Fuller,DNI,42955118,GB60RADD35836529259376,2024-10-10 08:22:18,México,Perú,1632.19,1463.4,385.32,604.78,37.21,12.15,318.11
496,101,Remesa,Jeffrey Maldonado,CC,93271508,GB06YVEJ38186887009524,2024-03-15 12:10:26,Colombia,Chile,5740.58,4989.94,5667.5,3457.49,27.14,1.34,316.45
497,460,Exchange,Sarah Fuentes,DNI,73840368,GB79NLEE97347043496728,2024-08-31 15:05:14,México,Perú,8249.78,2518.96,6000.21,4055.45,34.64,16.66,456.47
498,113,Remesa,Amanda Rodriguez,CPF,29927181,GB82YXFU57518491529975,2024-03-10 06:00:20,Argentina,Perú,6163.68,1224.71,8845.78,1862.9,9.38,22.14,173.43
499,881,P2P,Brett Salinas,DNI,21300588,GB63MSZZ32005220011778,2024-03-15 22:17:28,Argentina,Argentina,6363.69,3023.55,8023.08,2869.51,41.93,23.14,160.69
500,42,Exchange,Joel May,DNI,53876851,GB11KQTP42868046639957,2024-07-25 13:19:44,Perú,Argentina,8828.58,132.99,7592.1,3550.55,8.64,7.14,325.29
501,240,P2P,Cesar Key,DNI,60730168,GB44NYVF39507151193788,2024-08-15 08:54:01,Argentina,Perú,9571.85,2360.3,6299.7,3174.26,8.01,13.21,167.67
502,240,Remesa,Taylor Chambers,CPF,94260300,GB10OCHB60448963010042,2024-02-28 17:31:16,Chile,Colombia,7050.21,3232.16,6956.21,393.68,25.8,8.84,16.04
503,787,Exchange,Sandra Lang,CPF,19292024,GB93PTRR22469773923125,2024-01-29 02:25:16,Argentina,México,1871.52,2931.15,6333.35,874.5,2.26,23.86,58.34
504,708,P2P,Miranda Small,CC,84660888,GB18OIGF76988060950194,2025-01-12 18:31:53,Chile,Argentina,7782.04,454.04,131.69,3013.56,46.55,0.59,485.84
505,586,Remesa,Debra Coffey,RUT,14605862,GB88KJQK59093312697733,2024-12-10 09:32:58,Argentina,Chile,9903.31,2548.96,7256.13,541.5,47.18,3.86,110.9
506,314,Tarjeta,Elizabeth Garza,RUT,65746179,GB33XOFZ65947689619095,2024-05-06 11:26:44,México,Argentina,8122.32,1053.23,9497.48,4652.84,16.63,14.34,231.94
507,843,Exchange,Paul Henderson,CPF,42778541,GB59VWFH80366629908232,2024-11-01 03:07:51,México,Chile,915.09,62.39,9337.33,1643.07,8.3,20.78,236.04
508,428,Tarjeta,Marie Collins,RUT,69914590,GB44POHM53268220694516,2024-01-30 00:34:42,Colombia,Argentina,5695.64,4526.33,7021.61,3772.82,31.16,20.11,444.65
509,583,P2P,Steven Johnson,DNI,83116623,GB46LEXC57664808654699,2024-05-22 10:45:51,Colombia,Colombia,4238.82,2965.83,1281.85,1059.47,42.32,16.52,468.41
510,780,Exchange,Derek Young,CPF,10621023,GB50SIFH38568345425043,2024-06-16 23:12:28,México,Colombia,1658.72,4405.32,2834.86,4451.96,40.76,20.67,69.06
511,380,Remesa,Joseph Morris,RUT,18317974,GB58GXZL37882924608480,2024-03-27 02:06:22,Perú,Argentina,4913.84,3080.78,9623.74,3324.31,21.8,5.64,488.49
512,82,Exchange,Yolanda Ellis,CC,43583851,GB22TREV43560775332962,2025-01-04 00:25:11,México,Perú,5247.34,695.26,1232.87,2292.73,10.8,1.7,472.93
513,645,P2P,Kelly Bailey,CPF,73604121,GB20UNAO11750630936586,2024-05-07 23:39:23,Colombia,Colombia,4785.65,2238.08,4780.07,4320.09,40.83,24.56,94.58
514,14,Tarjeta,Tara Fitzgerald,CC,46494991,GB22KQFP59719413630569,2024-10-20 14:47:21,México,Chile,1894.5,931.63,5882.01,954.87,32.9,18.85,458.27
515,703,Tarjeta,Thomas Scott,RUT,86585077,GB23XLNG10970046224901,2024-07-27 14:45:54,Argentina,México,8323.7,210.44,1520.83,53.09,40.91,0.57,171.47
516,665,Tarjeta,Jesse Francis,RUT,22327186,GB27DYQU37579818566929,2024-03-13 17:45:59,Perú,Colombia,8226.56,3730.76,3971.13,4109.65,16.54,9.4,442.94
517,685,Tarjeta,Taylor Stanton,DNI,71300394,GB51LJXC07593587869036,2024-04-17 17:30:43,México,Argentina,1962.0,188.57,3231.89,4821.21,33.54,2.12,240.78
518,246,Remesa,Carl Mitchell,RUT,47427674,GB34FKMN01287553717385,2024-07-08 06:59:33,Perú,Argentina,7080.34,4094.62,4562.68,1562.85,8.98,11.01,357.17
519,263,Tarjeta,Stacy Ryan,CPF,34152765,GB96KZXT97598635022413,2024-12-16 20:12:29,Perú,Perú,1671.89,414.29,6548.88,3065.94,17.47,16.28,442.11
520,146,Exchange,Emily Mann,DNI,53151314,GB43KPVM43966910932022,2024-10-22 01:05:04,Argentina,Colombia,1711.2,1452.15,2633.96,210.0,15.54,6.5,472.97
521,672,Tarjeta,Robert Berger,CPF,50634854,GB83DJBF14345700925041,2024-04-25 13:58:48,Argentina,Perú,909.48,4409.8,8760.05,1931.58,7.53,9.01,280.46
522,122,P2P,Amy Flowers,RUT,94911768,GB11JQNG89799240468797,2024-03-03 15:47:00,México,México,2483.85,4214.64,8494.61,2137.85,39.15,11.25,97.31
523,665,Tarjeta,Ryan Allen,RUT,20503570,GB11ZOVT69189131021825,2024-11-09 03:01:43,Chile,Argentina,9099.02,1856.4,1133.83,2668.04,7.34,11.12,420.63
524,726,Tarjeta,Jessica Carr,CC,99233163,GB37PHEB60426379059011,2024-05-08 23:17:23,México,México,422.86,3919.82,9698.54,3592.17,31.73,4.32,282.79
525,169,Remesa,Brian Conner,CC,63936933,GB59THXT73035711041926,2024-08-02 08:39:04,Perú,Colombia,5573.7,1633.5,1288.79,1412.13,21.39,4.77,497.39
526,244,Exchange,Jeffery Reyes,RUT,30094998,GB43IXJN37727453877543,2024-10-07 20:43:15,Colombia,Chile,2165.69,755.76,9832.64,836.22,18.82,24.99,428.38
527,19,Tarjeta,Anthony Flynn,CC,80853367,GB83HDTT51339564053324,2024-12-20 07:44:19,Argentina,Perú,6116.25,3057.35,3409.35,4859.91,14.46,21.27,323.76
528,420,Exchange,Deborah Hansen,CPF,80720670,GB05FLUQ95089018115556,2024-04-12 06:13:38,Perú,Colombia,4721.28,1731.29,3228.8,4230.91,16.84,8.4,385.15
529,497,P2P,Allison Logan,CC,15057005,GB66HYVE31303058154260,2024-04-02 17:32:40,México,Perú,5107.88,320.78,9138.38,1198.77,32.8,19.06,148.05
530,837,Exchange,George Collins,CC,73528999,GB49FKUC57915655084337,2024-05-17 01:15:19,Argentina,Argentina,2855.1,1293.89,5220.5,4742.93,38.26,5.25,57.9
531,932,Tarjeta,Andrew Mueller,DNI,75216450,GB33XNTF46289713799772,2024-09-14 13:55:51,Chile,Chile,362.93,1149.9,8026.98,574.61,36.3,16.48,261.55
532,764,Exchange,Kristin Elliott,RUT,56280797,GB52ZCCY72231012703315,2024-01-27 08:35:16,México,Argentina,9017.07,3493.69,3443.22,458.84,1.02,6.76,124.0
533,871,Exchange,Randy Pena,RUT,97308476,GB20RYNW83649017876097,2024-04-26 11:29:39,Perú,Colombia,2505.83,1966.01,4935.13,2474.99,17.11,9.79,99.54
534,249,Remesa,Elizabeth Hubbard,DNI,11469968,GB67XMZO67501692057098,2024-08-08 07:23:54,Perú,Argentina,2345.36,1807.06,9088.04,3457.17,20.4,10.57,335.71
535,843,P2P,Jesse Roberts,RUT,46767899,GB39DEIL49036351306803,2024-11-29 21:30:11,Perú,Perú,2446.04,712.43,2230.75,2052.04,3.29,12.79,380.15
536,923,Remesa,Clayton Mckinney,CPF,77825780,GB38VVNN59415775488458,2024-12-31 11:20:49,Colombia,Chile,9208.39,4194.52,3387.4,490.33,32.58,0.75,227.67
537,293,Exchange,David Davies,CPF,26322602,GB25HFLE36291631470244,2024-11-15 16:38:25,Colombia,Colombia,5880.49,590.04,728.87,1897.7,10.72,18.4,350.5
538,354,Exchange,Sandra Miller,RUT,44810247,GB43ANZD25157632928234,2024-08-15 07:55:40,México,México,5794.58,3969.76,7974.35,3304.83,38.98,7.07,114.09
539,43,Tarjeta,Amanda Green,DNI,50613593,GB04SZKR49242899791477,2024-12-22 22:13:00,Argentina,Argentina,2402.28,1090.92,4895.1,1917.91,18.36,11.72,333.88
540,531,Remesa,Paul Porter,CPF,71362730,GB96UETD53033841020223,2024-04-01 04:40:38,Perú,Perú,7433.82,3409.42,7531.94,3596.57,36.65,24.35,67.77
541,850,Remesa,Donna Robles,CPF,89490993,GB63XMMP26274041516045,2024-10-19 06:09:27,Perú,Chile,3283.29,205.73,4140.31,1346.52,2.84,20.53,382.32
542,70,Tarjeta,Stephen Doyle,RUT,15984364,GB96FSLX14665774710073,2024-02-04 14:39:02,Perú,México,2103.29,1094.07,100.55,1810.47,44.69,14.6,306.23
543,137,P2P,Michael Dodson,DNI,48772940,GB60JQZD44049373308838,2024-09-13 07:02:00,Argentina,Argentina,5973.45,4862.89,923.57,1311.59,5.51,22.79,159.29
544,560,Tarjeta,Jennifer Bates,RUT,96494730,GB45HHVQ32714759042054,2024-11-27 13:24:33,Colombia,Perú,6075.34,3126.88,6692.38,262.86,7.12,2.31,66.63
545,752,Tarjeta,Thomas Miller,DNI,68211553,GB14RZXM97933002683133,2024-08-23 08:31:23,Perú,Argentina,7399.83,3588.74,653.2,4728.02,30.09,9.37,200.97
546,99,Exchange,Bonnie Garcia,CC,98561557,GB55QBYP44616601498599,2025-01-01 05:36:37,Colombia,Chile,7951.03,621.27,2045.62,4494.89,35.91,17.66,477.39
547,95,Remesa,Patricia Rios,DNI,87957091,GB11AAAR59175900302076,2024-04-04 01:46:28,México,Argentina,2318.71,3307.85,6419.78,3121.89,5.18,24.76,118.44
548,452,Exchange,Trevor Erickson,RUT,14936895,GB43VGTL69301895742549,2024-06-04 17:57:35,Chile,Perú,938.28,514.21,6889.69,835.68,46.12,12.5,394.85
549,417,P2P,Anthony Caldwell,CC,97774897,GB06RILS74574772870715,2024-07-20 22:30:46,Perú,Colombia,7019.14,2642.08,3169.87,3980.42,49.8,14.45,357.8
550,765,Remesa,Robin Fleming,DNI,70402734,GB16OJGH41011057294832,2024-12-26 07:44:34,México,Argentina,4164.5,4890.32,644.89,222.02,11.03,8.35,144.28
551,533,Tarjeta,Matthew Roman,DNI,82504736,GB33MIQK79850449349778,2024-08-29 00:29:25,Perú,Colombia,3027.27,400.01,5388.57,4373.04,13.77,19.02,396.68
552,379,Exchange,Charles Finley,CC,79813766,GB41LFLP01069269661395,2024-07-15 13:18:24,Colombia,Argentina,4546.15,4947.62,4319.0,728.1,8.43,12.24,333.58
553,195,Remesa,Eric Reid,CC,43087146,GB98WWHW62075962685629,2024-08-06 11:45:22,Chile,Argentina,4038.64,3990.72,751.58,4142.32,26.31,9.05,241.65
554,21,Tarjeta,Mary Moore,CC,72326610,GB55QTEY63142412360598,2024-12-04 20:19:01,Argentina,México,1845.29,3745.68,3177.42,2075.39,19.0,17.66,274.55
555,991,Remesa,Thomas Carney,CC,57594924,GB32ZTJA52862514146938,2024-10-29 00:11:24,Colombia,Argentina,4470.03,1347.74,9131.74,1659.85,45.28,16.02,229.91
556,339,Exchange,Richard Rojas,RUT,76153590,GB80UMXH34502806641414,2025-01-16 16:04:06,Chile,Perú,7394.48,2109.4,5734.92,113.43,21.19,0.72,287.15
557,248,Remesa,Mark Tapia,CPF,32155998,GB23NOHF56906970628584,2024-07-06 21:08:59,México,Colombia,8532.45,3811.92,1655.76,893.92,36.7,4.7,243.94
558,162,Exchange,Daniel Wong,CPF,80914230,GB58BYRC05433236064141,2025-01-19 01:14:21,México,Colombia,2273.75,2444.23,572.2,4036.54,27.0,0.91,176.54
559,193,Exchange,Joy Martin,CC,94414256,GB34RLPD65955293668384,2024-02-22 17:33:00,Chile,México,3518.04,4835.34,9663.93,3924.27,40.41,14.58,438.05
560,844,P2P,Amy Smith,RUT,28838555,GB79ZBCG01291221541532,2024-06-23 08:39:07,México,Argentina,9624.79,1608.66,3556.41,3400.58,34.42,11.36,222.2
561,698,Remesa,Corey White,RUT,95393734,GB18SSAE73985590085562,2024-03-27 13:54:50,Argentina,Colombia,2039.41,417.23,6823.78,874.76,36.45,6.58,437.61
562,820,Exchange,Timothy Davis,CC,34822467,GB73ECTP16040702789132,2024-11-15 00:04:54,Chile,México,9127.63,4241.24,6354.58,2392.8,36.22,20.15,58.1
563,120,Remesa,Nicole Montoya,DNI,58276261,GB44IACL01205845711760,2024-12-29 22:18:27,Perú,Argentina,2743.19,4799.36,1711.61,1792.34,11.65,15.46,481.92
564,424,Exchange,Kimberly Pierce,CC,46666890,GB89KBGU38739895790387,2024-08-27 04:47:10,México,Colombia,7178.98,3758.78,6728.41,3433.61,42.87,2.75,445.03
565,962,P2P,Mr. David Stokes DDS,CPF,42867980,GB03JZUZ72891749639440,2024-12-14 12:25:59,Chile,Chile,7429.67,4715.73,8670.83,781.85,49.79,22.37,407.15
566,163,Exchange,Calvin Harris,CPF,25247413,GB77BYUZ04267445648422,2024-07-12 01:08:59,México,Chile,3231.3,2342.52,1173.24,2390.61,22.44,24.5,198.15
567,100,Tarjeta,Kayla Mcbride,RUT,49015853,GB22CHNS83782181046304,2024-03-13 20:28:52,México,Argentina,1215.03,2687.31,4168.58,3937.87,38.01,2.86,278.74
568,255,P2P,Ronald Johnson,DNI,85621062,GB66LFUG93833546727472,2024-01-23 16:57:57,México,Argentina,1117.99,4377.91,9709.44,2478.31,34.28,7.44,482.75
569,648,Exchange,Melissa Smith,CC,22231694,GB17DYZQ88902852761833,2024-05-03 15:24:50,México,México,9347.71,2143.7,201.17,4444.5,16.23,8.57,365.12
570,277,Exchange,Jonathan Allen,DNI,54127029,GB57CERN56837665082713,2024-05-27 15:18:08,Colombia,México,7917.1,4626.74,5723.1,4099.04,17.83,18.84,219.71
571,256,Exchange,Douglas Davies,CC,51011080,GB04ODDJ02090899170342,2024-09-26 18:32:09,México,Perú,4980.63,4932.62,200.78,2717.01,45.96,11.24,492.61
572,482,Exchange,Charles Castillo,DNI,33226658,GB33TAJO03974842719608,2024-07-23 10:04:43,Argentina,Argentina,5320.15,78.89,9367.32,1381.18,34.83,4.33,77.69
573,920,P2P,Heather King,CPF,91963442,GB10ENQP99251761177484,2024-03-30 16:32:17,Argentina,Perú,8930.63,4393.68,5605.09,3288.7,35.09,6.94,266.13
574,617,Remesa,Antonio Jackson,CPF,76027417,GB57TUAH57380757588445,2024-10-22 13:37:32,México,México,9983.49,2073.83,5015.34,1114.83,27.44,6.6,64.58
575,358,Tarjeta,Jennifer Maxwell,CPF,50361115,GB02FHQC90194927311126,2025-01-03 12:57:54,Perú,Argentina,778.37,860.94,7283.46,1927.02,16.34,13.65,292.66
576,301,Exchange,Zachary Drake,RUT,65842351,GB21DZIH99270099489319,2024-10-05 01:02:03,México,Argentina,2222.94,2212.94,5147.34,884.2,25.4,24.61,12.82
577,845,P2P,Sonia Allen,CC,98127052,GB06RHBM52121607370645,2024-05-13 02:12:12,México,Colombia,3340.98,3988.96,6726.6,1079.28,31.37,18.11,20.06
578,804,Remesa,Robin Johnson,CC,35051874,GB38GROO47377611064852,2024-11-25 17:50:53,Perú,Argentina,6905.87,592.73,6919.98,3108.74,2.64,3.45,194.13
579,259,Exchange,Alicia Duncan,CPF,38589994,GB19AYUK27928651429573,2024-11-08 05:53:04,Argentina,México,3882.03,3069.83,9820.68,4848.69,25.14,23.12,105.21
580,71,Exchange,Vanessa Kelly,CPF,29113154,GB71WIUB13782034049578,2024-07-20 17:20:39,Chile,Argentina,3182.24,3732.72,7005.83,417.31,39.94,5.52,100.6
581,838,Exchange,Carlos Hawkins,CPF,61386914,GB11ZWZK47571550953785,2024-11-15 04:03:41,Colombia,Argentina,1004.43,1375.78,6070.85,3960.01,16.89,10.71,159.88
582,492,P2P,Brandon Smith,RUT,15825361,GB95BHKR13686983608435,2024-02-12 11:37:35,Perú,Chile,2793.38,306.65,7851.86,3100.13,30.09,11.9,60.24
583,384,Remesa,Daniel Farmer,CPF,10370164,GB38UZVR32348794524726,2025-01-11 14:18:40,Argentina,Perú,6548.24,2257.68,1739.39,1182.13,25.79,12.97,370.63
584,336,Tarjeta,Jacqueline Ramos,CC,51106143,GB57ZZFF54024510085585,2024-08-29 05:22:22,Colombia,Argentina,8659.89,3181.09,5474.49,2311.39,26.39,22.23,272.92
585,285,P2P,Christopher Fletcher,RUT,38072740,GB07GZLC77952144281828,2024-02-16 08:50:45,Argentina,México,2060.6,4984.13,7417.63,3958.84,39.46,10.07,359.11
586,810,Tarjeta,Jesse Gaines,RUT,49278289,GB26AOCE00440240805257,2024-11-16 12:16:48,Colombia,Argentina,265.18,840.96,3462.34,1998.1,48.35,1.62,110.48
587,597,Remesa,Kayla Newman,CC,51238860,GB61UCKM97819357714714,2024-03-31 17:48:15,Perú,Chile,1591.34,1595.32,2046.06,1083.93,14.22,24.68,84.91
588,848,Tarjeta,Shannon Floyd,RUT,97789952,GB07OCCK09799534677936,2024-08-10 00:15:17,Perú,Colombia,920.66,4899.68,7476.81,437.56,0.64,8.13,218.95
589,36,Remesa,Michael Patel,RUT,87007549,GB78JGDU57615878191366,2024-05-04 00:47:19,México,México,1377.29,2030.36,5786.13,4780.24,29.15,0.85,270.08
590,153,Tarjeta,Tanner Rocha,DNI,16236210,GB87KUPL96562123397356,2024-06-11 03:53:07,Argentina,México,1754.52,3448.43,4361.11,3360.45,21.03,14.19,334.06
591,573,Exchange,Anthony Caldwell,DNI,30819991,GB30TFMR33426012206193,2024-08-05 21:27:03,Colombia,Chile,3895.04,2067.95,6465.13,99.15,18.91,1.54,111.43
592,511,Exchange,Brittany Luna,RUT,12785075,GB14OXML86270228625304,2024-02-24 09:38:03,Colombia,México,5926.73,4000.11,4444.6,3214.0,19.71,12.8,216.42
593,109,Exchange,Wendy Williams,CC,62397659,GB61WUNX60479506999489,2024-09-27 03:19:34,Chile,Perú,1987.05,2786.11,5113.04,908.76,26.31,21.85,247.28
594,598,Exchange,Vanessa Holland,DNI,48565258,GB37LNKO26856683819952,2024-06-08 19:07:53,Perú,Perú,5054.81,4769.42,8355.44,1129.82,43.56,23.18,106.41
595,128,P2P,Amber Bowman,CC,86647021,GB67YRVN04533683251634,2024-07-24 13:24:19,Chile,Chile,6682.02,915.59,8329.28,154.49,7.14,23.23,383.76
596,117,Exchange,Kayla Owens,DNI,35108399,GB20EYNV97877607397205,2024-02-05 11:12:14,Perú,Colombia,5359.09,835.21,4494.45,2015.73,10.06,14.21,450.85
597,314,Tarjeta,Julie Sanchez,DNI,25796690,GB30ZUBY83937830140170,2024-05-22 18:52:53,México,Argentina,7073.61,160.56,1897.05,1996.35,23.04,20.22,120.97
598,654,P2P,Kimberly Doyle,DNI,34904778,GB69CTDC01618742883802,2024-12-04 05:54:51,México,México,6118.65,2830.34,9073.78,1431.61,27.21,4.22,368.95
599,566,Remesa,Courtney Murray,DNI,21899670,GB18WEQD85221654433593,2025-01-18 15:22:40,Chile,México,5801.68,798.02,4668.16,3049.9,23.98,23.96,313.98
600,868,Remesa,Christopher Foster,CC,28669826,GB23TOOO95403478778958,2024-02-29 10:03:01,Argentina,Chile,5086.7,1741.28,3363.79,213.48,18.16,1.58,10.84
601,927,Remesa,Dr. Erica Hill,CC,33027959,GB81INST40612315793858,2024-03-25 11:16:30,México,Colombia,2064.37,508.58,740.29,3849.15,43.67,23.62,295.09
602,605,Tarjeta,Donna Garner,DNI,51934254,GB27YLFT85488720103961,2024-04-01 11:52:46,México,Colombia,9175.29,1139.66,7184.98,1218.49,47.64,7.74,278.36
603,57,P2P,Paul Lopez,DNI,25280663,GB96QRMD34519259097726,2024-09-16 09:45:13,Argentina,Colombia,3557.47,1303.28,9694.23,1275.95,17.13,1.31,430.65
604,308,Remesa,Kelly Ferguson,CC,53148350,GB13PHJG06358122937708,2024-12-28 14:08:14,Argentina,Colombia,9976.35,2878.06,5219.06,1489.89,27.03,13.06,488.21
605,971,P2P,Mackenzie Alexander,DNI,65440399,GB98MJQY35545272149786,2024-01-28 23:20:52,Chile,Perú,3585.58,2848.4,2129.5,3270.85,43.36,14.62,314.43
606,958,Tarjeta,Ryan Pearson,RUT,17827265,GB16QPOU44046514148144,2024-11-20 22:28:24,Argentina,Perú,8473.96,1437.09,9037.42,3011.93,16.04,14.04,300.22
607,607,Remesa,Allison Lane,CPF,59084943,GB85ZQDI54750080128548,2024-02-15 23:13:42,Chile,Perú,1956.17,3903.82,9308.78,2244.85,31.13,6.82,24.57
608,110,Remesa,Christy Le,RUT,54388519,GB49FVCE33761560699328,2024-07-22 02:31:11,Perú,Chile,6470.43,2969.86,4660.89,1132.19,14.87,20.79,471.94
609,364,P2P,Latoya Cummings,RUT,13292049,GB76HRIY15243131598220,2024-05-02 20:45:26,Perú,Chile,9367.37,1537.37,3718.33,2595.38,15.4,6.97,305.81
610,47,Exchange,Kelly Quinn,DNI,51898562,GB25HWFM20604483161163,2024-02-26 03:50:13,Perú,Perú,871.4,1984.24,5328.5,2209.04,4.71,13.3,440.88
611,39,Exchange,Leslie Marshall,RUT,87973914,GB16BTSP64325034561393,2024-02-06 05:22:15,Colombia,México,9745.13,355.15,6081.68,3478.05,5.18,4.14,158.75
612,303,Tarjeta,Victoria Montgomery,CC,72802194,GB22WHJG13695535212378,2024-08-23 12:02:22,Argentina,Perú,3364.69,132.0,4070.23,2850.44,45.38,12.52,361.36
613,553,P2P,Randy Cooper,CC,52291959,GB82KZFS78626005211562,2024-05-08 15:58:08,Colombia,Perú,3068.72,3001.32,5925.76,2103.83,22.21,21.16,258.98
614,201,Remesa,Laura Smith,CPF,51204042,GB92YREG74032912039770,2024-12-04 06:37:45,Argentina,México,4082.19,2918.58,787.24,3306.81,32.33,13.77,40.27
615,458,Exchange,Amber Johnson,RUT,80476114,GB92HWKQ96417811227245,2024-05-20 04:24:36,Colombia,Perú,9994.22,3092.38,9544.26,1311.71,47.63,12.23,101.24
616,548,Exchange,Leslie Sims,CC,52722476,GB32WETY70134726037270,2025-01-17 16:34:28,Perú,Perú,1232.41,1653.23,2794.57,3710.44,10.41,16.63,106.36
617,534,Tarjeta,Mary White,CPF,50149159,GB87RPIH10686023502570,2024-06-19 10:38:50,Perú,Argentina,2662.08,1712.19,8774.04,2787.65,28.82,17.32,389.17
618,586,Remesa,Ronnie Chambers,CC,61264491,GB74LZTI75012448589154,2024-05-11 10:04:11,Argentina,Colombia,7307.8,3228.99,9301.33,1028.33,15.38,23.09,355.71
619,810,P2P,Wanda Jennings,DNI,28068085,GB36VXOG76684483665478,2024-05-08 04:39:58,Colombia,Colombia,9771.5,1296.28,910.36,1449.77,6.05,19.7,257.46
620,147,P2P,James Solomon,CPF,90489757,GB09ABMR01205111349585,2024-12-18 01:21:39,Colombia,México,3221.15,3031.67,4109.07,2368.44,15.64,7.3,292.0
621,46,Tarjeta,Cheryl Acosta,RUT,60401182,GB58DTGG38931693193651,2024-10-21 04:34:15,Chile,Colombia,9476.82,586.77,2366.4,1576.92,13.01,9.6,279.63
622,482,Tarjeta,Mario Barnes,CPF,75958987,GB56TUPE98897833098569,2024-09-01 23:06:52,Chile,Argentina,295.74,1402.36,3856.41,805.86,27.23,3.63,160.04
623,864,Tarjeta,Phillip Sheppard,DNI,64126952,GB98FLUN29601062247640,2024-02-12 10:02:04,México,Colombia,1628.9,3926.92,8566.97,2449.31,33.75,11.57,208.66
624,518,Tarjeta,Patrick Higgins,DNI,19820723,GB03IKNE42949215473690,2024-04-24 13:01:07,México,Colombia,1544.42,2820.38,2231.15,2127.63,2.79,8.44,448.97
625,105,Exchange,Gail Franklin,DNI,32675943,GB66NEFZ63702093827973,2024-12-14 02:19:46,Argentina,Chile,1025.86,3406.37,4031.8,1544.99,39.72,20.34,174.16
626,575,Tarjeta,Heather Dalton,RUT,15733824,GB62XVGA45076290699497,2024-06-18 10:57:54,Chile,Argentina,6903.96,4499.1,6925.45,2206.79,42.56,2.37,411.31
627,557,P2P,Ronnie Kelly,CC,67457690,GB07MBQR62289877581287,2024-10-21 20:26:35,Chile,Argentina,2954.39,2612.68,3714.96,3389.32,25.5,4.81,456.41
628,116,Tarjeta,Tiffany Wong,DNI,32576170,GB10FAJC53348310189221,2024-12-23 04:13:28,Perú,Chile,8508.8,1833.03,8329.49,2711.61,1.56,22.65,177.31
629,275,P2P,Tiffany Zimmerman,DNI,80698249,GB38OAUD44685923858651,2024-03-21 06:50:54,México,México,8741.41,3394.75,5543.94,3124.27,0.81,3.83,454.45
630,709,Tarjeta,Emily Liu,CPF,50495089,GB35XDXA35577406416928,2024-05-01 15:44:32,Chile,Perú,3214.01,990.17,6129.44,4451.57,1.03,2.81,179.77
631,965,Remesa,Brandi Stevenson,CC,73692565,GB73TWZD44451814685479,2024-04-20 03:05:36,Argentina,México,9994.65,2284.25,2824.72,1083.78,39.38,3.49,460.97
632,235,P2P,Cathy Taylor,CC,34060293,GB45ODUA76904954064289,2025-01-02 15:54:02,Perú,Argentina,2007.26,2799.08,6838.04,2458.41,38.81,8.43,156.3
633,520,Exchange,Paul Buckley,DNI,49277825,GB50KAZO13678875041753,2024-05-29 20:41:36,Chile,México,9276.39,1715.41,1588.77,1445.76,22.96,4.53,240.18
634,899,Remesa,Brandi Galloway,RUT,73926553,GB74XBFH08650029513108,2024-07-27 11:07:20,Colombia,México,3099.72,3326.16,9435.29,1685.07,17.91,4.01,223.92
635,359,Exchange,Jasmine Hart,CPF,42569829,GB10BMCV24536398116437,2024-11-04 02:04:49,Argentina,Argentina,1520.6,2534.32,9835.17,597.15,34.67,16.4,266.17
636,179,Tarjeta,Steven Gray,RUT,88080939,GB72OLDY91858669057414,2024-07-31 13:19:38,Argentina,México,2154.43,2790.04,9042.05,4925.63,44.8,4.25,208.91
637,237,Exchange,Lori Hoffman,DNI,67675781,GB36FQZT06673629552049,2025-01-19 11:43:21,Colombia,Argentina,7366.98,3411.17,3496.31,3435.09,18.69,24.93,430.71
638,809,Tarjeta,Charles Obrien,DNI,43412976,GB34OIJX94583475317700,2024-08-21 04:24:47,Colombia,Perú,5862.28,3645.93,4655.29,2680.23,46.19,2.96,72.02
639,227,Tarjeta,Deborah Valencia,RUT,30739110,GB46LSNS68096926535038,2024-04-23 04:15:38,Perú,Argentina,5581.89,585.79,9586.81,4385.03,47.69,6.89,179.89
640,316,Remesa,Nancy Carlson,RUT,60813930,GB66WRJL95093827782388,2024-08-16 07:03:38,Argentina,Perú,3524.28,3507.5,5243.23,1796.98,26.16,18.68,98.64
641,975,Exchange,April Warren,CC,45060300,GB22TFFB14506972836522,2024-03-23 19:52:18,Argentina,Perú,6702.84,1443.34,2042.35,2250.16,17.34,11.35,194.39
642,455,P2P,Christopher Bell,CC,81951630,GB20OQNF35559683619027,2024-05-16 16:48:56,Perú,Chile,2445.16,82.81,5833.82,4380.9,47.79,17.87,416.69
643,662,Exchange,Whitney Edwards,CC,18937285,GB02XKBG54618805512789,2024-06-19 05:01:50,México,Chile,3580.01,725.53,8262.31,4419.65,10.26,11.43,135.86
644,820,Tarjeta,Judith Marshall,CC,92792722,GB67VYWC67327159520498,2024-02-14 07:16:09,México,Perú,9705.44,3391.41,6019.94,3295.88,6.36,13.23,166.01
645,578,Remesa,James Campos,DNI,49098990,GB33FPJV64883508341247,2024-05-05 00:27:42,México,Argentina,6672.67,4618.66,843.09,4911.42,44.28,10.96,321.67
646,218,Remesa,Alejandra Petersen MD,CC,78985546,GB53DLIC48132425551550,2024-05-22 18:21:13,Chile,México,1020.17,3811.38,9440.24,4275.17,24.63,2.09,462.75
647,56,P2P,Katrina Beck,CPF,49655559,GB42OTBL93079313697878,2024-03-28 10:21:18,Argentina,Perú,962.66,215.65,3451.18,1625.2,42.68,13.93,100.97
648,679,Remesa,Chloe Gomez,RUT,75905343,GB06EWDS69384096242387,2024-02-21 20:56:25,Chile,Perú,599.24,3214.67,8759.46,1166.26,3.37,0.17,15.51
649,298,Tarjeta,Sarah Thomas,DNI,15352189,GB49OVLS63398614162682,2024-11-20 10:11:16,Chile,Perú,1590.95,4065.61,6060.9,4472.06,24.51,21.42,319.68
650,266,Remesa,Luke Mathis,DNI,37843564,GB25DVKA26312612271126,2024-05-03 15:06:28,Colombia,Argentina,324.52,918.42,8450.47,308.09,12.57,18.74,324.8
651,388,P2P,Misty Baker,CC,88071660,GB04PVRW67439735339849,2024-02-16 17:09:08,Colombia,México,2890.92,3131.2,6628.92,3239.59,36.75,4.53,252.69
652,625,P2P,Alan House,RUT,70461297,GB83FDQR12871770677403,2024-08-16 21:31:13,Chile,Colombia,2568.65,973.19,6642.83,4416.16,14.72,16.23,115.4
653,572,Exchange,Jacqueline Williams,DNI,86294507,GB90SHYM59084197698451,2024-07-28 11:02:20,Perú,Perú,2682.92,2026.91,9090.67,4440.08,36.93,17.26,199.77
654,740,P2P,Christopher Brown,CC,20712573,GB82XIDO81792004936620,2024-04-22 18:08:26,Colombia,Perú,7234.69,3201.33,8913.58,4359.13,1.95,11.02,389.65
655,723,Exchange,Ronald Peters,CPF,57155769,GB46TOHQ51604711455413,2024-03-26 04:18:30,Perú,Argentina,8280.83,1911.91,5953.73,3862.18,35.57,14.45,376.62
656,570,Remesa,Sonya Cruz,CPF,67309573,GB48FNNM43978114020236,2024-08-29 16:11:40,Chile,Colombia,2742.68,4862.54,6352.23,2297.96,26.51,11.85,341.83
657,542,Exchange,Richard Gomez,RUT,27577024,GB14TBJM10547607623013,2024-06-18 08:19:21,Chile,México,560.58,2236.92,8841.15,112.8,48.85,17.62,155.46
658,336,Remesa,Jessica Harris,CPF,97347589,GB52JGLO12336332598277,2024-08-12 06:54:07,Colombia,Argentina,8476.12,683.02,5868.66,3758.21,2.22,21.14,361.86
659,652,Exchange,Cindy Brown,CC,43191952,GB67EYSK88310962353522,2024-10-05 13:09:58,México,Colombia,3605.84,1339.38,6730.08,1286.29,4.58,17.9,259.61
660,956,Exchange,Diane Watson,CPF,34106390,GB64QGMU22051323280198,2024-02-03 02:13:42,Chile,Perú,4733.82,4110.79,9750.78,742.25,1.39,20.09,19.63
661,361,Remesa,Steven Young,DNI,11077613,GB08MVHG94595251247677,2024-05-06 02:46:48,Chile,México,4635.64,3062.03,984.66,4555.67,44.42,23.79,378.19
662,96,Exchange,Heather Macias,CC,75054368,GB65EPAH16806450964869,2024-07-16 09:24:08,Argentina,México,7477.12,4267.92,5964.13,4788.05,0.86,14.14,422.13
663,380,Tarjeta,Miranda Weber,CPF,79894502,GB21ORGA06322563614810,2024-10-15 21:30:10,Chile,Chile,2304.88,2329.23,4771.03,4358.16,37.1,3.18,250.26
664,354,Tarjeta,Suzanne Wheeler,CPF,51731059,GB63MAMC40108058584491,2024-11-30 21:24:35,Argentina,México,1701.7,1948.36,9056.25,3302.95,26.18,5.93,343.64
665,497,Remesa,Brandon Allen,CPF,34493240,GB34RXIY10228282434927,2024-12-08 01:51:26,México,Perú,8415.87,1076.23,4818.55,4729.74,18.89,10.62,460.07
666,345,Remesa,Carl Hunter,CC,56269225,GB92NCRG62752705562907,2024-05-08 06:25:27,Argentina,Chile,9562.78,1817.6,6147.9,3670.48,14.26,6.65,74.56
667,925,Remesa,Laurie Sutton,DNI,55549741,GB09MTBN73241284657442,2024-05-17 20:16:46,Perú,Chile,1230.89,1020.25,1906.6,4576.12,24.67,1.88,304.57
668,931,Tarjeta,Brian Cross,DNI,48542465,GB44FZRI83588381193490,2024-03-01 21:19:01,Chile,Chile,7071.02,4580.12,3479.98,235.23,44.9,7.61,477.7
669,715,Remesa,John Johnson,CPF,23282570,GB56OQLG26231551080619,2024-06-30 20:26:53,Perú,Perú,9445.25,3549.56,5193.62,2709.29,31.91,22.92,490.81
670,339,Remesa,Nathan Thomas,RUT,10415414,GB34ADFL88446439934559,2024-12-24 08:16:56,Perú,Perú,2137.25,1120.23,8747.07,3323.31,5.35,21.51,238.32
671,977,Tarjeta,Jon Young,RUT,20985087,GB63AFHI76854063981117,2025-01-12 09:51:49,Perú,Argentina,8820.81,1231.81,9728.62,2203.83,6.53,15.21,29.91
672,148,Exchange,Joseph Ryan,DNI,39360255,GB12OPRS88443373897938,2024-08-30 21:12:27,Chile,Chile,6576.43,1734.58,7818.34,4195.18,41.03,15.91,192.23
673,858,Tarjeta,Rebecca Villegas,DNI,98577264,GB35JNVC69975306442667,2024-07-02 09:35:16,Perú,México,4216.68,3848.27,1752.65,3582.61,5.59,19.45,193.68
674,595,Tarjeta,Jonathan Lawson,RUT,89658560,GB70MSIZ36483950729264,2024-03-18 19:32:41,Chile,Argentina,3059.17,4925.41,8680.0,3884.78,21.2,5.47,250.58
675,294,Remesa,Barry Rodriguez,CPF,57451319,GB47ZDEI24340168297718,2024-06-08 05:41:15,Colombia,Perú,2274.01,486.98,3324.34,606.93,46.78,24.43,459.51
676,366,P2P,Clayton Johnson,CC,16556918,GB14JJPN22136421958677,2024-08-22 00:57:24,México,Perú,7095.92,419.45,2377.2,4043.07,42.29,16.05,167.44
677,682,Tarjeta,Bob Wilcox,DNI,72395335,GB03HEBI21187953121991,2024-11-10 20:36:27,Colombia,Argentina,9623.32,810.34,4354.97,3415.15,21.92,18.44,483.97
678,127,Remesa,Kiara Johnson,CC,39549890,GB22XXQY65115637015115,2024-08-21 12:47:34,Perú,Argentina,6818.02,621.82,397.98,2078.92,37.76,8.64,29.94
679,138,Tarjeta,Jeremy Meyer,CC,52096008,GB38DVFL26988644054808,2024-05-15 06:17:46,México,México,2827.78,1156.34,5890.26,4600.81,26.29,22.74,393.53
680,504,Remesa,Mark Moore,RUT,98940865,GB58NNSB75061689579423,2024-08-05 06:52:55,Colombia,Argentina,9942.56,1772.65,211.07,2751.63,18.15,8.52,156.2
681,671,P2P,Mariah Taylor,RUT,40706963,GB72ZJLL56346613971410,2024-02-26 12:09:11,México,Colombia,3544.66,229.41,816.23,2154.47,42.35,22.87,67.41
682,619,Exchange,Shane Blanchard,DNI,92128723,GB93FGZR77560622512924,2024-08-28 18:37:39,Chile,Perú,5759.31,2548.41,3733.53,4349.1,47.43,15.16,73.1
683,764,Tarjeta,Joshua Robinson,CC,33067004,GB91MMPA85132572103011,2024-07-06 23:53:15,México,Perú,392.36,1327.92,6835.41,781.25,15.65,21.85,479.25
684,415,Remesa,Melissa Thomas,DNI,44652482,GB37FBFU41401528132837,2024-05-26 23:19:43,Colombia,Argentina,4625.05,194.88,9781.19,3554.49,36.98,14.71,144.68
685,901,Tarjeta,Ronnie Mullen,DNI,40362466,GB53NRGR55855983307372,2024-03-02 08:53:41,Argentina,Colombia,1094.88,251.99,8238.13,3956.96,40.46,22.08,87.4
686,445,Remesa,Melissa Collier,DNI,47523239,GB57UBPW51102772409117,2024-12-13 03:31:09,México,Perú,8180.43,422.77,4750.53,3485.3,36.35,5.0,480.79
687,125,Remesa,Megan Flores,CPF,46861692,GB66LQME03051617361864,2025-01-14 13:50:19,Perú,México,2256.09,207.68,7536.18,927.19,13.98,10.24,220.91
688,785,P2P,Joanne Wilson,DNI,63725276,GB26DWHH88623293484702,2024-02-11 13:45:54,Chile,México,9066.37,547.01,2481.36,3309.86,6.64,19.31,113.86
689,694,Tarjeta,Jason Stephens,DNI,97982091,GB39JSMR80997233963767,2024-12-29 22:05:59,Colombia,Argentina,1813.23,1289.41,842.71,3474.97,13.25,23.36,332.82
690,293,P2P,Nicole Zimmerman,DNI,92217385,GB16AYIT75656779308447,2024-10-09 20:44:32,Perú,Chile,3843.54,559.06,5375.87,1740.62,13.67,10.96,458.34
691,158,Exchange,Jeffrey Harris,CPF,97779052,GB69KURY21460133492182,2024-03-05 15:18:28,Colombia,Colombia,3140.21,1637.09,9450.56,4666.49,45.81,23.38,348.88
692,387,Remesa,Samantha Solis,CC,65111671,GB48SLRE03601840207208,2024-08-27 18:58:07,México,Perú,6443.19,769.26,3506.56,283.39,37.35,19.42,435.17
693,342,Tarjeta,John Butler,CPF,78659975,GB81KGSG78870237027433,2024-09-08 21:41:45,Argentina,Chile,6091.77,109.89,8107.55,2881.55,49.77,10.56,431.65
694,897,Remesa,Tracy Wilcox,DNI,86830029,GB02VFPG43172918324191,2024-04-22 19:03:01,Perú,Chile,3046.79,4688.7,6570.59,4813.39,21.62,9.62,325.39
695,767,Tarjeta,Kenneth Avila,CC,92912234,GB32TIBZ20235094984556,2024-03-15 22:33:01,México,Colombia,7363.98,1730.96,2854.68,4213.67,49.29,3.77,391.54
696,50,P2P,Tara Schmitt,CPF,63620872,GB72ACRW26001112898198,2024-10-21 23:37:59,Colombia,México,7091.1,3791.51,9472.29,644.0,15.11,18.28,79.13
697,672,Tarjeta,Shawn Stone,CPF,89798053,GB12CGEG43637207649478,2024-12-29 00:21:33,Chile,Colombia,8335.08,1989.53,3013.74,2752.13,16.63,9.39,66.63
698,394,P2P,Jeremy Moran,CC,64541883,GB29JPDS76872817033744,2024-06-07 11:12:26,Colombia,Argentina,8905.05,1438.08,1973.79,2435.95,11.94,23.4,266.36
699,39,Remesa,Shannon Cannon,CPF,55499278,GB17EEWW15050382067539,2025-01-21 02:58:56,Argentina,Perú,1024.82,3182.97,6936.8,3685.73,35.05,0.47,184.19
700,451,Remesa,Brianna Martin,DNI,67342150,GB28JXPC17891698946979,2024-07-28 14:32:07,Colombia,Argentina,7026.84,3881.96,4269.21,4358.34,24.31,11.43,48.07
701,282,Tarjeta,Kathryn Jones,CPF,98013255,GB66IVTD69359110267569,2024-04-16 01:08:49,Colombia,Colombia,8596.59,4998.24,2116.86,1739.56,1.78,1.63,112.95
702,966,Remesa,Shelby Smith,CPF,70079511,GB40HXUB26173710049275,2024-06-30 18:59:26,Perú,México,447.1,4614.78,1760.7,3976.87,6.83,24.19,220.94
703,137,P2P,Lynn Petersen,RUT,51206621,GB18UUOB86792225832452,2024-08-20 03:05:23,Perú,Colombia,1458.67,4419.3,6810.79,4768.7,0.4,20.7,150.13
704,940,P2P,Kimberly Clark,CC,92139892,GB54QNVY03212531557129,2024-06-29 17:12:04,Colombia,Colombia,1437.08,3418.93,2644.96,80.59,42.8,15.73,73.68
705,495,P2P,Kevin Mccoy,RUT,56191321,GB39KSCA99387180174934,2024-05-04 17:31:11,Argentina,Perú,9635.29,2953.27,9696.22,2784.0,28.12,3.53,249.67
706,293,Remesa,Mary Taylor,RUT,54933465,GB57YSSF90715189631060,2024-09-25 17:19:35,México,México,3057.39,3665.27,3757.42,4941.43,43.76,15.51,293.55
707,882,Tarjeta,Laura Reyes,CPF,92130435,GB78JHYC91821579678887,2024-05-24 23:48:30,Colombia,Perú,3296.02,4849.09,6188.35,2357.68,8.84,4.78,156.43
708,98,Tarjeta,Kevin James,CPF,41624415,GB75JBNK28417089722168,2024-10-31 10:22:21,Colombia,Chile,6289.97,4505.52,1066.25,412.96,9.02,12.92,277.08
709,949,Tarjeta,Erin Gordon,CPF,76936436,GB05RGIX20581874817287,2024-07-22 15:34:25,Perú,Perú,1226.68,791.64,3086.98,2605.02,36.0,16.11,200.37
710,393,Tarjeta,Tammy Munoz,RUT,78898275,GB13CGBM92388027294805,2024-06-13 07:54:39,Colombia,México,5274.22,2437.58,2492.17,2061.45,46.87,21.8,399.4
711,234,P2P,John Mueller,RUT,77037918,GB58OBCZ88826859374676,2024-12-15 22:03:06,México,Perú,1701.5,4350.95,2732.7,4492.67,0.26,11.19,262.24
712,795,Exchange,Brian Johnson,CC,80802565,GB44NLMT21156333192787,2024-11-27 06:27:36,México,México,6751.74,3284.4,2601.71,1506.2,45.74,2.47,96.12
713,674,Remesa,Joshua Brown,CC,23485219,GB57DVGO98205604155268,2024-10-03 19:43:20,Chile,Chile,4220.44,2248.95,3443.91,4465.69,33.64,19.73,129.58
714,882,Remesa,Alexandra Miller,RUT,40005014,GB20SUPI60217680769496,2024-04-22 17:38:01,Perú,Chile,8495.05,2140.22,3055.22,2281.18,2.63,8.78,99.95
715,265,Remesa,Ashley Simpson,CC,24116742,GB10ULCR73841774239043,2024-07-06 02:58:05,México,Colombia,7557.05,2806.56,9924.24,2868.36,27.35,8.21,138.36
716,685,Exchange,Daniel Anderson,DNI,97926207,GB61JLMZ30222268231480,2024-09-03 20:25:07,Colombia,México,9028.24,4259.87,8839.62,784.3,46.14,11.92,308.5
717,377,Tarjeta,Terry Compton,CC,41657954,GB21TLJF42242002337752,2024-06-28 11:22:35,México,Perú,8028.14,1919.64,8788.27,4606.18,41.25,0.11,347.84
718,260,P2P,Alexander Miller,DNI,38829356,GB05JEZZ57358000968633,2024-08-12 05:53:31,Perú,Perú,9324.15,1906.09,4383.13,4124.37,13.96,0.56,49.94
719,271,Exchange,Kelly Mcgrath,CPF,81474335,GB71QXGK04436067701953,2024-06-09 16:45:24,Perú,Argentina,4708.34,3009.88,2796.02,4640.85,35.34,8.62,335.7
720,438,Exchange,Tamara Diaz,CPF,21642161,GB04EXVV53474979983101,2024-11-15 15:26:15,Argentina,Perú,9170.98,2338.83,1059.67,2246.08,44.75,17.17,354.94
721,721,Remesa,Chris Richards,RUT,12816983,GB71KUBN91683255523868,2024-04-12 00:05:42,Argentina,Colombia,5207.44,1311.71,9487.26,2182.33,49.12,7.94,358.56
722,959,Exchange,Adam Boyd,CC,32167645,GB12LWWB13393674230125,2024-10-06 08:20:46,Perú,México,3382.42,1022.31,4316.25,4517.73,48.84,0.02,119.27
723,777,Tarjeta,Clarence Jimenez,CC,77462929,GB16UVWZ83107654481551,2024-08-13 16:23:25,Chile,Perú,4605.7,4331.41,3091.74,1589.76,28.74,8.19,92.39
724,688,Tarjeta,Ryan Cuevas,DNI,47803550,GB28WISY61929708774732,2025-01-13 20:25:29,Colombia,Colombia,4512.63,2487.84,1246.22,2264.41,15.45,18.52,322.77
725,974,Exchange,Tammy Mendez,RUT,89354677,GB12RQJT31636105457434,2024-06-20 11:52:17,Perú,Argentina,3597.26,1569.46,6548.85,3983.07,22.71,4.43,207.27
726,58,P2P,Holly Flowers,CC,13448927,GB26UDKP60670540003733,2024-01-26 02:18:43,Chile,México,4095.27,253.98,1965.38,2538.78,24.07,10.32,70.84
727,940,Exchange,Edgar Howe,DNI,69904413,GB26WYHG06566515609528,2024-11-20 14:44:30,Perú,México,4634.79,960.17,443.13,904.98,19.58,23.27,490.82
728,443,Tarjeta,Edward Smith,CPF,77052704,GB88UYKV29323478650220,2024-05-23 11:08:50,Perú,Perú,7908.43,1454.17,7408.82,1405.37,44.43,9.84,135.08
729,657,Exchange,Lori Mccoy,DNI,80233869,GB76DNRB87176702265309,2024-01-24 09:40:06,Chile,Chile,8163.43,2254.22,7508.01,241.06,40.83,18.22,48.68
730,666,Remesa,Justin Cruz,CPF,41060271,GB16MPQO52329367326004,2024-06-21 14:06:23,Chile,Colombia,3351.41,3677.16,1669.88,1409.24,21.51,8.5,32.31
731,637,Tarjeta,Linda Weaver,DNI,66091542,GB64FQCC49162172764765,2024-01-31 08:16:48,Chile,Perú,3636.13,4557.7,1964.28,1200.44,47.79,4.49,17.02
732,725,Tarjeta,Carrie Tran,DNI,57209711,GB28LNBA82351398657045,2024-05-25 08:10:11,Perú,Argentina,7062.24,4521.71,1892.47,2428.51,5.32,6.47,22.33
733,910,Exchange,Jeremy Hinton,RUT,42634366,GB12ZIGV43412123684750,2025-01-17 11:13:33,Perú,Colombia,8250.02,2176.5,7677.83,676.93,14.11,0.56,189.98
734,18,Exchange,Stanley Newton,CPF,41505735,GB70TLHR78093712468476,2024-05-10 19:33:19,México,Argentina,8030.83,4466.46,3992.35,1305.28,30.05,3.12,479.97
735,688,P2P,Mrs. Karen Lopez,CC,42793833,GB70IXSI86097186397573,2024-08-16 03:09:01,Chile,México,5434.79,2388.97,6336.06,3473.42,34.48,6.74,113.49
736,828,Remesa,Kristi Davis MD,CPF,24490392,GB69BUGV59930536376067,2024-11-10 09:24:51,Perú,México,4876.71,3266.88,8593.92,3713.24,39.48,14.09,284.95
737,721,Tarjeta,Jennifer Garcia,DNI,36306672,GB92CFFR66054625813172,2024-08-24 06:56:28,Colombia,Colombia,8354.08,3084.41,5728.59,2025.3,14.77,24.05,486.17
738,91,Tarjeta,Peter Zamora,RUT,90098943,GB70YPCB30564940452732,2024-03-15 15:06:48,Colombia,Argentina,5589.11,3934.52,4823.16,239.69,12.44,14.66,422.66
739,23,P2P,Erika Warren,CPF,39849176,GB80TAMG06416446079893,2025-01-12 07:44:27,México,Colombia,865.56,4304.28,3346.61,1656.62,9.72,5.18,348.96
740,679,Tarjeta,Stacy Villegas,CPF,90240212,GB63PCVB04335485360405,2024-10-14 14:25:29,Colombia,Perú,9674.86,4470.01,9701.16,2992.22,2.7,13.45,303.05
741,851,Exchange,Steven Brewer,CC,92069312,GB16YWRS86924730654019,2024-02-05 19:33:50,Chile,Perú,2620.85,2472.06,4894.01,1059.2,10.46,13.95,323.51
742,579,Exchange,Kevin Hancock,RUT,74820982,GB12MBPY87314386880911,2024-05-17 10:36:52,México,Colombia,7811.55,4727.51,7126.28,4729.28,42.51,19.92,318.69
743,20,P2P,Elizabeth Warren,RUT,62985610,GB46EICO76323837812336,2024-03-15 03:41:51,Perú,Chile,8132.64,2694.18,5182.06,4407.9,5.32,11.76,211.51
744,249,Exchange,Angela Kaufman,DNI,16851439,GB87VZEH09949179774197,2024-11-21 10:55:40,Colombia,Colombia,2690.67,320.57,376.55,3179.63,7.96,9.51,326.49
745,175,Exchange,Stephanie Good,DNI,93689504,GB37WAEU65156825741473,2024-03-11 09:30:45,Perú,Colombia,1197.82,1955.62,2126.43,4609.38,37.58,4.62,99.08
746,10,Exchange,Christopher Cunningham,CC,67970624,GB46IHAN15227365961154,2024-06-09 11:02:18,México,Perú,2803.32,1590.39,5268.96,2325.59,26.47,13.17,276.7
747,997,P2P,Malik Brown,CC,38696604,GB24IGIK72568934307979,2024-12-10 11:55:54,Perú,México,2834.46,2158.9,3964.64,538.18,19.71,12.42,432.6
748,956,P2P,Cynthia Johnson,DNI,10400138,GB02NALZ40555856663336,2024-06-16 16:59:38,México,Argentina,3780.29,809.71,676.34,2333.7,20.48,4.61,29.26
749,499,P2P,Desiree Ortiz,RUT,58037560,GB32ZBLU99241633987019,2025-01-12 17:08:56,México,Perú,591.14,2973.51,7601.93,4979.99,21.49,1.59,223.56
750,664,Remesa,Isabella Sosa,CC,21515404,GB97CHWT81540294611056,2024-09-06 05:01:16,Chile,Argentina,448.1,3084.86,5413.49,4152.49,38.42,17.8,457.2
751,939,P2P,Marissa Collier,CC,64414431,GB73WOBD59034030561521,2024-08-15 12:36:26,Chile,México,3862.12,4042.87,9622.81,1311.78,21.43,17.97,186.18
752,217,Tarjeta,Gabrielle Holland,CC,20086137,GB69OSKU18383832960930,2024-09-14 09:04:24,Argentina,México,3737.35,1831.86,1650.09,2658.86,36.8,23.48,499.43
753,106,Tarjeta,Connie Miller,DNI,25508056,GB39OTQZ73404862989353,2024-03-08 03:33:12,Colombia,Perú,7640.38,4601.83,9531.91,3276.25,6.73,8.82,366.84
754,86,Exchange,Jenny Jackson,CPF,87313551,GB71DEQT97802258406929,2024-12-18 10:13:46,Colombia,Colombia,6256.28,1770.77,9887.95,928.9,33.8,8.14,362.43
755,94,Exchange,Katrina Wood,CPF,12518030,GB59OHFS32431247223733,2024-12-01 00:13:48,Colombia,Perú,4459.76,3166.09,6077.44,390.17,46.63,12.34,93.57
756,83,Tarjeta,Laura Sullivan,DNI,96772756,GB88TUZP52239768293743,2024-05-04 16:40:43,Perú,Chile,7961.02,354.07,2353.51,4517.33,45.88,5.77,27.45
757,784,Tarjeta,Ronnie Mosley,CPF,95707013,GB55BGSJ10892867735818,2024-03-24 19:32:27,México,Colombia,5507.69,172.41,8980.71,3537.63,21.35,5.33,113.64
758,266,Remesa,Eric Soto,CPF,63295866,GB75KEII11340066881436,2024-03-18 12:07:50,Perú,México,3389.92,1686.97,1813.99,4171.81,24.59,9.75,40.48
759,982,Tarjeta,Vanessa Beck,DNI,42983728,GB69PXJF27898714964634,2024-02-02 00:37:15,Argentina,Perú,620.86,3338.01,7912.93,3165.21,1.36,17.69,203.13
760,849,Remesa,Erika Black,CC,55006209,GB83UTBO94229313142567,2024-12-25 10:21:02,México,México,4941.07,4953.36,4022.07,3198.16,29.69,14.01,495.93
761,937,P2P,John Bennett,RUT,18557859,GB04UWFS94048618482718,2024-07-18 06:01:58,Colombia,Argentina,8043.41,2272.0,4356.95,3647.83,27.7,20.84,254.81
762,151,Remesa,John Davis,DNI,11232385,GB90RHSX81180965729182,2024-11-15 05:42:16,Argentina,Perú,400.99,3994.39,3509.28,1212.96,13.69,22.32,316.1
763,592,Tarjeta,Micheal Simmons,RUT,44805807,GB48JVHH40305641950172,2024-07-26 03:41:32,Colombia,Argentina,5844.0,481.03,1675.47,3212.67,33.41,6.15,199.32
764,792,P2P,Robert Cooke,CPF,55147288,GB37NLUA47101075907702,2024-04-27 19:11:48,México,Argentina,9158.04,2180.58,3511.59,1166.05,26.59,13.01,456.38
765,587,Exchange,Kathleen Wallace,RUT,14269456,GB86MOIP51241768530212,2024-01-26 06:08:08,Perú,Chile,1067.37,1919.17,6401.59,1850.02,30.36,15.21,174.55
766,955,Remesa,Linda Cole,CPF,75730590,GB50LIVX87202662262286,2024-03-21 06:16:59,Argentina,México,1331.05,4055.95,1710.84,1569.91,0.28,14.14,16.47
767,370,Exchange,Glenn Donovan,RUT,88011817,GB72CPVA81560431465573,2024-06-16 19:14:46,Colombia,Chile,100.12,2303.3,760.82,796.86,41.27,2.42,258.09
768,31,Remesa,Darryl Conway,DNI,25208699,GB09JEUT49348144437100,2024-11-23 09:50:39,Perú,Argentina,7854.29,4765.71,1007.87,1811.22,19.19,23.74,284.29
769,229,Exchange,Eddie Erickson,CPF,57482371,GB15HRPL21160200303218,2024-12-10 01:38:53,Argentina,Perú,7298.26,1743.98,3523.8,4887.3,25.26,13.33,150.71
770,988,Tarjeta,Amber Mckenzie,CPF,24439400,GB74EOSY48461597365697,2024-05-01 01:51:20,Argentina,Argentina,5992.99,3019.3,5804.36,2071.65,1.32,14.64,72.45
771,113,Remesa,Daniel Knight,CC,93469561,GB58NQVF97039214391314,2024-06-20 04:19:12,Argentina,Chile,436.17,4162.32,286.81,1731.79,7.22,8.9,370.72
772,243,P2P,Erica Larson,CPF,35410620,GB35GPOF85380928728374,2024-10-16 07:50:59,Perú,Perú,4630.42,1288.65,3609.46,236.62,37.4,23.37,139.81
773,891,Remesa,Cole Farrell,DNI,14363555,GB45LLVK37852879382451,2024-08-12 04:17:35,México,Perú,8059.74,2787.38,647.26,1428.43,24.2,24.48,67.18
774,50,P2P,Pamela Marks,RUT,91847670,GB45IBLK82443050333150,2024-01-27 06:07:00,Chile,Perú,5812.76,4505.63,5212.9,4752.35,30.48,13.56,216.98
775,231,Tarjeta,Mark Holmes MD,CPF,57966121,GB33FSAH93550548616949,2024-02-14 01:53:55,Perú,Chile,6191.37,736.25,689.2,4112.47,4.02,22.03,55.53
776,38,P2P,Stacey Miller,RUT,64918988,GB93ABVN62659971284875,2024-02-14 09:29:04,Argentina,Argentina,2847.47,4640.72,2919.2,1255.28,7.92,11.87,388.04
777,631,Tarjeta,Michael Bryant,RUT,90519579,GB73TZYG55351012670431,2024-09-07 03:46:47,Argentina,Perú,1420.53,2122.29,5990.49,204.56,0.05,16.3,298.21
778,380,Remesa,Claudia White,DNI,16300669,GB93WZRY88307568209227,2024-05-05 03:12:42,Chile,México,5410.42,3139.47,7672.03,1128.18,1.46,8.04,251.84
779,333,P2P,Allison Thompson,CPF,34807977,GB27MAPD99736036083758,2024-08-13 09:42:39,Colombia,Perú,2076.03,3986.79,7674.24,544.82,9.44,9.46,312.18
780,238,Exchange,Felicia Tran,CC,38826063,GB74JPAO62676765555909,2024-10-22 01:38:35,Colombia,Argentina,9821.55,4302.0,3639.89,1164.29,32.0,23.2,103.01
781,589,Remesa,Nicole Banks,CC,32471805,GB15QFPH38998688880086,2024-03-09 09:15:57,Colombia,Chile,5180.93,1146.23,7358.14,2179.3,19.27,15.18,122.49
782,423,Exchange,Michelle Ramsey,RUT,59694935,GB53WOHF96014849090077,2024-04-27 05:56:23,Colombia,Colombia,6751.93,328.71,8562.06,2996.85,48.45,12.44,248.18
783,467,Remesa,Patrick Brown,RUT,84467404,GB71MVTX75764846756179,2024-04-30 23:47:41,Argentina,Colombia,1928.72,3961.84,7990.2,4902.05,37.21,22.56,127.21
784,957,P2P,Adam Bruce,CPF,37083896,GB94ZALL33719917032515,2024-09-18 02:59:49,Argentina,Argentina,1880.77,1098.87,7245.46,1669.03,23.36,9.03,78.09
785,142,P2P,Cynthia Ellison,CC,58309905,GB71SECD71125503735750,2024-07-06 09:49:37,México,Chile,1155.87,2831.08,4914.81,3354.2,48.59,14.17,241.71
786,658,P2P,David Brooks,CPF,95922558,GB75OSRM08090202900402,2024-04-23 03:10:49,Chile,México,6592.15,4918.64,4254.96,1056.3,17.24,24.76,425.17
787,495,Exchange,Jeffrey Nguyen,DNI,60891619,GB80AIHE77668477436920,2024-08-21 16:05:29,Chile,Argentina,8510.03,3391.31,2545.95,1009.99,34.47,24.32,334.3
788,543,Tarjeta,Elaine Levine,CPF,48622337,GB31FZOV02671549665407,2024-06-17 07:08:29,Chile,Argentina,1922.86,142.78,5546.39,1181.66,15.08,23.26,417.85
789,820,Tarjeta,Julie Edwards,DNI,58605193,GB75VWOH11705536039782,2024-05-06 18:32:14,Argentina,Chile,4931.84,3843.63,1465.06,4176.76,9.55,16.31,226.09
790,193,P2P,Sarah Snyder,CC,90050791,GB47QMKY15031815027747,2024-03-05 05:44:56,Perú,Colombia,3794.86,960.2,4693.49,4356.01,33.18,2.62,203.32
791,619,Remesa,Sandra Yang,CPF,42902480,GB07HRHO78823782165011,2024-05-06 22:02:50,Perú,Argentina,3550.2,1854.06,5741.6,473.19,25.82,17.86,205.65
792,562,Exchange,Tyler Jones,CPF,96207667,GB45WLVP14142765472510,2024-12-07 01:28:55,Perú,Chile,8717.95,4775.42,6064.92,3602.04,45.66,15.5,466.6
793,7,P2P,Lucas Buckley,DNI,41387574,GB29ORYR58483911581890,2024-11-19 13:30:54,Argentina,Argentina,8239.51,696.08,8061.83,1488.81,13.66,12.56,47.07
794,403,Tarjeta,Emily Duran,DNI,66989178,GB38ULQY73580952671757,2024-08-17 20:22:22,Chile,Perú,5448.68,4397.84,5935.33,1359.8,7.57,23.94,86.15
795,253,Exchange,Gary May,CC,69155978,GB07ORLD90965307521626,2024-02-28 01:03:53,Argentina,México,6432.32,3915.26,7791.19,3410.53,36.43,0.45,184.09
796,746,Tarjeta,Kimberly Green,DNI,54275955,GB96KCQU93126764048373,2024-09-24 15:05:26,Perú,México,5600.56,3433.78,941.64,372.18,36.3,12.29,317.76
797,494,P2P,Ms. Dorothy Roberts PhD,RUT,90274559,GB59NNFO22485414725725,2024-03-24 18:59:00,México,Chile,6954.46,4474.99,2414.54,1163.37,17.94,2.4,218.09
798,294,P2P,Deanna Lowe,CPF,89205706,GB55GGRC28993795434445,2024-06-12 23:22:08,Colombia,Perú,7087.43,2097.63,1386.29,2965.21,7.51,24.8,49.52
799,734,Tarjeta,Matthew Petersen,CC,62920319,GB78DWSW49236233575065,2024-12-25 08:56:30,Perú,México,2853.59,1856.81,5131.33,3943.57,0.83,21.03,212.07
800,679,P2P,Larry Blackburn,CPF,12275855,GB87MCDJ92177833660435,2024-10-14 02:22:04,Colombia,Colombia,6900.72,595.41,5268.8,1605.66,45.02,2.63,152.05
801,715,Remesa,Timothy Mclaughlin,CC,38362424,GB63IPVB66284347331855,2024-10-04 02:53:25,Chile,Chile,4492.85,2140.91,3412.18,1193.27,43.33,8.98,268.93
802,290,P2P,Tommy Pennington,DNI,40606135,GB38MTSD91160640756987,2024-11-18 11:43:24,Colombia,México,8847.66,3780.37,9678.72,4074.04,43.01,16.94,48.02
803,1000,Exchange,Ronnie Harris,CC,40283651,GB45EXAI56415605312943,2024-09-05 21:46:26,Perú,Perú,5510.3,3716.48,2481.1,1580.38,3.79,5.73,95.4
804,555,P2P,Brittany Farrell,CPF,65837632,GB73QKBX79224464107226,2024-08-02 05:44:28,México,Chile,8352.76,453.81,725.78,3137.58,13.64,2.17,16.12
805,220,P2P,Dr. Paul Alvarez,RUT,34690194,GB07ICWG79275606243033,2024-11-10 08:38:18,Argentina,Chile,5750.33,4021.6,2690.38,3296.84,20.44,4.01,386.61
806,980,Remesa,Barbara Jones,CPF,92574681,GB22YPRF71277324669921,2024-03-04 11:37:16,Perú,Chile,2197.99,4176.4,7721.01,424.01,12.7,12.2,406.07
807,754,P2P,Leslie Schneider,CPF,63450027,GB28EZWO41589122817553,2024-10-13 20:44:21,Argentina,México,4896.49,620.41,9158.78,1689.76,15.91,13.38,434.87
808,889,Remesa,Crystal Smith,DNI,96072510,GB23STBY87291337793085,2024-11-03 22:19:45,Colombia,México,9500.27,2326.61,313.07,2545.12,10.03,1.8,15.01
809,215,Remesa,Nathan Swanson,CC,99408250,GB26FTXI04836281894862,2024-06-18 08:55:54,Chile,Argentina,5379.42,1207.41,3508.86,2660.22,11.02,1.25,175.49
810,266,Tarjeta,Vanessa Gonzalez,DNI,52708011,GB51NUBP44555594881419,2024-10-10 20:27:39,Chile,Argentina,6406.34,315.97,6930.46,811.58,27.99,17.62,134.36
811,295,Exchange,Barbara Stevenson,RUT,57175005,GB87DBKZ14706747923615,2024-05-03 13:16:10,Colombia,Chile,8887.04,4339.61,9146.94,175.14,6.29,22.88,151.32
812,235,P2P,Ryan Mccoy,RUT,38273087,GB08DXLY77982566562149,2024-04-12 08:01:45,Argentina,Chile,740.13,285.65,2869.2,2252.37,19.81,18.48,39.03
813,83,Tarjeta,Justin Martin,DNI,25185101,GB09GBSM65632412744078,2024-02-27 04:03:32,Colombia,Colombia,8161.6,3364.62,3396.59,2038.01,45.66,24.11,126.35
814,519,Tarjeta,Emily Fox,RUT,78589480,GB68ISKB61239722508717,2024-06-01 21:05:47,Argentina,Argentina,6364.21,3263.19,1553.02,2527.74,3.15,9.78,168.38
815,514,P2P,Jeremy Marsh,CC,99202978,GB51DHDG01285377983201,2024-05-29 09:53:21,Colombia,Chile,5683.25,231.22,4141.7,3825.36,0.15,8.27,414.06
816,39,Remesa,Mr. Robert Walker,DNI,51218932,GB71NAYG92394460840567,2024-11-04 02:13:24,Colombia,Chile,9986.98,3761.65,3244.92,4494.15,9.99,17.45,456.74
817,280,Remesa,Crystal Ingram,RUT,69405578,GB70PDIR89967999256415,2024-11-12 17:39:45,Colombia,Argentina,843.52,3141.62,3842.13,2571.27,8.79,22.03,248.92
818,302,Exchange,Mark Hernandez,CC,93476746,GB59OVAS30394272933132,2024-05-21 00:20:06,Chile,Colombia,7853.52,1899.61,5252.04,3253.85,16.83,5.5,212.33
819,424,P2P,Jesse Bailey,DNI,86787062,GB35BNXO85431986406616,2024-09-08 05:27:08,México,Chile,697.79,267.66,5203.2,3430.84,44.71,3.13,192.17
820,407,Remesa,Jeffrey Arellano,CPF,76021391,GB30IOVY44955717147034,2025-01-04 21:56:43,Colombia,México,567.02,3739.47,6902.22,2531.64,31.37,4.24,172.38
821,463,Exchange,Nichole Ortiz,CC,11062826,GB72BBOJ84642755121968,2024-11-05 13:52:58,Perú,Argentina,4679.92,2410.44,1359.64,1740.19,31.99,0.42,130.0
822,255,P2P,Nicole Kane,RUT,65509616,GB30QVZD26806650756934,2024-04-21 13:46:24,Argentina,Chile,9334.63,2718.01,6220.94,134.15,35.51,21.53,194.56
823,265,Exchange,Daniel Spence,CPF,31922306,GB70PQKO66551204747467,2024-05-14 01:06:02,Colombia,Argentina,9260.43,3658.49,3763.77,3256.02,2.47,21.02,320.49
824,769,Exchange,Robert Best,DNI,96704304,GB61RGPZ58589054304729,2024-07-20 05:03:18,Colombia,Perú,4889.14,3297.23,1908.93,66.85,15.98,10.22,428.9
825,122,Exchange,Mrs. Christine Greer,DNI,76811695,GB62PSUO68139314020454,2024-02-07 22:09:40,Argentina,Colombia,4091.26,4747.11,7839.78,1320.89,10.24,20.17,354.22
826,992,P2P,Laura Hernandez,DNI,92248991,GB45ZPXT06951200779848,2024-05-04 00:18:17,Chile,Perú,6988.25,1388.08,8164.36,837.64,16.24,17.4,30.26
827,430,Exchange,Mark Brewer,DNI,81971566,GB28AJPW26122703779577,2024-02-28 03:10:09,Perú,Chile,2986.22,962.22,1480.6,2751.13,21.96,23.13,194.61
828,138,P2P,Jennifer Bates,CPF,72127542,GB10YRIJ07915463856707,2024-08-03 11:33:53,Chile,México,2639.17,2472.67,8146.36,1957.6,11.23,2.99,351.29
829,684,Tarjeta,Jasmine Lester,DNI,96722209,GB83IXSJ29617443150671,2024-11-20 03:48:28,Chile,México,5228.87,4534.26,7991.1,3206.68,28.55,13.39,151.24
830,782,Remesa,Kelly Garcia,CPF,88799746,GB28QKWV65892596703131,2024-05-01 21:27:47,México,México,3239.15,901.11,5843.42,4711.72,23.8,5.29,304.65
831,891,Exchange,Kimberly Edwards,RUT,36425299,GB13HDVR74949935069801,2024-02-20 00:33:36,Argentina,México,5579.8,3111.25,8623.99,4823.7,24.1,6.85,32.5
832,32,Tarjeta,Janice Vargas,DNI,60146847,GB94PJAM52613366227532,2024-01-28 10:35:50,Colombia,Colombia,974.98,1940.07,2256.09,197.79,34.5,10.36,124.09
833,534,Exchange,Jasmine Thomas,CC,83591461,GB87QUSP80593044602390,2024-07-30 07:15:03,Colombia,Perú,9902.57,3023.68,7382.31,2114.72,33.88,11.93,429.46
834,4,P2P,Patrick Le,RUT,30761941,GB67BZFJ85267601680732,2024-12-28 12:10:13,Argentina,Chile,3619.1,1141.61,7970.96,2870.46,32.9,1.17,70.86
835,622,Tarjeta,Kimberly Campbell,CC,12829440,GB87GZUF93873696171496,2024-09-19 05:26:08,Colombia,Argentina,130.61,334.07,3352.84,1787.69,16.96,5.95,368.33
836,264,Exchange,Travis Kelly,RUT,30650049,GB59PMOP69092530991539,2024-03-13 00:39:16,Chile,México,4085.5,3953.97,5064.33,2247.67,36.43,9.59,135.65
837,755,Remesa,Rebecca Potts,CPF,21562880,GB38PRZY28572580918142,2024-05-11 19:20:30,Chile,Argentina,7898.61,3273.25,520.47,3124.94,13.66,13.75,227.63
838,298,P2P,Victor Brooks,DNI,67005609,GB97LNBF49195258379928,2024-11-23 04:18:54,México,Chile,8882.35,1660.96,4983.2,3967.42,33.87,16.55,450.22
839,98,Tarjeta,Gregory Carney,DNI,34522200,GB78SJST27685797035866,2024-11-07 07:37:02,Perú,Perú,7851.03,1022.69,5915.4,3673.38,22.15,0.81,377.52
840,320,Remesa,Joseph Little,CC,41803302,GB71GQPO38948030899573,2024-10-14 05:37:42,Colombia,Chile,4596.33,1307.63,4366.13,1209.4,12.89,5.08,156.01
841,61,Exchange,Courtney Lee,DNI,65212840,GB34OCWS13896850100477,2024-04-26 09:52:06,México,Chile,2196.87,1553.13,3014.37,4050.2,41.13,14.86,300.99
842,440,Remesa,Kristen Anderson,DNI,21207362,GB71MCZR16305906759135,2024-10-30 05:40:29,México,Colombia,3255.89,3457.01,1203.72,4314.44,24.69,4.71,76.44
843,634,P2P,Rachel Mendoza,RUT,63866183,GB71LBDD59616667526212,2024-07-31 22:08:06,Colombia,Chile,4229.06,4636.87,678.54,176.7,26.85,1.55,172.03
844,244,Tarjeta,Derrick Carter,CC,86932098,GB30QAJT04356099536278,2024-10-10 21:43:09,Argentina,Argentina,8074.84,3376.08,567.51,1295.42,23.87,1.24,49.52
845,92,P2P,Kathryn Miller,DNI,92134761,GB76IULA50312330848002,2024-04-13 00:23:40,México,Perú,5281.58,2557.61,3312.38,4996.85,45.2,2.74,299.65
846,887,Tarjeta,Cheryl Horton,CPF,83235817,GB02ZYGD85310383579868,2024-10-07 14:55:14,Colombia,Colombia,4219.13,3451.36,5470.13,4918.86,2.96,21.83,323.88
847,262,Remesa,Stephanie Lane,CPF,81800431,GB93YZVX43122655839369,2025-01-01 07:02:40,Argentina,Chile,1458.18,1662.74,4486.59,148.81,4.39,24.35,30.15
848,270,Exchange,Jeremiah Chan,DNI,64976928,GB40DHWU91247163659681,2024-04-03 04:36:37,Perú,Colombia,9990.87,4169.34,2045.86,4220.0,5.44,14.56,381.9
849,911,Remesa,Austin Warren,CC,31908431,GB93XWJW92708421505417,2024-08-08 05:16:19,México,México,6321.12,4939.39,9334.31,94.22,19.78,16.06,487.37
850,889,Exchange,Jessica Melendez,RUT,86793885,GB44WOMX12375880987111,2024-12-19 18:33:28,Chile,Argentina,3238.51,221.59,4380.17,3000.69,7.28,24.06,486.35
851,959,Remesa,Corey Hodge,CC,44807429,GB46JHIR53401533955199,2024-10-18 13:02:25,Argentina,México,745.22,4226.08,6456.16,4252.05,34.28,5.92,389.65
852,730,Tarjeta,Bonnie Cook,CC,47179986,GB15CSUI88539652810440,2024-12-01 17:32:34,Chile,Chile,1588.83,4509.54,2224.05,3951.26,23.4,14.0,350.77
853,353,Tarjeta,Terry Rivera,RUT,50921873,GB64XECT41747529606740,2024-07-12 07:41:32,Colombia,Colombia,4500.76,573.16,5449.57,4087.32,13.86,1.98,66.07
854,910,Exchange,Dr. Edward James,CPF,45796221,GB30ZTEM86033565979379,2024-10-25 00:04:07,Chile,México,2719.35,1577.55,1043.58,1570.98,46.8,13.69,282.87
855,13,Tarjeta,Daniel Clark,CPF,85036576,GB20FGGH80969213023471,2024-08-11 19:01:59,Colombia,Chile,1126.2,693.99,1192.76,3549.25,3.49,14.35,380.27
856,185,Tarjeta,Melissa Jordan,DNI,67943927,GB58WBGR84267947347642,2024-11-13 17:56:44,Perú,Perú,5706.02,2369.82,3649.47,3682.46,31.86,14.0,180.27
857,870,Remesa,Christine Thompson,CC,74193805,GB68LOCM46099844786657,2024-08-02 09:18:51,Colombia,Colombia,8972.96,2628.81,7663.63,3599.62,34.79,10.98,236.17
858,759,Exchange,Thomas Lewis,DNI,25145254,GB30PCEA17366576738185,2024-11-03 17:47:54,Colombia,México,6782.8,3501.06,493.71,1766.22,34.72,23.82,457.57
859,447,Remesa,Tyler Shea,DNI,47059467,GB57XWLC03894392496986,2024-08-04 14:35:59,Colombia,Argentina,6086.04,4478.8,7677.7,523.55,37.05,1.6,424.46
860,389,Exchange,Christina Reynolds,CPF,41168564,GB43WSTS80057778355212,2024-07-30 17:09:35,Colombia,Colombia,7131.14,2330.17,8203.72,2165.26,43.5,19.73,87.31
861,425,Exchange,Karen Butler,CC,96849066,GB16EIEA91871678022308,2024-06-02 10:54:43,Colombia,Chile,2555.56,3131.77,7006.64,677.07,32.59,13.73,79.43
862,259,Tarjeta,Bonnie Green,CPF,20638704,GB26BRQQ45336157663768,2024-02-01 19:29:04,Argentina,México,5994.25,304.37,7733.35,169.91,29.89,10.89,104.53
863,698,Tarjeta,Hannah Alvarado,CC,90426066,GB91GNNQ11070975790143,2025-01-01 01:03:06,México,Colombia,7551.99,175.76,329.02,3385.92,24.5,13.87,486.41
864,183,Exchange,Gloria Owens,CPF,28580457,GB90JTLR87300238627329,2024-09-15 14:32:13,México,Chile,8386.32,3402.63,7987.42,1836.23,13.86,8.35,41.81
865,314,Remesa,Michelle Juarez,RUT,54691896,GB17RVWB30147712706915,2024-07-13 15:04:31,Argentina,Perú,2717.39,187.81,2029.12,706.32,33.19,15.22,201.73
866,113,Exchange,Troy Watson,CPF,63937212,GB49ELTI62331889849976,2025-01-18 15:32:52,México,México,2398.67,4111.25,8572.44,3161.74,30.24,23.65,390.48
867,950,Exchange,Albert Anderson,DNI,64274425,GB02IMWL31623877785297,2024-11-10 14:58:12,Colombia,Argentina,1793.02,988.32,3118.96,2209.59,33.62,7.04,189.29
868,691,Tarjeta,Lisa Hale,CPF,90779675,GB37DHPM36116888918658,2024-11-23 05:32:02,Colombia,México,4141.51,2651.4,5090.7,3947.88,32.86,8.92,329.96
869,972,Remesa,Tammy Valentine,RUT,47221181,GB34IMLI84896402695178,2024-10-15 05:09:54,Chile,México,2231.67,4571.19,4196.7,2645.96,16.05,14.13,91.49
870,701,Exchange,Shari Davis,DNI,56116643,GB93YAMS24672209209798,2024-08-29 05:59:09,México,Colombia,8639.3,1472.39,927.01,3341.37,43.21,9.66,375.84
871,87,P2P,Dr. Matthew Hammond,CC,65926173,GB09YFLV33551527948769,2024-11-01 05:27:55,Chile,Perú,5420.35,1768.52,9658.26,234.25,40.75,17.08,119.15
872,505,Tarjeta,Gregory Kim,DNI,68038789,GB88IIHB48596175913130,2024-09-22 04:02:30,México,Colombia,4808.38,3413.42,3430.45,4475.07,13.87,10.96,97.81
873,84,Remesa,Jose Bailey,CC,60513657,GB09VJZR57695544873909,2024-02-27 15:41:09,Argentina,Colombia,7778.35,3487.83,1259.53,2485.32,24.26,13.0,141.73
874,946,Remesa,Ashley Hall,CPF,20451455,GB17FQUV15349088586789,2024-05-24 04:01:29,Chile,Chile,5044.57,4281.04,5480.03,902.36,8.96,2.09,379.48
875,65,Exchange,Jesse Moore,CC,14611440,GB34LOPJ49211508903189,2024-12-24 23:11:07,Colombia,Colombia,206.92,2691.42,4097.35,1971.46,29.88,8.6,31.03
876,486,Tarjeta,John May,CC,20542387,GB65PKLE60013269172144,2024-06-01 17:22:17,Perú,Perú,1532.92,166.42,6358.77,3754.88,21.11,7.12,298.19
877,784,Tarjeta,Katie Vega,CPF,37804547,GB16RNEK14798649485921,2025-01-18 05:47:58,México,México,1633.29,2722.51,8466.01,3156.79,29.0,6.84,452.69
878,891,P2P,Sheila Rivera,RUT,39768891,GB40FNDT03858567085385,2024-10-10 14:43:46,Chile,Chile,3045.92,1152.54,4772.48,4752.63,25.68,5.17,445.18
879,389,P2P,Kara Cook,RUT,20915730,GB75FZNP28772285462428,2024-07-27 22:18:09,Chile,México,2516.87,2876.14,5342.23,4592.94,36.33,2.37,23.36
880,290,Remesa,Deborah Ramirez,DNI,93519286,GB10HXGC03007393137084,2024-11-18 09:52:22,Colombia,Argentina,1312.61,3777.67,3999.01,3967.3,41.63,23.69,155.06
881,114,P2P,Deanna Mueller,CPF,42702521,GB24HWKV68768289333226,2024-04-30 01:29:44,México,México,6776.22,3542.96,4653.09,4248.83,30.11,3.66,356.58
882,334,Exchange,Lindsey Hernandez,RUT,75484397,GB46GCPR94528428995255,2024-03-25 17:12:50,Argentina,Perú,6735.74,2180.44,9889.35,2704.16,18.61,5.71,458.58
883,629,Remesa,Andrew Ramos,CPF,83277125,GB40SZBF45365096943194,2024-10-06 14:16:29,Colombia,Chile,3360.15,1890.66,283.23,4302.39,48.87,21.54,232.87
884,884,Exchange,Matthew Young,CPF,75033520,GB20MAJS79521721473595,2024-02-27 07:09:43,México,Argentina,3660.6,2659.34,9919.74,4909.3,10.04,18.79,189.29
885,896,P2P,Cynthia Turner DVM,DNI,84337657,GB51GHXL11040502712198,2024-11-09 12:22:33,Chile,Argentina,1695.76,2734.24,1506.38,4860.58,35.64,7.15,40.99
886,811,Remesa,Tina Mason,RUT,47977696,GB13ZZUZ98972284764254,2024-03-19 07:06:48,Colombia,Chile,8962.0,513.54,442.91,3799.87,17.33,3.03,176.63
887,211,Tarjeta,Alexis Barry,CPF,60943485,GB94LEJA78436984398739,2024-09-20 12:16:33,Chile,Argentina,773.5,957.73,7207.52,4694.74,2.06,5.28,189.21
888,136,Exchange,Jennifer Frazier,DNI,30759753,GB48UBFB88670810553142,2024-12-07 08:41:20,Argentina,Perú,8288.91,1755.74,6752.22,3834.03,6.22,6.94,479.19
889,652,P2P,Steven Harris,CPF,47635732,GB38HOJY52207386251419,2024-08-01 07:27:34,Perú,Argentina,4151.67,1690.07,5636.08,2038.96,18.67,13.13,402.71
890,369,P2P,Mary Montgomery,RUT,43331149,GB58SSTN11490177030072,2024-05-24 21:49:51,Argentina,Chile,7683.76,1473.07,5383.27,3382.83,3.1,7.14,455.2
891,606,Remesa,John Davis,CPF,71325394,GB86BAPP50854576991713,2024-08-01 18:20:54,Argentina,México,3094.41,2893.66,6800.92,4207.34,27.56,1.43,11.55
892,960,Remesa,Vanessa Martin,CC,40908776,GB45JGEE47504439404813,2024-05-03 03:41:18,México,Colombia,2005.65,1977.78,9473.92,4941.17,33.98,15.46,434.96
893,415,Remesa,Joseph Harvey,CC,88994035,GB64AGAV80773668046444,2024-07-05 20:00:45,Perú,Argentina,3124.96,3011.09,7137.6,3935.13,41.12,14.31,456.45
894,818,Tarjeta,Timothy Davis,DNI,98318442,GB77XTCV53078618559818,2024-08-09 09:55:53,Perú,Chile,8562.46,1711.15,9819.3,3143.56,33.19,11.42,226.8
895,668,Tarjeta,Bryan George,RUT,87584842,GB11RABB28949679232867,2024-11-03 04:33:11,Chile,México,5168.92,4627.97,5425.19,600.6,5.44,19.4,231.97
896,613,Remesa,Brian Lucas,CPF,75222952,GB14LGST24637723867143,2024-07-29 13:00:18,México,Perú,6440.17,2176.63,9785.15,4862.44,25.87,23.0,337.58
897,350,Tarjeta,Stephanie Hawkins,RUT,96604044,GB42ZDFU01715008702371,2024-03-15 08:37:21,México,Argentina,2043.67,710.78,8344.8,1420.77,27.49,12.96,242.24
898,183,Remesa,Steve Aguirre,RUT,52843637,GB83KPMJ48988194269801,2024-08-01 06:50:37,Perú,México,6606.48,2248.24,1783.28,4509.12,49.95,10.1,33.86
899,263,Exchange,Richard James,CPF,42085909,GB77JWSA66320109710768,2024-02-05 01:25:41,Argentina,Colombia,5666.35,1634.97,6299.98,1736.17,20.96,11.46,168.18
900,57,Tarjeta,Dana Schaefer,CC,98987876,GB37TMAK59865739672194,2024-09-25 10:16:31,México,Chile,4235.07,1764.13,6586.39,1486.99,23.39,17.12,393.38
901,702,Exchange,David Levy,DNI,98798167,GB28CRMT71169373266437,2024-02-12 02:20:37,Chile,Perú,2198.77,1947.84,5035.02,2384.61,35.95,23.51,368.11
902,851,Exchange,Michelle Gonzalez,CC,28378570,GB91RJXY35696245413204,2024-11-12 23:17:12,México,Colombia,5972.92,2661.3,5903.47,3630.31,15.67,6.77,451.47
903,278,Remesa,Carmen Williams,CC,74125423,GB82CHHF24442184425531,2024-04-14 14:48:19,Argentina,Chile,9885.04,1383.58,502.63,741.35,7.13,12.99,354.62
904,976,Tarjeta,Lawrence Henderson,CPF,73444031,GB69DZEW62584329804612,2024-07-17 13:55:53,Argentina,Perú,6228.41,4975.02,6357.12,3151.84,35.75,11.74,439.61
905,886,Remesa,Tyler Griffin,CC,31848749,GB88ELER14668305651864,2024-11-15 06:11:08,Argentina,Perú,5215.11,4472.15,2278.42,1505.1,13.03,6.35,268.62
906,54,P2P,Valerie Gay,CPF,87713592,GB41WPQU05541729390481,2024-10-02 18:35:02,México,Chile,7730.8,1808.98,844.36,4708.09,48.28,9.24,286.7
907,322,P2P,Jennifer Anderson,DNI,86692457,GB91HZOJ22217922310670,2024-11-10 05:08:57,Colombia,Chile,8953.1,4314.89,764.72,868.22,24.69,5.98,234.03
908,12,Remesa,Phyllis Greer,CC,19799067,GB69GHAI85782457960450,2024-03-08 22:50:47,Argentina,México,6950.78,1800.03,8916.5,2437.64,2.14,19.33,348.42
909,461,P2P,Ryan Lewis,DNI,13774888,GB20RRIU75507626906661,2024-10-12 22:12:41,México,Perú,1945.9,1420.14,2756.5,2719.17,42.01,5.34,454.37
910,390,Tarjeta,Jason Travis,DNI,91747777,GB33ZMGJ98289855371440,2024-09-02 10:40:22,Perú,Argentina,2985.62,4144.19,2390.96,4584.05,10.4,4.31,304.87
911,189,Remesa,Joe Williams,CC,12442477,GB19LRPL88619408877839,2024-12-12 16:47:47,Argentina,Argentina,1809.89,3731.29,3685.97,4635.16,9.2,19.39,209.65
912,293,Exchange,Mrs. Anna Jacobson,CPF,87569238,GB93PBIY57243953314597,2024-07-08 16:17:07,Argentina,Chile,145.95,2573.33,3267.57,435.1,10.0,16.1,174.77
913,503,P2P,Lauren Fox,RUT,99570914,GB30EZIP19933071709882,2024-12-22 20:02:08,Perú,Argentina,1507.03,2076.21,5264.2,2287.95,46.25,11.41,391.28
914,150,Exchange,Raymond Young,RUT,54821089,GB34RSTL08770969448942,2024-05-07 17:35:45,Perú,Chile,8764.07,2244.63,3211.57,421.07,21.79,11.12,436.98
915,980,P2P,Gerald Wilson,CPF,52547723,GB03ADNA40762298439944,2024-05-14 17:22:37,Colombia,México,8607.3,2845.95,4033.96,3609.66,1.25,7.17,239.53
916,392,P2P,Phillip Khan,CPF,66233076,GB70EOQR58070386955794,2024-09-02 09:15:47,México,Argentina,3626.04,2190.75,8164.75,2707.88,25.96,21.17,339.27
917,777,Tarjeta,James Park,CPF,97914927,GB23ONMT14965043396397,2024-03-22 22:47:45,Colombia,Chile,6331.84,4055.6,8340.58,3782.45,47.37,22.39,152.69
918,786,Remesa,Dawn Martin,DNI,90713647,GB92NZFE17664778685940,2024-04-15 06:21:43,Chile,Chile,6865.51,1041.54,9480.63,4396.06,35.09,8.39,463.78
919,51,Remesa,Jaime Mack,RUT,20832251,GB69TMLO17345420935894,2024-05-15 21:01:42,Colombia,Perú,2361.21,2524.79,5458.84,90.73,9.28,24.93,108.39
920,534,Exchange,Mark Griffin,CPF,43809941,GB12JTKV83012665275518,2024-07-04 09:31:09,Argentina,México,992.13,2517.94,1254.15,2309.36,23.17,1.89,197.27
921,237,P2P,Barbara Murillo,DNI,72572422,GB20XXYH08602719440208,2024-08-11 22:28:36,Chile,Perú,7155.01,2423.57,7102.58,4828.31,48.74,23.05,92.0
922,528,Tarjeta,Yesenia Ortiz,RUT,11219311,GB72HZWD50070706468189,2024-04-20 04:56:57,Colombia,Colombia,9050.34,4401.28,7479.95,699.32,26.66,12.42,114.79
923,797,Remesa,Sarah Bell,DNI,55641137,GB60WJDY33493705664620,2024-03-07 06:10:35,Perú,Chile,131.91,2258.24,4673.8,2817.65,27.97,5.54,151.3
924,929,Exchange,Angela Campbell,CPF,10453780,GB50LSFB42177908134203,2024-11-27 01:21:46,Argentina,Chile,2017.09,4768.69,9421.08,2863.22,5.0,16.47,488.94
925,143,Tarjeta,Richard Ramirez,RUT,79622259,GB09PRXQ55408863954597,2024-12-19 00:35:33,Perú,Chile,6978.6,1009.76,690.51,756.48,0.69,23.63,496.43
926,704,P2P,Kaylee Bailey,CPF,38467029,GB46KTMS91612620699543,2024-11-03 07:10:22,Argentina,Argentina,4533.93,2602.46,8843.79,1055.18,45.9,17.53,289.22
927,718,P2P,Mrs. Jessica Morgan,DNI,83091662,GB23RAVL22137757334283,2024-04-30 15:37:37,México,México,944.69,4247.49,3622.62,2380.57,43.96,7.66,314.22
928,96,P2P,Crystal Black,RUT,76318701,GB64FLJF74597779352627,2024-11-28 02:32:15,México,Colombia,8248.38,3550.33,3745.05,4155.05,23.97,20.96,399.43
929,235,Tarjeta,Patricia Smith,DNI,35097409,GB77DMZZ68629776524970,2024-05-11 08:55:34,Argentina,Perú,2960.53,4426.37,7538.04,2680.42,20.42,24.54,493.86
930,360,Remesa,Lee Garcia,CPF,34501059,GB19NKIV60298604617231,2024-03-30 11:14:47,Argentina,Argentina,1216.9,1731.73,7092.81,2385.55,39.38,3.69,416.78
931,644,Tarjeta,Lori Walters,RUT,34465863,GB98ICHF12625570114423,2024-02-05 02:35:01,México,Colombia,7198.01,70.4,1706.12,2407.31,10.1,21.4,488.09
932,437,Remesa,Benjamin Chang,DNI,46335676,GB96EJGH34349206936423,2024-09-28 20:51:46,Perú,Chile,481.31,3446.57,1239.35,4177.13,12.1,13.38,498.51
933,836,P2P,Micheal Brown,CC,17665154,GB79YOMY61627753975298,2024-10-01 13:47:04,Perú,Colombia,9815.88,1701.76,7496.79,1848.95,40.16,15.39,348.78
934,298,Tarjeta,Tiffany Randall,DNI,81418625,GB48JPGL17244056527158,2024-10-20 03:13:50,Colombia,México,1543.14,3811.69,1280.39,997.34,9.32,17.66,281.97
935,216,Remesa,Scott Yang,RUT,85405364,GB44KKZO24159847924645,2024-02-12 09:29:47,Colombia,Chile,3100.35,1297.39,1801.49,1099.89,23.41,1.7,496.3
936,446,Remesa,Andre Cook,DNI,47382978,GB59OULK39810582377372,2024-11-24 23:41:35,Perú,Colombia,3229.71,4580.46,9263.88,225.74,3.78,4.81,22.54
937,99,Remesa,Jamie Myers,CPF,17064929,GB29CUVF06643362495685,2024-05-13 14:51:27,Argentina,México,5333.95,3192.68,4766.91,1633.2,40.32,20.13,476.01
938,521,P2P,Richard Ramirez,RUT,74917062,GB53GYUV14637489362833,2024-02-10 01:01:16,Colombia,Argentina,4794.68,3617.03,471.17,2863.16,42.63,2.71,302.16
939,168,Exchange,James Gibson,CC,56577704,GB37CMAV72763227579205,2024-11-08 10:36:18,Argentina,Chile,6790.16,745.54,3800.63,1824.91,4.86,0.3,495.28
940,811,Exchange,James Rivera,RUT,13551929,GB68CCAC16474062209625,2024-04-18 11:11:00,México,Argentina,1292.64,1120.44,6749.6,4986.3,45.56,20.55,127.5
941,115,Remesa,Natasha Sims,CC,15383308,GB64BLTH53627139771277,2024-05-11 00:36:03,Perú,Colombia,4491.07,1536.63,3856.25,617.32,48.94,22.48,161.52
942,459,Remesa,Kevin Farmer,CC,52455264,GB43MLMY81074336450728,2024-02-12 22:51:23,México,Chile,7866.34,2235.81,7950.66,980.73,48.64,18.3,258.02
943,283,Tarjeta,Lisa Stephens,RUT,68792004,GB90ATPJ19210670078788,2024-12-01 10:15:20,Colombia,Argentina,8383.72,4496.08,3926.18,3092.33,41.23,2.63,118.98
944,153,P2P,Kristina Baker,CPF,90972156,GB48CFXG11083036153068,2024-12-11 18:30:06,Perú,Chile,3430.63,578.44,3423.19,1931.27,3.09,8.41,162.11
945,938,P2P,John Bates,DNI,82984125,GB89TTRY15590149667025,2024-04-02 09:52:17,Argentina,Chile,5434.36,4929.1,5637.04,3940.0,30.64,18.73,51.48
946,550,Remesa,Emily Ortiz,RUT,13977611,GB80MWWS16326663167496,2024-10-17 23:47:03,Argentina,Argentina,1932.89,4064.28,7497.9,1964.31,32.45,5.19,131.32
947,138,P2P,Chloe Henderson,RUT,33651294,GB44EQZI13011135384939,2024-10-30 18:54:35,Argentina,Chile,9573.12,798.43,6691.14,3045.18,24.41,5.94,413.77
948,270,Exchange,Nicole Rodriguez,CC,53341937,GB68QYKU25732426118218,2024-08-07 22:37:38,Perú,Colombia,8400.84,4112.1,1592.15,3979.09,48.03,5.02,428.01
949,27,Remesa,Michael Castillo,CC,98896960,GB81HMTK48324564847156,2024-02-23 15:34:29,Colombia,Chile,4713.53,463.84,5256.04,2062.78,30.73,0.38,55.3
950,501,Tarjeta,Christopher Christian,CC,75394811,GB52YFOL15243297128132,2024-01-25 03:55:46,México,México,6560.1,2654.39,3681.81,349.79,37.92,19.07,456.16
951,390,Remesa,Charles Wood,RUT,89537348,GB35TKCH95603100637440,2024-10-15 09:04:38,México,Colombia,1213.42,2269.48,3850.01,2491.76,12.26,20.31,434.94
952,593,Exchange,Alexander Martinez,CC,87417301,GB12XPBK34628645610343,2024-03-11 21:15:54,México,México,332.44,4156.21,360.36,2241.8,3.78,9.11,120.01
953,271,Exchange,Brenda Clark,CPF,40895736,GB80PFWR42454351685521,2024-11-11 06:59:13,Chile,Perú,2698.36,3578.25,861.15,1624.0,7.71,10.91,383.67
954,299,Exchange,Mrs. Bethany Taylor,DNI,83812929,GB17TUHI16891439444103,2024-11-22 00:33:51,Perú,Argentina,6578.76,1981.16,6214.88,1087.84,43.25,10.32,18.18
955,565,Exchange,James Snyder,CC,68677414,GB30LCZU01367423096738,2024-08-01 16:17:10,México,Argentina,1314.84,3204.25,4095.22,2370.03,3.42,6.56,132.99
956,811,Remesa,Heather Jones,RUT,87420134,GB48TIUT33713667523459,2024-09-22 13:06:11,México,Colombia,4443.34,1511.62,6104.3,1181.09,31.85,4.15,53.69
957,277,Tarjeta,Jamie Hines,CC,80117692,GB09RFOA43843892804794,2024-05-06 17:53:46,Chile,Chile,2379.58,4535.28,6314.22,3704.57,29.02,17.72,413.55
958,785,Exchange,Elizabeth Martin,DNI,75346660,GB35UOFM33020701560126,2024-07-15 11:14:10,Chile,Chile,898.06,1185.01,6577.92,2155.85,32.52,6.94,271.16
959,221,Exchange,Cassandra Hernandez,DNI,25226449,GB94KUGS50603999851232,2024-02-17 16:59:30,México,Colombia,2250.48,1221.44,7850.25,2675.87,39.77,13.53,67.78
960,60,Exchange,Katherine Bonilla,CPF,18233861,GB66VNGQ40473405591029,2024-11-09 08:52:56,Chile,Colombia,9271.64,2278.27,2475.97,1385.81,8.08,19.3,390.84
961,255,Tarjeta,James Martin,RUT,44778801,GB57RFDI28332292956561,2024-09-30 01:28:59,Perú,Chile,1622.43,350.88,648.99,1984.07,32.85,12.54,227.61
962,92,Remesa,Stacy Wolf,CPF,70102312,GB04RBZW00731858884473,2024-11-05 08:35:53,Argentina,Argentina,8461.06,4751.4,5157.02,2161.38,48.44,3.89,392.48
963,939,P2P,Michael Simpson,DNI,84063819,GB81AMAY05167645994054,2024-12-09 03:07:14,México,Chile,6479.1,1264.48,9207.94,410.44,18.1,16.2,251.7
964,870,P2P,Nicholas Bradshaw,CPF,73425732,GB35TNTN08732063247212,2024-05-28 20:04:54,Argentina,Colombia,5803.58,806.42,2704.69,1560.19,27.69,22.95,399.5
965,319,P2P,Jessica Deleon,RUT,82441531,GB86ODHS69382001968301,2024-03-26 00:23:14,Chile,Chile,2337.32,350.51,801.24,3461.72,27.98,1.29,228.21
966,503,P2P,Leslie Smith,CPF,37512304,GB35LZYD00916779437488,2024-06-05 19:12:37,Perú,Argentina,4726.82,132.83,2518.38,4624.06,5.3,20.34,406.77
967,732,P2P,Monique Mcconnell,CPF,48177279,GB71DRXV10117659470836,2024-05-05 07:34:52,Argentina,Chile,8387.74,837.94,1993.1,2288.45,1.7,23.81,41.85
968,511,P2P,Shawn Wallace,DNI,30791445,GB46XVEL95896213450641,2024-02-04 02:55:28,Chile,Argentina,9205.92,816.53,8894.4,1617.43,32.65,10.77,495.53
969,494,Remesa,Chloe Miller,CPF,91700742,GB33VPPB86131288384852,2024-12-30 13:59:14,Perú,México,3707.84,3776.65,9467.97,2185.16,36.15,11.99,372.69
970,115,Tarjeta,Mrs. Robin Ball,DNI,63965757,GB65MJYH41704309293848,2024-04-11 05:59:48,Argentina,Chile,4509.37,999.67,1115.37,2477.97,30.32,8.31,400.53
971,119,P2P,Mark Adams,DNI,43377802,GB55LVQQ88580777605389,2024-02-04 06:23:16,México,Chile,4446.03,3216.27,3878.85,1330.96,32.56,16.63,238.16
972,782,P2P,Allen Farley,CC,21746400,GB72VATI79139035102230,2024-08-16 07:13:36,Chile,Colombia,5241.67,1445.21,292.98,2158.46,2.81,8.44,231.29
973,60,P2P,Jane Wiley,CC,40475184,GB21DNTW46841449009318,2024-02-07 15:35:30,Argentina,Argentina,6026.84,2476.93,1930.33,4052.79,31.75,4.98,290.0
974,312,Remesa,Amber Page,CPF,19289956,GB36YBFS46261869744573,2024-04-14 15:47:54,México,Argentina,4288.04,2307.21,6481.12,2871.17,48.99,17.24,118.04
975,667,P2P,Steven Webb,RUT,34965984,GB51XIDX09711442116235,2024-10-20 11:26:00,México,Colombia,4308.85,144.47,634.03,3658.28,15.06,11.26,242.59
976,955,Tarjeta,Joseph Banks,DNI,64800269,GB22MKSV80600217413566,2024-12-22 16:05:16,México,Argentina,7530.12,539.25,6447.24,1461.79,21.98,2.21,490.45
977,91,P2P,Kelly Franklin,CPF,11091163,GB64QKEJ67332350118135,2024-08-24 00:29:06,Colombia,Argentina,6017.15,144.65,6076.6,4870.94,22.21,21.53,320.24
978,34,P2P,Vanessa Love,DNI,16148065,GB89JUJA81243438233823,2024-10-25 06:50:46,Colombia,Argentina,2989.73,930.21,1734.35,4351.98,45.02,13.2,256.8
979,151,P2P,Andrew Robinson,RUT,38252656,GB84LHYW59698189958889,2024-06-28 21:47:36,Perú,Argentina,8010.47,4059.93,7811.66,2638.2,26.75,9.21,302.25
980,277,Exchange,Mark Shepard,CC,50285658,GB81FUTA93055756774142,2024-03-03 00:42:49,Argentina,Argentina,1149.3,4099.57,1558.68,2536.0,15.37,8.08,250.03
981,768,Tarjeta,Jennifer Douglas,CC,56556135,GB93ONVQ07848747810835,2024-06-11 14:38:32,Colombia,Chile,4004.24,3621.25,6106.98,4075.58,40.78,20.16,100.35
982,767,Remesa,Dylan Conrad,DNI,77541875,GB06JATR68869809364296,2024-04-24 09:13:57,Colombia,Argentina,2151.92,4976.45,9969.93,1536.62,4.74,16.75,70.73
983,143,Tarjeta,Brittany Mann,CC,47470215,GB95IYID67716133138985,2024-04-16 06:29:05,Chile,Chile,5181.04,2643.48,6550.6,1343.84,22.54,12.35,440.34
984,358,Exchange,Brittney Harrison,CPF,22595389,GB54JGSE22662942103034,2024-04-23 00:02:14,Perú,Argentina,5764.97,2242.02,5572.73,2881.57,49.95,6.92,266.6
985,935,Remesa,Edgar Morgan,DNI,19397601,GB74OKMS34388396585888,2024-09-27 11:18:40,Argentina,Colombia,7310.28,4163.64,3647.39,3531.58,20.09,1.49,17.71
986,659,Tarjeta,Alice Johnston,DNI,60934526,GB22SLFO31244878469414,2024-06-18 04:47:04,Chile,Perú,8740.29,1375.56,246.4,1652.55,38.94,9.61,416.34
987,64,Tarjeta,Paula West,CPF,86713656,GB85RDAJ77687131081149,2024-04-15 23:20:16,Perú,Chile,5651.97,1114.87,7529.53,3723.52,32.95,23.92,322.34
988,297,Remesa,Rachel Garner,DNI,13040835,GB64YJGW18156068372077,2024-10-11 06:33:19,Perú,Chile,5334.26,3440.84,8152.99,2413.68,33.93,18.96,235.15
989,473,Tarjeta,John Conrad,RUT,73707695,GB72UJQJ42933749284967,2024-04-18 17:17:39,México,Perú,7114.27,4448.79,5275.72,4703.84,17.42,15.69,498.81
990,335,Tarjeta,Alexa Rangel,CC,17206227,GB43PKZI20931799788217,2024-07-24 07:02:26,Argentina,Argentina,9713.82,605.59,2480.98,121.15,26.74,14.28,353.18
991,955,Tarjeta,Tiffany Lawson,DNI,88863339,GB07FCQZ65707363627555,2024-05-11 16:58:56,Perú,Perú,3306.36,4796.98,9969.08,1561.8,19.58,9.67,449.54
992,894,P2P,Carrie Franklin,CC,95031550,GB48ESNS63633965572324,2024-10-08 16:05:22,Colombia,Colombia,8445.31,137.62,6848.19,3235.38,39.1,16.12,294.32
993,77,Remesa,Isaac Cline,RUT,85294432,GB19PGTD12527358455524,2024-09-18 11:53:47,Chile,México,1574.21,94.03,663.12,546.31,19.32,13.89,277.72
994,630,P2P,Heather Quinn,RUT,25664558,GB04SZHY51934188607799,2024-12-28 01:55:18,Chile,México,9862.29,781.39,7772.41,135.31,4.98,23.06,149.04
995,951,Remesa,Mrs. Rachel Reed,RUT,53481616,GB10ZRHE96212524768066,2024-02-18 07:54:03,México,Argentina,7408.85,269.3,1119.58,441.78,21.01,22.01,93.72
996,257,P2P,Alfred Schneider,DNI,57958719,GB74UCYK28911483073057,2024-06-29 06:56:52,Perú,Colombia,4583.1,2123.41,6193.15,4792.5,44.72,20.42,320.9
997,688,Remesa,Michael Mitchell,CPF,86011098,GB35OPOO65260978209862,2024-08-18 05:41:32,Argentina,Colombia,1318.31,3373.76,5572.15,3408.53,14.16,0.8,130.41
998,182,Remesa,Darlene Jordan,CPF,87692064,GB11FJVJ58651189380113,2024-12-13 02:09:34,Chile,México,7177.48,2086.35,1169.94,69.05,5.24,14.06,72.35
999,916,Exchange,Richard Garcia,DNI,19616607,GB60CXOL10452038616427,2024-06-29 10:50:07,México,Argentina,732.52,587.04,3371.88,786.07,7.17,6.98,303.66
1000,253,P2P,Ryan Glover,CC,40556377,GB46DAPD91128553338245,2025-01-02 20:58:20,México,Chile,7107.96,3020.02,259.16,4689.23,2.86,18.74,319.26
1001,224,Tarjeta,James Campos,CC,83297148,GB88ESSN94507733552524,2024-05-05 11:52:25,Chile,Chile,1184.51,2666.67,8409.05,2237.61,8.8,24.51,162.1
1002,247,P2P,Karen Miller,RUT,86363447,GB50VSPL20948450257509,2024-10-20 15:31:25,Chile,Chile,2088.5,2456.58,4910.49,4180.63,5.49,10.82,297.04
1003,97,Exchange,Roger Williams,CPF,56407648,GB34SYYI58713722521900,2025-01-07 03:59:09,Colombia,Colombia,3632.92,3503.93,5818.39,4729.94,40.33,19.67,23.48
1004,386,Tarjeta,Regina Haynes,RUT,98812742,GB97IKUU14026504956833,2025-01-16 11:28:49,Argentina,Chile,9010.01,3528.85,339.17,2812.02,0.29,3.85,366.27
1005,264,Exchange,David Singleton,CC,22168173,GB51PYKN93201271642304,2024-12-21 03:18:52,Perú,Argentina,1112.58,1960.34,5602.33,4037.84,19.64,7.03,25.04
1006,90,Tarjeta,Vanessa Morton,RUT,22322992,GB91GNYN23972681281775,2024-10-08 07:23:17,Argentina,Perú,5060.63,3131.9,6035.55,4996.84,23.46,11.72,493.78
1007,456,Exchange,Valerie Dunn,CPF,47741305,GB15SWEX42107353788875,2024-10-26 18:00:44,Colombia,Colombia,1115.05,3620.32,3312.67,744.9,26.94,7.63,60.21
1008,539,Tarjeta,Robert Martin,DNI,31397021,GB69XKVE45467423356888,2024-11-14 17:28:27,México,Argentina,3862.27,383.95,7289.61,747.31,42.92,0.54,328.36
1009,853,P2P,Benjamin Gonzalez,DNI,79588003,GB80AEEP77835423047278,2024-05-17 18:09:41,México,Colombia,6407.19,2602.97,521.38,2095.85,39.2,4.44,211.5
1010,163,Remesa,Eric Morales Jr.,CC,69759181,GB08DFZV95842851110291,2024-07-19 22:44:34,Perú,México,3075.86,930.46,4133.47,1416.27,6.89,2.93,155.22
1011,332,Remesa,Phillip Reilly,CC,31398551,GB60BXAK62824196660860,2024-02-02 18:54:27,Colombia,Perú,6200.31,2795.34,4277.33,4205.51,37.07,13.49,146.38
1012,864,Exchange,John Cook,DNI,43039557,GB22KYQC86569973459996,2024-12-29 07:02:58,Colombia,Colombia,7261.65,3902.74,2787.82,3850.95,23.37,1.3,341.39
1013,992,P2P,Katrina Arias,DNI,18373529,GB27BZRO29176945633981,2024-03-18 21:40:13,México,Chile,2714.43,3181.28,5514.87,4640.34,33.75,1.6,427.83
1014,610,Tarjeta,John Rodriguez,DNI,47407246,GB51KRTR74688690522966,2024-12-18 13:26:32,Perú,México,2026.18,3642.43,245.72,474.39,31.23,2.37,476.1
1015,247,Remesa,James Wood,CC,46044596,GB60BSBD16303127276382,2024-02-07 22:56:39,Argentina,México,4403.17,1724.64,7327.24,907.26,44.6,5.39,397.05
1016,987,P2P,Robert Lopez,CC,55314586,GB39VZZB92424405477386,2024-08-11 08:16:10,Colombia,Chile,6023.96,1291.1,9877.61,3199.24,32.36,7.84,264.36
1017,16,Tarjeta,William Carlson,CPF,16209170,GB36TELV99382705265728,2024-10-20 14:46:33,México,Chile,5366.84,4810.47,6071.65,4508.2,41.84,3.96,451.66
1018,962,P2P,Diane Houston,CPF,74973218,GB10HVTY79225977795846,2024-07-08 05:53:11,Perú,Perú,9666.34,3817.46,6418.68,3083.55,15.61,18.57,163.56
1019,523,P2P,Jessica Lopez,RUT,94142950,GB40FLPM77883361780722,2024-05-22 07:03:15,Perú,Perú,7139.6,4576.19,8611.74,671.56,33.68,22.76,93.29
1020,203,P2P,Dr. Elizabeth Dunn,DNI,56720469,GB28HWXF60018955449657,2024-05-02 13:34:35,Chile,Colombia,3737.46,522.0,2049.11,2322.51,12.65,4.54,223.47
1021,614,Tarjeta,Angel Mathis Jr.,RUT,51922151,GB73GJPL53693171320298,2024-10-09 08:34:17,Colombia,Perú,3080.14,2331.57,1727.03,3850.65,35.37,19.72,407.52
1022,247,Tarjeta,Martha Sanchez,CPF,18799551,GB86IOEJ27859894518041,2024-09-03 09:26:30,Perú,Perú,9639.51,3971.38,1524.31,4260.97,47.88,3.76,279.63
1023,786,Exchange,Tammy Liu,CC,19429338,GB98XBXX30706766595964,2024-01-28 23:05:31,México,Perú,4811.82,4567.21,3484.48,297.44,28.48,13.53,49.96
1024,888,Remesa,Rebecca Johnson,DNI,79085122,GB15FOTF84710941422767,2024-02-01 14:31:20,Colombia,Argentina,7622.23,1643.7,6231.91,3343.52,6.64,15.9,227.87
1025,893,P2P,Jordan Erickson,CPF,71546516,GB14BCZT52860125078880,2024-07-30 23:51:47,Perú,Argentina,4848.57,1250.97,5573.02,2209.76,6.38,20.4,22.49
1026,794,Tarjeta,Nicole Fox,CPF,39856001,GB73BEQA66738636660847,2024-06-26 08:13:35,Colombia,Perú,6780.79,931.37,563.99,4721.12,46.48,9.01,489.51
1027,630,Exchange,David Anderson,RUT,84967953,GB80DQCY53032938621283,2024-02-20 20:17:16,Perú,Colombia,2467.08,4649.58,7511.01,4785.01,19.42,10.08,387.54
1028,633,Exchange,Stephanie Simmons,DNI,65744052,GB23CQOP41536464849916,2024-08-01 09:17:23,Argentina,Perú,2189.93,3771.77,5305.64,64.45,4.74,16.73,23.42
1029,581,Remesa,Thomas Chapman,DNI,15117249,GB26RTLS19608966309631,2024-04-06 22:49:02,Colombia,Colombia,5166.52,3979.91,3325.3,3773.18,10.69,24.26,220.46
1030,766,Tarjeta,Eric Brown,CC,12960863,GB58CGGY89879175580290,2024-08-25 18:50:38,Chile,Perú,826.25,3513.9,9180.74,4612.54,34.14,11.74,313.62
1031,165,Remesa,Jessica Harris,DNI,63655889,GB39HCSD85649495562427,2024-11-10 12:50:43,Perú,Colombia,4984.17,2547.82,7000.19,293.31,23.2,10.5,393.73
1032,254,Remesa,Megan Ramos,RUT,57611801,GB64ROKA10262883053651,2024-09-09 18:35:43,Argentina,Argentina,1987.73,2124.56,938.62,4515.67,31.04,19.21,61.78
1033,619,Remesa,Elizabeth Christian,CPF,70932980,GB72MZQK91577711751042,2024-07-03 09:02:23,Colombia,México,7598.79,4417.92,5156.05,1499.22,6.73,1.47,41.28
1034,816,Exchange,Joyce Terry,CC,31496568,GB19IZVR16068099857087,2024-02-07 21:47:30,México,Colombia,6359.18,3171.34,8889.47,4635.2,45.51,17.58,131.69
1035,678,Remesa,Mrs. Tiffany Lamb,DNI,86663245,GB75BRQL65442444941119,2024-05-14 10:02:09,Chile,México,156.52,2909.65,5651.48,3014.95,19.98,0.17,252.43
1036,629,Remesa,Miranda Reed DVM,RUT,78785471,GB35TSZP85335202895003,2024-03-01 23:54:33,Argentina,Perú,3420.33,4274.3,9425.88,719.62,19.58,20.84,335.98
1037,449,P2P,Stephen Sawyer,CPF,81509142,GB04EKZT56907081144740,2024-08-10 18:30:43,Argentina,México,1639.77,2698.24,8526.74,2114.25,37.32,14.25,164.98
1038,57,P2P,Paul Ellis,CPF,59097514,GB49SHWB09433266219672,2025-01-10 13:32:00,Argentina,Colombia,5592.01,2526.49,1753.65,4377.54,3.11,8.2,430.99
1039,718,Tarjeta,Miranda Rogers,CC,21824980,GB82JOOB44091551908454,2024-08-26 09:09:17,Argentina,Perú,9758.46,2247.91,331.77,2489.77,32.64,24.84,448.73
1040,938,P2P,Danielle Jones,CPF,42685426,GB40QLRC51370749847664,2024-05-13 04:44:05,Argentina,Chile,3844.95,3330.64,182.53,4288.52,36.09,5.89,306.2
1041,241,Remesa,James Hawkins,RUT,94987543,GB47OKIY53246734271917,2024-10-05 03:41:30,Argentina,Chile,9804.22,4853.65,4488.46,1678.46,48.45,5.88,25.5
1042,961,P2P,Mark Mathews,CPF,83634229,GB72BMPT86234066834294,2024-08-04 06:00:46,Colombia,Chile,6113.7,1785.14,2117.91,3767.05,30.83,13.8,28.2
1043,230,Exchange,David Taylor,RUT,28638425,GB26RXMT19000168149230,2024-03-10 05:51:14,Chile,Chile,9542.91,3424.64,9925.11,2934.35,17.05,5.17,268.25
1044,338,P2P,Kathryn Miller,RUT,91191136,GB39CFNN16898849956974,2024-06-08 04:15:15,Colombia,Chile,892.12,1589.23,3786.91,3776.99,15.31,8.61,409.36
1045,583,Exchange,Aimee Edwards,DNI,80347575,GB76HITF61013772855182,2024-02-05 23:08:08,Chile,Argentina,9543.46,4741.25,3076.51,3392.53,23.48,15.98,338.57
1046,126,Remesa,Sharon Hopkins,RUT,30969578,GB38QRWJ96668392284537,2024-10-27 10:37:18,Chile,Argentina,6685.96,2759.45,1400.15,4106.79,40.74,24.62,204.37
1047,485,P2P,Caroline Miranda,DNI,38880937,GB11VBSB19191285831086,2024-09-21 16:16:56,México,Colombia,8179.15,3665.06,4086.89,2116.53,20.87,6.9,34.14
1048,663,Tarjeta,Joshua Fox,DNI,55620886,GB73XZJH62683936272814,2025-01-21 04:38:49,México,México,8173.93,1609.58,9641.81,4131.43,37.77,11.28,356.05
1049,545,Tarjeta,Elizabeth Evans,CPF,63574426,GB75FTTN61289739147147,2024-09-16 11:22:59,Argentina,Chile,6783.99,4251.44,4111.68,3195.34,41.51,24.52,162.39
1050,200,P2P,Katherine Dean,CPF,73471093,GB06GDRQ18321460988232,2024-12-10 22:37:26,Perú,Perú,5723.1,2614.13,2784.46,4434.81,5.15,18.93,65.97
1051,91,P2P,Nicole Gonzalez,CC,22605879,GB04ARGX66077727670529,2025-01-01 20:41:01,Colombia,Colombia,8275.06,519.02,5348.94,925.2,46.24,1.64,323.42
1052,152,Remesa,Kevin Pearson,DNI,54107635,GB63VODX17039880514059,2024-03-04 07:08:36,Colombia,Chile,3993.79,4844.5,2497.55,4514.01,18.02,3.52,37.45
1053,597,Remesa,Sara Allen,CPF,53776436,GB15GGGD65720673973715,2024-06-08 03:23:13,Argentina,Argentina,7270.25,802.39,2674.81,174.1,34.07,9.93,56.77
1054,493,Remesa,Kurt Garcia,RUT,70796070,GB85OESD92780332932308,2024-06-01 17:54:10,México,Perú,8467.08,2841.02,1011.11,4191.58,38.09,12.44,142.8
1055,938,Remesa,Brian Holland,CPF,97213330,GB21FVXO45458910530248,2024-11-27 03:53:52,Chile,México,2994.53,4761.39,4593.11,4913.92,22.64,1.08,103.8
1056,958,P2P,Nancy Curry,RUT,24027015,GB57XVTM92548947501085,2024-02-23 07:17:46,Colombia,Colombia,1466.25,3634.88,9912.26,3083.99,13.74,16.88,448.18
1057,150,P2P,Brittany Robles,RUT,85503129,GB57HPLH53042482600053,2024-09-20 08:31:29,México,Colombia,7868.05,3210.37,2208.77,4738.42,45.42,22.61,300.59
1058,202,Exchange,Taylor Mendoza DVM,CC,41865404,GB38XCHT73182366646159,2024-06-03 21:37:23,México,Argentina,8129.21,2717.34,5752.62,1344.77,36.2,17.9,291.74
1059,606,Exchange,Jacqueline Hall,DNI,99313263,GB50UIAH03050158807548,2024-06-24 23:40:24,Chile,Perú,5764.24,1580.96,9841.38,3432.21,42.95,1.74,102.14
1060,255,P2P,Nina Hurst,DNI,25649483,GB95UQGD64134388808785,2024-10-19 03:19:03,Chile,Colombia,8456.58,4809.92,1404.89,3930.69,36.26,6.73,334.86
1061,743,Exchange,Douglas Dennis,CPF,16848523,GB61FPIK20266510004739,2024-11-28 18:12:37,Colombia,Colombia,6575.4,846.19,9952.73,1308.45,46.73,13.29,342.53
1062,667,P2P,Courtney Myers,DNI,17784095,GB78GLRE25813110113313,2024-07-09 20:10:52,Chile,Perú,6848.44,3988.24,392.23,3907.14,2.13,12.96,474.53
1063,711,Remesa,Katherine Gray,RUT,86242258,GB57LGNZ48783919175323,2024-08-19 07:37:03,México,México,583.11,4102.27,9574.92,158.5,21.36,5.89,274.61
1064,676,Remesa,Devin Vasquez,DNI,74054933,GB42CXPD36140580087502,2024-11-24 18:16:07,Argentina,México,3132.56,641.61,7532.79,390.49,1.52,8.77,10.33
1065,851,Tarjeta,Sandra Williams,DNI,30760503,GB05JBTL61275156514561,2024-10-02 07:24:18,Colombia,Chile,325.14,3107.89,4167.88,4615.63,2.13,20.33,376.87
1066,272,Exchange,Judy Powell,CC,76015525,GB18DKPB80064936776259,2024-10-07 20:08:14,México,Chile,1180.22,2788.0,5656.12,4320.28,9.8,3.0,423.06
1067,478,Remesa,Julie Stein,CPF,64898753,GB24NNYN01415388295966,2024-10-04 12:28:49,Perú,Perú,422.7,966.16,6789.03,1155.54,13.85,8.71,409.97
1068,404,Remesa,James Haley,CC,67721490,GB93RQLR34264961388890,2024-05-03 09:47:49,Chile,México,4881.91,1812.51,2804.2,882.38,44.6,7.06,317.18
1069,152,P2P,Donna Acosta,CC,43313438,GB82XXRG15366302060812,2024-05-05 00:20:29,Colombia,Perú,6777.51,3297.0,9014.91,1552.25,34.17,19.43,422.5
1070,44,Remesa,Nicholas Nguyen,DNI,65039921,GB04BKUQ71660477782778,2024-01-26 00:19:20,Chile,Perú,6791.51,3148.11,7802.39,4627.22,27.42,22.15,65.42
1071,532,Tarjeta,Mary Walker,DNI,20453216,GB56QUTX87881750994820,2024-02-24 09:35:08,Colombia,Colombia,8726.68,4105.79,530.12,4587.96,45.68,23.73,55.5
1072,812,Exchange,Marie Martinez,DNI,51964800,GB97MXHL99438716438761,2024-06-21 17:23:39,México,Chile,9355.72,2211.25,7811.25,3685.62,45.19,24.38,390.43
1073,966,Remesa,Linda Rich,CC,92311447,GB26XMBZ90574116532090,2024-10-01 04:47:46,México,Argentina,1460.91,3725.28,7293.71,417.43,48.92,10.18,288.91
1074,968,Tarjeta,Christine Hines,RUT,35215315,GB59FNFF17762067807691,2024-08-26 13:40:30,Chile,México,4468.91,1552.73,1331.64,1887.09,19.4,22.63,135.43
1075,960,Exchange,Patricia Wolfe,RUT,72965903,GB96KAIA19300214117352,2024-02-12 03:09:12,Colombia,Argentina,8673.5,1283.19,5838.14,2077.8,19.85,12.96,486.73
1076,370,Remesa,Miranda Dean,CC,45112913,GB55LFYZ34367909961515,2024-10-24 22:39:10,Argentina,México,2473.26,3175.45,6725.83,4868.21,15.61,20.75,482.21
1077,802,Exchange,Max Owens,CC,10520903,GB18NTRE56146654405760,2024-12-30 11:46:01,Chile,Perú,7488.51,2633.62,152.11,1477.29,2.17,19.77,198.21
1078,749,P2P,Adrian Cuevas,CPF,24443339,GB40YAEK82551388508753,2024-10-17 12:47:33,Colombia,México,5496.94,2022.85,1416.74,2189.84,8.48,11.47,469.07
1079,505,Tarjeta,Arthur Lopez,DNI,93040824,GB11EASR66055712765180,2024-05-05 03:44:53,México,Argentina,5743.24,4173.25,2947.59,1477.59,35.44,16.72,283.87
1080,557,Tarjeta,Taylor Douglas,CPF,44121838,GB06BNEU22608136428080,2024-12-22 01:43:46,México,Colombia,7132.95,1850.27,9076.99,3358.7,1.17,19.08,45.07
1081,759,P2P,Jake Ferguson PhD,CPF,31313425,GB11QFKR13842494610139,2024-11-27 07:11:37,Argentina,Colombia,7715.32,3507.19,394.34,1907.84,40.96,16.18,287.98
1082,603,Exchange,Isaiah Castro,CC,34011048,GB16OWPI41401337180870,2024-08-02 07:50:50,Perú,Argentina,1077.6,2078.2,8299.78,4810.12,7.99,21.96,59.59
1083,706,Remesa,Phillip Collins,CPF,10214751,GB75QPZP20759432823461,2025-01-06 15:02:36,Perú,Perú,772.37,779.94,2139.64,1014.04,14.36,16.66,453.61
1084,165,Exchange,Richard Ray,CPF,75328963,GB59WGJH47749535712709,2024-03-21 13:39:17,Chile,Colombia,7809.47,3258.71,3466.52,2840.78,20.64,20.55,278.8
1085,489,P2P,Anthony Swanson,CPF,37680323,GB61VEFF90437787608717,2024-12-22 09:05:05,Perú,México,9307.33,3775.74,9428.94,4737.14,33.38,24.63,444.32
1086,941,P2P,Ronald Calderon,CC,63908537,GB23RZBF80835777471538,2024-06-23 14:07:22,México,Argentina,4840.93,2679.88,5840.13,1403.58,6.25,12.03,260.99
1087,557,Tarjeta,Dustin Beck,CC,81372561,GB89RIMJ46202931932935,2024-03-15 16:10:53,Perú,Argentina,3945.38,364.81,880.78,490.86,49.02,19.47,175.79
1088,513,Tarjeta,David Clark,CPF,67913323,GB92YIAD90667123378421,2025-01-13 03:38:01,México,México,8924.79,1967.54,9733.57,2307.04,44.15,0.56,133.53
1089,740,Exchange,Donald Gonzalez,DNI,26918728,GB77GUFV93670617396287,2024-12-31 01:14:40,Chile,Colombia,613.48,3244.78,2156.39,1203.21,22.57,9.7,287.04
1090,843,Exchange,Matthew Salinas,DNI,31959239,GB03JFFG66196355823613,2025-01-11 08:30:33,México,México,3590.39,3157.49,1194.5,677.33,0.19,6.24,170.54
1091,901,P2P,Stephanie Nelson,CPF,47164711,GB22XTZZ45828037396497,2024-05-17 07:18:17,Chile,Chile,3515.79,2481.88,5787.27,101.28,15.28,18.3,389.15
1092,238,Exchange,Gregory Benson,CPF,28221915,GB86NSPU69979623158195,2024-09-27 08:07:41,Argentina,Perú,2553.06,4641.19,4871.13,590.57,4.65,8.86,59.31
1093,968,Exchange,Sarah Bennett,RUT,17761299,GB23CEWP42510494231652,2024-06-05 11:16:55,Chile,Argentina,3873.72,4211.65,4073.14,455.33,42.2,12.84,290.79
1094,546,Remesa,Ronald Oneill,DNI,26693969,GB32QGIP56113966925538,2024-06-13 16:31:19,Perú,Perú,6990.49,773.86,4547.05,670.61,13.19,14.54,351.33
1095,131,Tarjeta,Melissa Howell,RUT,90516925,GB61JSBR83608681270319,2024-04-13 17:46:10,México,Colombia,3500.87,2129.87,954.54,2520.45,37.74,7.69,400.41
1096,209,Exchange,Vicki Evans,CC,54571784,GB25OOTW96269377697516,2024-06-08 16:54:31,México,Colombia,9445.25,4707.12,4486.62,856.53,5.57,12.36,216.23
1097,93,Exchange,Justin Martinez,RUT,37413598,GB11ZDMI89445432181684,2024-02-25 12:04:17,Argentina,Colombia,5082.3,632.22,8011.6,445.48,40.34,3.68,227.39
1098,579,P2P,Dustin Davenport,CPF,23115370,GB05QFMI20085193972460,2024-04-02 11:06:01,Chile,México,2007.79,1644.16,5846.71,229.28,14.67,16.67,109.0
1099,847,Exchange,Joy Davis,CPF,71843924,GB38GGWT31180117752005,2024-09-19 13:56:46,Chile,Chile,109.96,4224.74,2848.24,1161.14,42.92,10.27,336.89
1100,497,Exchange,Lisa Terrell,DNI,32625913,GB41EGAN15308304404999,2024-12-23 13:37:06,Chile,Chile,6439.96,4271.75,3781.37,789.02,14.47,23.37,447.03
1101,696,P2P,Angela Norton,CC,23796218,GB29THMA15905193193063,2024-03-10 23:52:57,Argentina,Perú,1661.29,2745.83,650.99,3849.34,12.06,10.84,39.06
1102,282,Exchange,Dana Krueger,CPF,40164813,GB66QVNH07369174316871,2024-09-19 04:56:30,Chile,Argentina,7015.65,2059.96,2757.99,3843.06,18.99,13.46,469.45
1103,859,Remesa,Donna Nunez,RUT,36325840,GB31UHGB71234337066033,2024-04-12 01:15:13,Chile,Chile,1848.99,4632.2,6664.11,1779.66,16.82,19.79,428.01
1104,844,P2P,Thomas Wilson,RUT,27210666,GB63DKQH28321947459592,2024-07-24 11:48:54,Perú,México,6768.51,1988.97,6104.32,1618.23,32.82,14.34,146.62
1105,5,Remesa,Elizabeth Mitchell,CC,80266363,GB48XQUC93660666742472,2024-12-18 00:21:16,Argentina,Chile,2678.4,1394.67,6825.64,1119.13,41.04,14.69,124.2
1106,187,Remesa,Veronica Jimenez,DNI,81337642,GB81CNTP92555866115330,2024-10-22 13:18:06,Colombia,Argentina,5470.63,3954.84,4541.69,4613.97,41.14,8.08,451.55
1107,304,P2P,Angela Quinn,CPF,79196441,GB93LFBB39590928505783,2025-01-18 17:58:52,Argentina,Perú,245.2,2667.03,374.16,1844.58,19.77,11.65,350.6
1108,493,Tarjeta,Isabella Fisher,DNI,39013698,GB71CNFK45984153293505,2024-06-15 15:43:39,Perú,Perú,3413.04,1029.87,6200.06,744.57,46.55,14.09,133.89
1109,747,P2P,Doris Charles,CC,30284163,GB15BDSA92519931489220,2024-07-14 09:27:03,Perú,Chile,7652.66,416.5,9681.84,2953.58,36.74,2.75,232.12
1110,755,Exchange,Diana Carlson,RUT,17458776,GB32FHZG74385983104439,2024-12-03 09:04:37,Perú,Perú,1610.85,2217.9,7664.13,817.52,38.33,17.85,357.14
1111,770,Remesa,Joel Simpson,CPF,49163299,GB39OOHA54014242605337,2024-02-15 03:08:59,Colombia,México,8562.49,891.34,9270.45,1213.36,11.4,2.25,228.58
1112,10,Remesa,Deanna Mcintyre,CPF,89919064,GB83CNVT88955673387390,2024-07-05 19:27:30,Perú,Perú,118.46,2399.3,5181.28,4562.17,12.94,24.91,253.21
1113,126,Remesa,Kayla Henderson,CPF,40674804,GB44ZTPQ41357595693177,2024-01-30 18:26:42,Argentina,México,8641.34,1221.86,6613.19,1397.34,39.98,17.78,492.49
1114,443,P2P,Matthew Price,CC,91119191,GB08WNDM67787249257791,2024-03-20 02:29:09,Perú,México,8123.2,3937.81,7735.87,2170.01,32.72,21.96,469.39
1115,892,P2P,Vanessa Allen,CC,42553178,GB24DMYS85387085705167,2024-11-19 01:06:27,Chile,Colombia,1633.71,1653.22,2596.82,2105.37,41.5,19.14,194.11
1116,326,Remesa,Jeremy Hernandez,CPF,51319151,GB68QFFW18885353243429,2024-08-21 20:19:21,Chile,Perú,3388.86,4619.22,9512.66,3215.55,39.07,18.07,101.16
1117,433,Remesa,Dawn Baker,CPF,12600894,GB32PARM20027716100886,2024-12-20 22:30:36,Chile,Argentina,7492.81,4764.83,894.41,4947.67,3.24,8.63,439.21
1118,921,Exchange,Melissa Watson,CC,42747889,GB97LNOC97201838197378,2024-02-02 11:25:13,México,Perú,5185.83,1454.95,2621.34,74.17,49.06,13.87,95.02
1119,542,P2P,Dillon Harris,CC,31403435,GB04HDXX84369461856684,2024-06-08 19:33:13,México,Perú,3997.6,2693.19,7729.4,982.23,32.29,4.06,489.65
1120,727,Remesa,Brian Howell,CC,23843627,GB70PWIY49363653544736,2024-11-02 13:45:09,Perú,Chile,8065.68,4063.47,1905.14,1072.13,31.78,11.28,78.6
1121,851,Exchange,Madeline Smith,CPF,92587638,GB58WSUH22798759659311,2024-06-18 22:27:41,Chile,Chile,5669.7,1846.21,9807.14,576.28,39.38,0.89,435.33
1122,326,P2P,Beth Harris,CPF,77012229,GB42BYSC21686384414137,2024-02-06 10:53:04,Perú,Perú,4164.3,4014.88,2453.67,2207.6,38.26,19.93,463.96
1123,25,Tarjeta,Christopher Brown,CC,72174467,GB89TLZC76596244363052,2024-06-20 23:19:36,Perú,Argentina,6332.63,4999.05,1760.55,735.21,38.39,21.44,354.61
1124,518,Exchange,Beth Morgan,RUT,74832947,GB81TOGY38193130857503,2024-10-03 10:35:36,México,Argentina,4959.14,519.14,2478.12,4457.57,16.38,1.41,307.79
1125,219,Remesa,Joshua Mcgee,RUT,70649746,GB18EKVG38608063136801,2024-09-15 19:26:16,Argentina,Chile,3230.5,3090.99,1728.75,2534.32,24.97,17.28,479.73
1126,109,Tarjeta,Nathan Nelson,DNI,57135679,GB24UDYD08460340617361,2024-12-04 08:32:08,México,Argentina,9631.63,2251.04,5060.3,500.05,45.54,19.94,114.64
1127,775,Tarjeta,Michelle Torres,CPF,49615846,GB63YNSD61359955860085,2025-01-03 05:22:41,Chile,Perú,5041.27,2666.73,9749.84,4174.19,1.74,3.97,201.18
1128,415,Remesa,Ashley Wilson,RUT,43333487,GB39HDVD14157419679736,2024-06-11 15:27:45,Perú,Perú,9705.6,3533.72,4073.51,4986.96,37.55,18.64,441.33
1129,178,Exchange,Alexis Saunders,CC,57975489,GB79QCIZ59394577198593,2025-01-04 14:50:20,Colombia,Argentina,7298.23,2652.97,5818.99,1460.9,4.99,23.52,245.91
1130,244,Tarjeta,Nina Walker,CPF,38428274,GB47TRNB37589085069173,2024-12-26 13:01:34,México,Perú,6362.73,3244.11,8179.35,4677.57,34.92,11.51,286.96
1131,790,Remesa,Deborah Martinez,RUT,71114717,GB41NEJB06921618351866,2024-11-05 04:43:27,Chile,Colombia,7617.35,2262.99,4046.95,1438.23,13.1,7.5,33.67
1132,228,Remesa,Timothy Curry,DNI,51550576,GB70NOFP40899605657528,2024-08-21 01:27:27,Argentina,Chile,3351.04,148.82,5819.19,1284.95,41.88,7.87,159.68
1133,313,Remesa,Nicholas Rubio,DNI,13066174,GB38SKXB60053051483260,2025-01-17 08:45:05,Chile,México,5784.88,2359.82,7473.87,1908.15,32.41,14.43,229.26
1134,90,Exchange,Megan King,CPF,84511947,GB73LRNM44260842321391,2024-04-19 03:53:12,Perú,Chile,3809.81,1416.1,7276.72,3290.34,39.88,5.23,39.47
1135,904,Tarjeta,Tonya Williams,RUT,51624665,GB16FRAL49646746865832,2024-03-24 06:20:19,Argentina,Colombia,6907.27,4010.3,7991.24,2874.37,47.72,23.06,273.77
1136,826,Tarjeta,Michael Holmes,CPF,62513799,GB68CVHF75218343145562,2024-04-29 06:52:00,Chile,Perú,4383.96,4318.16,1830.18,1191.54,32.41,7.58,53.8
1137,29,P2P,Alicia Holt,RUT,86056091,GB55UUGN50753558513053,2024-09-04 16:21:15,Argentina,Argentina,4521.65,4680.59,4826.94,4882.56,13.68,1.22,437.26
1138,120,Tarjeta,Melissa Bailey,CC,71483723,GB25JAQG31597764534273,2024-03-29 20:57:48,Argentina,Colombia,4922.25,4124.79,6062.19,2383.53,25.87,15.02,51.53
1139,531,Exchange,Blake Greer,CC,47067882,GB21HLMP49640601963868,2024-12-09 17:29:08,Argentina,México,624.21,1504.51,2666.34,2681.42,16.12,11.89,384.05
1140,282,Remesa,Teresa Rhodes MD,CC,68709813,GB59PZCC78244912021888,2024-05-20 12:50:25,Chile,Perú,2479.04,4850.81,6760.05,262.12,30.61,0.65,437.25
1141,172,Remesa,Willie Hughes,RUT,84035023,GB45SFAS83901260384944,2024-03-10 03:05:38,Chile,Perú,963.83,1898.49,9964.22,1498.79,35.9,12.79,228.09
1142,938,Remesa,Elizabeth Morris,CC,28918611,GB62YKQE23740825476149,2024-03-18 16:45:23,Argentina,Colombia,7679.11,248.62,5814.55,4720.2,37.97,20.25,236.06
1143,82,Tarjeta,Audrey Smith,DNI,47499659,GB14ZWPM10776147341728,2024-03-05 23:39:28,Colombia,Argentina,6662.96,4929.47,2974.75,3445.4,40.48,6.7,357.43
1144,549,P2P,Richard Russell,CC,90789917,GB38TVMB06749666460841,2024-09-14 07:27:46,Perú,México,9518.74,1728.1,2109.54,2986.27,4.34,11.87,335.43
1145,920,Exchange,Mariah Wright,CPF,34280895,GB41WAGR21130695574885,2024-12-09 21:22:04,Argentina,Argentina,9577.81,4281.73,1695.84,1376.71,37.7,15.04,476.2
1146,859,P2P,Christy Johnson,CC,37848007,GB98KZVV61592771254400,2024-11-26 22:24:27,Perú,Perú,8038.34,2406.01,8093.01,256.42,26.27,19.24,54.35
1147,641,P2P,Spencer Clark,CPF,32673664,GB65EGNE46545900167854,2024-02-21 06:20:53,Chile,Chile,8551.59,1785.64,770.33,3828.5,38.48,18.52,288.94
1148,412,Tarjeta,Rachel Espinoza,CC,26190780,GB20RLZB60507000563378,2024-05-12 10:46:26,Perú,Chile,7758.28,3098.81,1622.06,1625.75,10.15,19.07,367.28
1149,800,Remesa,Rick Palmer,RUT,13891034,GB81EADY79059596526265,2024-05-22 01:08:47,Perú,Colombia,3743.66,2249.24,6425.88,2998.47,33.17,15.4,96.17
1150,935,Remesa,Brittany Brooks,DNI,91497049,GB89BJNS12014003708312,2024-09-01 11:05:49,Chile,México,3697.85,2827.89,7188.83,195.94,18.26,24.21,137.23
1151,619,Remesa,Nicole Coleman,CC,39658356,GB79VNXI11336925273967,2024-10-29 16:02:45,Perú,Perú,6995.3,3559.81,4193.03,3405.93,8.62,3.08,106.22
1152,992,Remesa,William Castaneda,DNI,53135045,GB78NVDV00797236781317,2024-06-09 21:41:53,Argentina,México,9045.81,3391.99,9527.77,3101.24,48.16,4.55,201.83
1153,383,Exchange,Jacob Collier,CC,52565241,GB19AKJH33737779785829,2024-12-04 17:32:43,Argentina,Chile,5118.7,4425.25,425.42,3031.46,13.46,13.65,103.56
1154,475,Remesa,Alexandra King,DNI,37515914,GB15UPOE93918544113773,2024-10-24 05:33:02,Colombia,Perú,5059.24,1951.03,7101.2,1620.74,25.38,20.76,441.4
1155,526,Exchange,Charles Stevenson,DNI,51865863,GB61LGBK22230097385732,2024-05-09 05:17:27,México,Perú,4748.71,2562.52,2446.44,2008.96,26.9,22.09,216.75
1156,463,Tarjeta,Kirk Hernandez,RUT,56910495,GB26RBWA81346596214880,2024-10-15 01:08:54,Chile,México,4842.81,154.06,678.4,1379.83,28.98,14.81,322.73
1157,512,Exchange,Corey Torres,RUT,23211244,GB13GYEI05220391841609,2024-06-12 18:17:22,Chile,México,4452.18,3387.9,9819.27,1733.07,27.38,21.12,258.29
1158,694,Remesa,Nicole Sanchez,RUT,31431187,GB73GVUR18380568479064,2024-07-04 05:18:17,Perú,Perú,8710.34,2862.44,5206.95,1932.92,47.82,22.41,471.51
1159,440,P2P,Rachael Johnston,CC,34667119,GB78LQNG04913076281157,2024-02-07 02:47:45,Colombia,México,9491.48,604.19,669.46,3466.56,39.93,21.33,71.38
1160,243,P2P,Edwin Andrade,RUT,80765086,GB55CCQA37974414457384,2024-07-28 15:48:25,Argentina,Chile,6238.27,4488.76,3883.19,1235.21,2.18,0.4,333.84
1161,311,Exchange,Michelle Shepard,CPF,99174455,GB31LQVS49692253617364,2024-06-05 00:28:36,Argentina,Perú,3793.76,2586.11,1539.25,2067.46,43.67,21.64,247.82
1162,608,Exchange,Rhonda Reed,CC,66792130,GB29JDWN78144141399716,2024-02-06 12:12:55,Chile,México,7140.76,1894.54,2541.35,1222.83,16.18,4.2,291.55
1163,855,P2P,Ryan Brown,RUT,56488248,GB76FBJQ27347147477438,2024-01-25 05:23:43,México,Chile,6556.99,2534.97,9623.66,4609.23,25.47,10.92,468.4
1164,449,P2P,Juan Garcia,CC,52119235,GB04ZDTL84093398343830,2024-06-30 00:23:40,Perú,México,8540.33,4219.42,7513.39,4174.0,5.0,13.76,124.44
1165,406,Tarjeta,Morgan Marshall,RUT,79977845,GB63ZKII25425781287253,2024-04-24 02:42:38,Perú,Colombia,2505.1,589.89,702.24,1705.47,4.62,24.19,423.45
1166,759,Remesa,Kimberly Payne,RUT,45693698,GB09LCMT32723168381527,2024-06-26 15:47:39,Chile,México,4659.27,4690.81,5391.35,275.08,10.63,9.84,467.49
1167,410,P2P,Brooke Montes,RUT,36612018,GB76VCIH05140636537130,2024-04-11 22:50:01,México,Colombia,1005.57,4738.4,1350.29,2863.09,30.69,14.09,252.96
1168,958,Tarjeta,Patricia Martin,CC,25814041,GB56IVBL23893446514822,2024-12-15 10:36:12,Perú,Perú,2923.29,3355.85,7550.98,2753.06,30.24,1.88,248.51
1169,568,P2P,Brent Johnson,RUT,35057287,GB95UOEI77893061854051,2024-09-17 07:57:09,Perú,Colombia,2413.43,2917.61,904.34,535.95,24.58,12.23,13.46
1170,165,P2P,Jennifer Greene,CC,90354799,GB26PYLB12213566304840,2024-05-14 14:00:41,México,Argentina,1743.2,2179.01,7038.17,3691.58,45.75,14.59,33.67
1171,766,P2P,Yvonne Garcia,CPF,89296213,GB19ZMOF75994643090569,2025-01-04 21:15:37,Colombia,Argentina,1542.91,1373.16,7804.08,3321.25,36.33,17.51,185.79
1172,939,P2P,Michele Diaz,CC,24789860,GB66KVSM02061850524156,2024-09-19 07:00:27,Colombia,México,5656.22,2568.78,5928.33,4611.5,34.36,19.05,498.38
1173,163,Remesa,Michelle Parker,CC,39510772,GB55NJON46354088121366,2024-06-07 00:43:10,Argentina,Argentina,6189.23,536.93,5977.35,1227.01,20.31,7.14,34.44
1174,182,Exchange,Dana King,RUT,68263498,GB56JOVI59510062079593,2024-01-28 16:12:09,Argentina,Colombia,5865.17,4643.11,987.19,3676.09,45.22,11.24,59.86
1175,931,Remesa,Tracy Hansen,DNI,46552653,GB21PIYP99424864916318,2024-10-03 03:27:24,Argentina,Perú,2334.83,2957.88,5541.55,4620.75,28.4,7.47,485.07
1176,427,Exchange,Danielle Bartlett,RUT,12889403,GB31BPKD48475936566743,2024-02-07 00:44:17,Chile,Colombia,1443.62,3058.17,5763.12,1641.25,24.53,22.81,267.91
1177,464,Remesa,Thomas White,RUT,12194898,GB72QWCY27752831945652,2024-05-15 00:56:20,México,México,1903.81,781.01,7422.21,4885.27,42.11,6.18,321.86
1178,978,Exchange,Tiffany Vasquez,DNI,62723803,GB27XFVX73754040146066,2024-09-18 17:48:18,México,Perú,5287.03,2186.35,1814.75,3941.64,31.0,21.9,288.02
1179,3,P2P,Jamie Mitchell,CC,76968774,GB87KEFH12362415972797,2024-05-14 14:26:20,Perú,Perú,8970.25,1820.55,1811.77,2706.97,28.94,12.4,248.52
1180,948,Tarjeta,Sonia Atkins,CPF,66592947,GB84CUNU09103602099017,2024-03-18 23:06:54,Perú,Perú,8344.79,959.19,4725.9,534.36,27.29,17.24,56.07
1181,871,Remesa,Dr. Brandi Munoz,CPF,72969794,GB58TIZQ06339541441074,2024-03-12 15:47:26,Colombia,Argentina,3845.75,4378.16,9043.47,1329.54,35.29,8.06,131.46
1182,295,Exchange,Matthew Le,CC,50728963,GB33IOTO10461834188579,2025-01-05 07:47:26,México,Chile,8291.27,4007.52,2756.28,1311.53,21.87,24.48,118.79
1183,120,P2P,Lisa Mitchell,RUT,16850900,GB31CEAR73685212758135,2024-06-17 15:01:56,México,México,4571.78,1983.68,3029.59,3927.39,1.33,6.62,86.97
1184,101,P2P,Sarah Chambers,DNI,17320626,GB32WXPQ11273622724625,2024-12-22 05:18:12,Argentina,Chile,4120.1,4085.54,4250.32,3598.91,16.29,14.15,164.52
1185,828,P2P,Sandra Johnson,CPF,99559227,GB30PRRM02021873501831,2025-01-02 19:38:58,Chile,Colombia,1900.35,4612.99,8454.48,2777.6,28.7,12.5,26.0
1186,132,P2P,Ryan Hickman,CPF,97398160,GB76VWAO88131472865568,2024-06-19 00:22:23,Chile,Chile,653.12,224.42,9699.19,3092.07,4.25,5.21,108.0
1187,900,Remesa,Alan Collins,DNI,53408445,GB83VCQM58786502784325,2024-07-02 11:07:47,Perú,México,1258.08,447.33,1932.31,1698.8,48.5,4.41,215.46
1188,805,Remesa,Amanda Morris,RUT,25647510,GB82CWUC62547720539019,2024-05-11 13:24:07,Argentina,Colombia,5273.37,2561.65,8501.41,3288.73,49.19,18.09,301.68
1189,10,Exchange,Christopher Anderson,CPF,54003285,GB71ZOFC30706453179609,2024-04-01 19:45:02,Chile,Chile,9911.54,3885.31,8947.22,3263.95,24.62,6.79,423.81
1190,821,Remesa,Michael Martin,CPF,63179418,GB69QTWL40324357481108,2024-09-18 16:53:52,Perú,Chile,2890.25,2836.6,8327.81,3142.55,1.96,22.65,248.59
1191,989,Tarjeta,Amy Johnson,RUT,53583052,GB86DQJR25649262664891,2024-02-07 12:17:46,Perú,Argentina,5342.48,883.97,7339.39,1371.11,39.16,7.12,191.68
1192,121,Tarjeta,Christopher Mcdowell,CPF,13758875,GB49SMQU89381049547848,2024-06-11 06:14:02,Argentina,México,5087.26,2459.04,1834.45,1368.39,39.21,1.28,418.85
1193,303,Remesa,Wanda Chan,RUT,58732882,GB32VUKW43462111842084,2024-02-13 04:02:46,México,Chile,3043.73,561.05,5880.79,916.18,43.43,23.7,403.32
1194,365,P2P,Rachel Smith PhD,CPF,50051058,GB49XFUX87608500878559,2024-01-30 15:26:39,Chile,Argentina,6411.61,2938.95,4085.8,1406.06,36.87,8.59,89.48
1195,449,Tarjeta,Alyssa Young,CC,73241930,GB51KQUA12123065737776,2024-07-11 20:47:16,Colombia,México,1186.88,3305.23,6915.36,1855.95,27.92,6.36,457.81
1196,790,Remesa,Jeffrey Palmer,CC,34028663,GB12OIET69909276318619,2024-09-18 15:01:46,México,Argentina,9994.89,3710.89,766.87,154.17,13.69,20.34,34.32
1197,450,Tarjeta,Timothy Higgins,RUT,27010608,GB37UQVP75334405239600,2024-03-22 05:14:21,Chile,Colombia,731.57,1075.98,2949.85,3157.66,32.58,16.52,365.4
1198,721,Tarjeta,Trevor Harris,CC,25465610,GB80KUHA20325614818530,2024-06-20 12:55:44,Chile,Colombia,8137.37,2699.15,3900.03,469.02,35.76,14.73,193.04
1199,181,P2P,Lauren Cooper,CPF,98908101,GB77HAHJ87472505133082,2024-06-01 22:22:02,Argentina,Colombia,3302.13,4113.66,963.61,3373.3,12.68,0.22,459.44
1200,603,P2P,Tracy Luna,DNI,71164187,GB87IOFZ38788781314254,2024-08-09 18:16:19,Argentina,Colombia,1875.85,1308.12,6162.95,1181.0,34.37,21.46,188.66
1201,376,Tarjeta,Justin Martin,CC,56662514,GB88PVRZ42835433861313,2024-03-23 18:55:30,Perú,Colombia,7277.5,3704.76,1350.79,4471.79,14.48,17.85,398.87
1202,119,P2P,Alicia Donovan,CPF,75454045,GB23KIJE78152157952106,2024-05-02 18:07:49,Argentina,Perú,411.44,2972.32,1655.65,3220.04,7.65,24.39,179.05
1203,550,Tarjeta,Mark Garcia,DNI,31027236,GB66QRZO34865609066545,2025-01-14 17:21:18,Perú,Perú,5675.73,216.53,909.7,536.52,20.52,9.83,452.66
1204,838,Remesa,Heidi Edwards,CC,95841348,GB65JDME58933238993296,2024-10-27 02:00:07,Perú,Chile,5910.01,1314.37,6003.31,1521.33,27.88,16.53,156.52
1205,456,Tarjeta,Maria Sandoval,RUT,53328030,GB67ZCIL92899941902305,2024-04-28 11:40:54,Chile,Chile,6901.34,725.61,8013.29,953.88,39.92,5.73,365.87
1206,104,Remesa,Steven Gilbert,RUT,20377456,GB90RQVJ42451475494246,2024-05-15 04:25:52,Chile,Perú,689.08,1979.49,8418.05,389.49,22.29,20.2,79.21
1207,194,Remesa,Tyler Baxter,CPF,96239402,GB04VXUE80444511313122,2024-05-13 16:34:27,México,Colombia,1286.07,824.17,6310.36,4547.6,26.28,13.52,131.79
1208,777,Tarjeta,Anne Caldwell,CC,46039780,GB19QXSH08052908130629,2024-08-02 09:21:05,México,Argentina,4962.12,1220.58,8330.42,2153.88,8.69,17.5,428.23
1209,223,Remesa,David Wiggins,RUT,22277934,GB21DDGO70327061402716,2024-03-10 23:58:04,Perú,Colombia,9186.26,3499.18,7469.43,3884.3,11.63,11.73,238.7
1210,378,Remesa,Elizabeth Phillips,DNI,16108276,GB17SPEH98488091852343,2024-04-13 13:33:42,Colombia,Perú,4667.41,4563.78,5159.42,1479.28,30.12,23.14,293.86
1211,677,P2P,Michael Boyer,CPF,38205673,GB49OENC19892777623550,2025-01-19 18:35:25,Colombia,Perú,459.56,192.7,6404.12,2752.55,1.06,21.89,306.71
1212,826,Exchange,Courtney Davidson,DNI,67208394,GB49CJXJ29464857355328,2024-02-20 04:42:31,Colombia,Perú,4988.23,4247.23,7886.04,3810.29,31.57,5.74,186.97
1213,256,Remesa,Amy Chen,CPF,45598533,GB59SBOR46617798988336,2024-09-16 21:37:06,Perú,Perú,1569.69,1809.76,8982.89,4004.65,23.16,14.7,28.5
1214,393,Tarjeta,Matthew Thompson,DNI,14528059,GB16RMWH54983590170672,2024-10-17 01:29:55,Argentina,Argentina,6144.59,3499.79,7763.66,2715.46,35.38,15.19,213.19
1215,678,P2P,Jamie Lynn,RUT,81488956,GB30VQEX90834815077603,2024-07-31 18:29:21,Argentina,Perú,4867.77,2807.45,7466.05,2063.9,37.14,19.69,309.4
1216,323,Tarjeta,Andrea Farley,CC,13121615,GB40VJYX25923352760674,2025-01-22 05:00:39,Colombia,Argentina,8364.7,4848.66,3865.49,2109.65,32.29,1.15,44.46
1217,90,P2P,Vanessa Orr,CPF,52171388,GB76NGGF16455641890816,2024-05-26 10:03:04,Argentina,México,9085.76,3407.24,5970.22,2048.67,36.78,7.48,115.47
1218,839,Tarjeta,Ian Browning,CPF,76010460,GB33BXHV43638536109597,2024-02-04 23:28:59,Perú,Perú,7510.93,2832.22,3565.2,826.97,6.38,22.82,371.92
1219,460,Tarjeta,Patricia Cruz,CC,71096501,GB89PJVH63564149726611,2024-12-02 08:23:00,Colombia,Chile,9591.5,3872.78,3414.01,1876.31,2.79,14.52,52.75
1220,762,Remesa,Michael Smith,DNI,11519165,GB98EBZX96629330646632,2024-10-17 05:34:35,Argentina,Perú,3584.1,3287.23,3729.26,2398.19,14.32,14.38,484.35
1221,32,Remesa,Emily Castillo,DNI,91238901,GB40AYPH30716303515376,2024-04-21 15:31:16,Chile,Chile,4781.84,2297.1,8873.59,4777.99,40.98,10.02,269.19
1222,186,Remesa,Lawrence Hall,CC,29279531,GB95KPFE63682685441669,2024-02-16 15:29:03,Chile,Chile,7777.08,1133.88,8302.52,4890.93,8.89,10.29,203.19
1223,964,Exchange,Dr. Dylan Rogers,CC,18305080,GB50UKRR29760719350427,2024-06-11 20:24:55,Chile,Colombia,1956.49,3398.8,4204.34,4572.04,42.24,4.52,320.08
1224,63,Tarjeta,Julie Ray,DNI,74419855,GB02IOLM32908174155953,2024-03-27 14:26:42,Argentina,México,4410.26,2431.62,6187.83,295.81,35.97,22.96,443.72
1225,969,Tarjeta,Nicole Glenn,RUT,84643795,GB27OTSG98817179930454,2024-03-29 00:36:00,Perú,Argentina,5607.44,3203.96,7743.32,1667.03,48.31,23.51,262.07
1226,954,P2P,Timothy Gonzales,CC,71348156,GB52NEYG54694792624439,2024-11-14 21:10:04,Perú,Argentina,2075.75,3721.81,9707.84,4266.55,45.97,18.03,285.17
1227,593,Tarjeta,Annette Gray,CC,58439130,GB71YCIQ36833005393037,2024-08-09 09:52:50,Colombia,México,7290.83,1202.18,9651.05,1575.23,20.24,8.03,155.89
1228,536,P2P,Denise Bennett,DNI,24817845,GB88AJDL41685436650741,2024-06-20 01:01:43,México,Perú,8131.53,311.5,9596.15,2616.0,10.84,22.29,281.73
1229,172,Exchange,Gary Stanley,RUT,78797601,GB74KIUG51721880285487,2024-05-18 06:43:54,Perú,Colombia,4045.63,4329.97,139.24,3269.25,31.68,15.67,311.97
1230,683,Tarjeta,Allison Hartman,DNI,95506240,GB22GLBL40242305137847,2024-07-25 06:34:43,Chile,Argentina,7338.34,2831.25,5987.35,536.33,8.49,7.61,455.23
1231,966,Tarjeta,Rebecca Williams,RUT,43020957,GB76TPRQ69086645718262,2024-04-19 01:35:26,Chile,Colombia,6868.5,4291.7,1334.59,1680.32,3.29,17.68,182.7
1232,506,Tarjeta,Holly Bradley,DNI,98961878,GB76XMMN44678156812747,2024-09-16 01:40:35,Argentina,Chile,2336.83,3067.83,4223.6,2681.91,35.38,17.44,132.05
1233,897,Exchange,Erik Santiago,CPF,52192711,GB88MDRF55714341056118,2024-02-02 09:07:10,Perú,Perú,8750.58,1931.02,9109.94,1577.83,43.74,23.4,200.17
1234,164,P2P,Matthew Kelley,CPF,59570581,GB87VEKL59094276817766,2024-07-17 06:08:38,Chile,Perú,9525.57,2944.63,7643.98,4961.12,25.56,22.02,399.92
1235,901,Exchange,Karen White,CC,71317957,GB08STSD11761811584524,2024-12-19 00:33:37,México,Chile,9005.81,3126.06,6243.84,845.99,11.0,8.31,55.46
1236,970,Exchange,Michael Nash,CC,48940498,GB06ECLS53558929621815,2024-02-21 05:38:20,Argentina,Argentina,2991.24,2898.11,6849.38,4154.38,33.6,21.97,258.47
1237,219,Remesa,Ricky Smith,DNI,13975492,GB44BMKG70504206667370,2024-05-10 03:03:07,Colombia,Perú,4004.54,4070.23,3384.87,2338.19,16.84,14.26,60.22
1238,334,Exchange,Wayne Mitchell,CPF,81244936,GB45FJTT95489470831163,2024-06-02 08:43:42,México,Chile,2463.99,1259.93,8109.83,4802.72,5.92,14.15,225.25
1239,166,Exchange,Nathan Thompson,DNI,47606937,GB14IBPZ23395371073567,2024-09-23 09:09:42,Colombia,Perú,3619.11,1818.7,4846.21,2005.37,3.22,21.94,471.83
1240,713,Exchange,Alexis Banks,CPF,80398004,GB49LCRL45262735976022,2024-07-19 15:12:53,Chile,Argentina,9543.85,701.94,2423.4,1132.37,6.51,14.96,449.23
1241,191,Remesa,Brenda Marks,CPF,10688331,GB15LUNX21599143740392,2024-07-04 18:16:59,Argentina,Chile,1927.84,3679.5,7941.01,1611.7,30.02,4.85,262.1
1242,822,Exchange,Anthony Watkins,CPF,72438083,GB57XCEF23436741365771,2024-12-07 07:29:10,México,Argentina,2828.56,2626.37,1553.28,1420.87,2.99,22.33,428.68
1243,202,Remesa,Jeffrey Sherman,CC,18380007,GB69IRKV96738428540697,2024-02-25 01:44:40,Colombia,Argentina,6637.2,4917.4,1710.31,1959.45,11.38,8.19,65.39
1244,909,Remesa,Matthew Harmon,CPF,12021268,GB46SUTW46942598013952,2024-12-29 20:40:50,Argentina,Colombia,8433.41,4716.3,5936.32,3049.55,12.33,4.95,426.85
1245,757,Remesa,Eric Taylor,DNI,62487097,GB72YUVF64786767782583,2024-04-09 23:13:04,Perú,Colombia,7664.32,3018.43,7999.49,2818.87,32.46,22.04,239.68
1246,101,Exchange,Mallory Taylor,CPF,36337204,GB05NDBL74019204265691,2024-07-02 06:41:24,Perú,Chile,9369.08,1674.8,5313.03,4881.94,23.31,18.78,419.38
1247,631,P2P,Jacqueline Atkinson,CC,76821915,GB89KEFV17767677913677,2024-12-20 21:53:48,Chile,México,5737.25,4921.12,9241.43,4117.02,18.14,5.84,204.37
1248,373,Exchange,Kelly Harris,DNI,25126519,GB19KUZM87799328507178,2024-02-02 06:12:47,Colombia,Colombia,4132.78,452.05,3137.59,878.93,20.9,10.88,173.15
1249,581,Tarjeta,Beth Casey,RUT,80703898,GB40CGDL82217188423382,2024-07-04 15:22:16,Colombia,Perú,3596.15,995.05,6314.02,3651.07,25.15,2.11,402.58
1250,948,P2P,Casey Hess,RUT,85098295,GB60CBST66045248470985,2024-08-22 01:32:47,Perú,Chile,3242.29,2637.29,2999.58,3389.98,35.94,12.55,281.79
1251,549,Remesa,James Bryan,CPF,29388855,GB44QLOP44148612164166,2024-12-30 14:16:29,Argentina,Colombia,9128.23,646.99,2487.62,607.29,19.46,15.41,98.13
1252,755,Exchange,Nicholas Carney,CC,38710547,GB42LORO51517748369826,2024-08-09 03:03:39,Perú,Argentina,9328.23,4225.57,4795.5,4926.8,41.78,19.81,63.63
1253,407,P2P,Molly Perry,CPF,51602991,GB42FSJT55777745356621,2024-01-23 16:45:08,Argentina,Chile,5582.4,961.23,8768.97,3509.43,18.23,2.34,445.34
1254,93,Remesa,Ashley Jones,CPF,48659617,GB22LJQI54522627129033,2025-01-16 02:47:16,México,Argentina,9305.53,4103.72,5129.86,3426.76,37.15,2.87,169.39
1255,189,Remesa,Daniel King DVM,RUT,98216030,GB70FTBW41835502490373,2024-07-30 07:45:07,Chile,Colombia,6714.21,3576.0,4424.14,2681.4,5.48,17.39,224.96
1256,962,Remesa,Carol Lawson,CC,78810298,GB26VSYW34576624096628,2024-10-29 02:03:57,Colombia,Chile,3898.92,1489.97,9642.24,3633.89,37.39,13.69,43.73
1257,671,Remesa,Erik Peck,CPF,42480462,GB66NXGQ81328640681154,2024-07-06 18:07:30,Perú,Colombia,2289.4,4998.36,944.43,4027.33,35.84,10.74,380.95
1258,756,P2P,Crystal Blair,RUT,40128684,GB98XGUX89710796202548,2024-11-26 07:16:29,Chile,Chile,543.32,2773.15,6273.24,1633.91,29.77,1.21,463.04
1259,349,Remesa,Barbara Parks,CC,15130473,GB61GGTD97025703274822,2024-10-23 00:40:13,Colombia,Perú,2979.5,128.98,3816.69,240.16,27.53,7.77,314.78
1260,222,Tarjeta,Chelsea Newton,CC,23345683,GB17FLOM93929265256656,2024-09-08 23:09:41,Colombia,Chile,6902.57,730.71,6914.05,2520.99,32.84,18.12,408.81
1261,355,Exchange,Amanda Pittman,RUT,51708432,GB39XNVP64099339421527,2024-02-07 17:56:09,México,Perú,1028.08,4640.22,3394.57,2333.26,39.21,2.49,122.09
1262,741,Tarjeta,Kim Schultz,RUT,36163373,GB46DKBN16280634828400,2024-10-09 04:53:56,México,México,1948.49,1310.11,890.35,4901.4,7.79,20.36,44.14
1263,177,Remesa,Jessica Glover,DNI,63518618,GB35PKYR86142584977618,2024-10-29 16:10:55,Colombia,Colombia,5439.0,2535.98,9401.03,2008.4,12.25,18.44,424.84
1264,634,Tarjeta,David Davis,CPF,24449615,GB40GFHU93870469881771,2024-03-31 23:09:54,México,Perú,8294.17,4445.27,2019.3,320.25,29.86,15.03,276.74
1265,547,P2P,Michael Young DDS,DNI,99289151,GB17FZUK83674522843255,2024-08-31 22:41:32,Argentina,México,5301.91,1848.39,1832.3,4657.8,26.01,12.33,307.6
1266,579,Remesa,Misty Bryant,DNI,80632204,GB39GLWC45965698418657,2024-12-18 15:22:20,Colombia,Chile,7931.65,3788.98,5617.44,3826.26,13.97,13.63,49.0
1267,424,Exchange,Maria Gonzalez,CC,86449463,GB11WWVA81256907796819,2024-06-05 13:50:28,Perú,Colombia,6515.94,2162.45,2010.74,2450.8,48.65,2.98,279.12
1268,814,Remesa,Alyssa Smith,CPF,40454981,GB71GDSI39757352473946,2024-04-28 16:44:43,Chile,Argentina,1680.25,1604.26,3084.45,4296.49,4.61,3.97,378.34
1269,974,P2P,Daniel Hunter,RUT,39954351,GB15ILAW71938682096966,2024-07-29 12:50:26,Chile,Chile,7803.69,3799.3,6503.64,2520.59,6.21,24.25,128.18
1270,661,Tarjeta,Steve Estrada,RUT,58346641,GB93MRMT49542680313245,2024-05-12 21:10:41,Chile,Perú,5024.83,3049.75,8108.86,1111.34,6.02,9.57,162.9
1271,725,P2P,Mary Solis,DNI,50286597,GB64BYGA82947289834748,2025-01-20 02:05:52,Colombia,Chile,1482.39,4777.41,2040.31,2485.69,13.26,4.01,237.62
1272,476,P2P,James Flores,CC,20292631,GB21AJEQ19789132702303,2024-12-31 17:25:53,Chile,Chile,1313.11,1096.37,5897.53,1455.3,4.99,21.35,65.71
1273,199,Exchange,Brenda Cook,CC,67692084,GB46RAKW06564865468363,2024-10-06 16:39:13,Argentina,Colombia,9367.95,3386.73,5568.38,2273.76,30.82,8.33,256.35
1274,366,Tarjeta,Jennifer Perry,CC,41758003,GB66DLEK16853976270170,2024-11-29 06:05:08,Colombia,Perú,4284.6,2638.81,2091.66,256.99,19.89,13.15,243.33
1275,464,P2P,Laura Adams,CC,16118326,GB20FKSP25638688520736,2024-08-17 22:15:11,Perú,México,1247.86,1095.99,3192.07,88.96,27.58,18.63,122.51
1276,11,Remesa,Tracy Clarke,CC,78439796,GB49WHBM67764112231734,2024-06-05 06:51:14,Perú,Chile,300.51,1475.3,9429.61,2129.34,17.19,17.13,429.67
1277,672,Exchange,Susan Kline,RUT,87823353,GB34CPLD61313683014673,2024-07-27 02:42:00,Colombia,Chile,7462.17,4025.01,6810.91,3670.03,10.96,19.5,145.23
1278,732,Tarjeta,Amy Barber,CPF,63896376,GB71FUNU54827991582165,2024-02-28 10:07:06,Perú,Argentina,7341.2,203.04,3202.86,1045.67,24.67,23.74,189.86
1279,257,P2P,Natalie Lee,DNI,18360628,GB27VCKQ16587632023094,2024-01-27 20:22:45,México,Colombia,9678.92,4249.95,2513.14,458.59,13.62,17.94,296.34
1280,623,Remesa,Denise Reed,CC,99244530,GB37RVIY07375673529935,2024-07-23 22:34:09,Colombia,Perú,4100.13,3225.65,9226.48,883.83,15.88,22.0,488.78
1281,565,Remesa,Jessica Mcgee,CC,27148206,GB62MEHY91933134717097,2024-08-20 12:10:35,Colombia,Colombia,3168.18,4149.43,2702.66,1970.17,15.15,16.51,109.44
1282,161,P2P,Ms. Dana Gonzalez,RUT,65904512,GB18OWCA19603922972682,2024-02-08 09:37:42,México,Argentina,7096.5,4030.08,9399.25,269.6,34.03,1.9,380.67
1283,561,Exchange,Rhonda Wilkins,DNI,28011857,GB86VANZ30291206952176,2024-02-04 08:59:44,Argentina,Argentina,4520.56,2509.01,8813.35,3443.35,34.22,22.45,213.02
1284,129,Exchange,William Daniel,RUT,73810259,GB09TGZW60549736638559,2024-04-11 17:25:13,México,Colombia,388.61,4033.7,6534.81,804.81,32.25,8.66,298.77
1285,976,P2P,Jennifer Price,CPF,82979107,GB66NSCG78360807707970,2024-04-16 23:05:14,Argentina,Argentina,2057.62,4885.81,9975.1,2651.3,29.91,3.59,393.4
1286,938,Remesa,Patrick Roberts,RUT,60048733,GB67NAMN60946044025999,2024-03-01 02:32:08,Argentina,Chile,2034.44,2763.6,1536.49,100.39,13.34,9.91,304.59
1287,389,P2P,Stacy Ford,CC,83157360,GB50RDXV16436049796377,2024-10-22 22:12:14,Colombia,Colombia,6157.58,3278.03,4467.14,4749.94,1.94,10.63,436.44
1288,784,P2P,Carlos Davis,CC,24477920,GB77XWEQ56681790866136,2025-01-17 15:59:46,Argentina,Perú,677.27,4396.39,1954.4,3341.25,46.06,3.85,320.03
1289,906,Exchange,Jerry Wilson,CPF,74293527,GB32JWDR92904195402755,2024-11-24 10:43:45,México,Perú,596.52,2872.97,4075.94,4069.29,47.6,21.95,386.66
1290,148,Exchange,Kristen Ramirez,DNI,26228409,GB92WLLA13652404225655,2024-01-29 22:17:09,México,Chile,7847.05,1574.63,1625.46,3513.72,19.18,10.68,442.93
1291,842,P2P,Jessica Smith,CPF,23019756,GB28QFMH52932347730545,2024-11-13 01:41:19,Argentina,Chile,3885.17,1882.43,6273.71,4328.14,36.52,11.53,218.4
1292,559,Remesa,Janet Lee,CPF,46800998,GB26ZLBO41789710917469,2024-11-29 07:18:02,México,Colombia,3412.1,4474.15,2287.82,3662.66,40.6,23.59,280.04
1293,987,Remesa,Calvin Stevens,CPF,62583006,GB58OVUG48422197518626,2024-07-03 18:03:35,Colombia,Perú,2031.04,4796.61,8028.71,4168.24,14.27,3.9,404.41
1294,62,Tarjeta,Sarah King,DNI,97041895,GB48VKGO39917236323126,2024-04-13 04:15:28,Chile,México,8823.24,4710.14,156.72,1988.69,19.92,11.37,417.88
1295,712,Remesa,Betty Smith,CPF,11465065,GB19HIES69619925522854,2024-02-12 11:21:19,Colombia,Argentina,9143.68,1135.26,9374.54,2419.72,30.35,15.57,322.59
1296,585,Exchange,Diana Mosley,RUT,12791534,GB84XMJN46144963711086,2024-09-14 04:51:04,Colombia,Argentina,729.84,3832.75,283.54,945.11,41.98,11.18,385.91
1297,507,Remesa,Blake Hernandez,CC,83819064,GB73ACDR56166412783902,2024-08-14 12:17:28,México,Argentina,8053.55,3026.65,9671.38,1062.77,41.61,14.25,439.42
1298,379,Exchange,Arthur Mays,CC,25358224,GB88UBAE47551422910100,2024-11-15 11:08:25,Argentina,México,1408.17,2617.43,8059.6,4677.46,9.67,13.51,303.84
1299,886,Remesa,Nina Smith,DNI,38891668,GB20BYRX40089125070544,2024-10-12 11:43:54,Colombia,Perú,4676.77,241.06,9232.36,1519.6,17.66,22.4,384.93
1300,44,Exchange,Kristy Howard,DNI,22876454,GB36ZXZK10192815687966,2024-05-10 07:17:22,Perú,Perú,3568.86,3249.38,8193.06,411.97,8.72,20.18,49.81
1301,704,Exchange,Stacy Travis,CPF,65729047,GB19IASK83075943059433,2024-04-29 11:38:28,Chile,Argentina,3191.82,3896.16,9737.93,59.69,9.51,13.63,473.52
1302,817,P2P,Ashley Anderson,CPF,40122741,GB83YBHL55945889192339,2024-03-16 01:17:49,México,México,1196.01,2439.57,5638.89,1420.39,39.57,2.64,24.36
1303,6,P2P,Angela Matthews,CPF,48429777,GB61GVGG95305217448653,2024-09-12 14:58:12,Argentina,México,1748.45,3921.23,4880.17,4671.84,41.99,18.9,81.9
1304,176,P2P,Tiffany Reynolds,RUT,97429523,GB18YKYD06454769235802,2024-11-08 00:30:03,Colombia,Colombia,4608.82,1824.25,8585.65,122.36,5.68,0.3,199.41
1305,2,Tarjeta,Sara Lee,DNI,89383289,GB91AMBT11116303888345,2024-03-19 21:25:02,Chile,Perú,6595.75,983.4,3095.61,927.42,38.44,18.64,452.75
1306,878,P2P,Nicole Black,CPF,86741957,GB85SRUN96128891745893,2025-01-05 12:08:13,México,Argentina,7764.27,514.74,3899.66,2224.29,35.12,9.46,260.46
1307,582,P2P,Kimberly Torres,RUT,37950330,GB38BAOR77642405205959,2024-04-29 18:17:33,Argentina,Argentina,1484.47,1125.58,644.5,1452.19,28.84,14.63,176.73
1308,817,Tarjeta,Robert Rojas,DNI,47207198,GB34TVBL40283845783007,2024-03-02 06:00:33,Chile,Chile,7594.04,3355.3,349.71,3329.9,28.66,8.99,190.38
1309,899,Remesa,Valerie Schultz,RUT,19029826,GB38UQXC99029954905443,2024-09-11 17:20:43,México,Argentina,8336.49,4745.38,3601.88,373.37,43.28,5.19,490.12
1310,952,P2P,James Thompson,RUT,16448016,GB15MFWW19891111045619,2024-06-19 01:08:14,Chile,Argentina,402.97,4596.33,1528.82,952.89,40.87,17.44,473.37
1311,465,Tarjeta,Mark Higgins,CC,18321802,GB35HVCU62735513569115,2024-06-21 20:52:43,Colombia,Chile,3621.69,251.25,4194.91,2293.0,48.46,5.94,481.83
1312,535,Tarjeta,Charles Mason,RUT,92524455,GB17PCOM70922532741920,2024-10-06 06:24:34,Colombia,Chile,5199.24,1789.97,6139.43,1368.71,13.32,4.83,364.36
1313,150,P2P,Jason Larson,DNI,70955165,GB48YZAX50789420193231,2024-01-25 19:29:08,Perú,Argentina,5622.52,2250.9,1259.67,2567.26,22.88,1.08,158.44
1314,807,Tarjeta,Michael Bond,RUT,89571375,GB09JVXD44460890243963,2024-01-29 09:23:47,Colombia,Perú,5915.7,3161.19,3041.55,3837.13,5.59,19.2,363.14
1315,280,Exchange,Logan Combs,DNI,50955156,GB07PUHW15967310193552,2024-05-04 09:27:38,México,Argentina,7943.2,2872.61,9383.08,433.57,8.16,12.78,365.74
1316,817,Remesa,Steven White V,DNI,72970845,GB18HIDC68778308086072,2024-08-29 02:22:06,Perú,México,6183.34,942.33,293.69,3769.41,7.59,21.63,346.42
1317,562,Exchange,Stephanie Brown MD,RUT,53520631,GB65PPEJ23895712941428,2024-10-07 19:19:24,Chile,Chile,2579.79,4765.75,2648.12,1611.53,16.75,23.98,476.9
1318,270,Exchange,Susan Stark,CPF,50431980,GB79BTVL65662106827551,2024-04-14 06:15:58,Perú,Chile,8714.87,160.7,8086.46,1032.31,42.64,1.18,474.53
1319,893,Remesa,Edward Collins,CC,17658459,GB89IQWY71519243656519,2024-03-29 14:12:44,Argentina,Colombia,1367.01,100.82,7204.7,1156.9,14.09,14.03,360.34
1320,898,Remesa,Colleen Thompson,CC,75355037,GB14DMPT69540686450483,2025-01-09 16:55:13,Colombia,Chile,5535.15,585.42,745.38,4962.28,3.92,13.26,466.5
1321,90,Exchange,Joseph Rodriguez,CC,26952782,GB19PLSK37179259886192,2024-05-15 00:20:33,Perú,México,253.47,3706.51,2984.61,2534.88,15.34,5.31,114.21
1322,875,Tarjeta,Jennifer Gilbert,RUT,51920427,GB56WLXD42305261607045,2024-02-08 23:20:18,Perú,Colombia,7756.94,4201.55,3177.67,3601.52,4.08,2.74,168.02
1323,885,Remesa,Jonathan Cole,DNI,82847160,GB65HPIT57685312643000,2024-06-23 02:18:59,Perú,Colombia,4706.49,801.06,7644.78,1335.89,11.44,22.63,488.72
1324,769,Remesa,Brandon Williams,DNI,10763296,GB37UMUP44537378525425,2024-04-26 22:05:54,Perú,México,2007.95,4786.96,8502.07,2823.29,29.21,24.64,239.31
1325,346,Exchange,Michele Stewart,CPF,38949193,GB30NKNU61890179534741,2024-06-27 11:23:28,Argentina,Chile,2426.33,2632.43,3295.96,826.43,16.74,13.28,174.46
1326,396,Tarjeta,Sara Vega,CPF,34344095,GB13DJQA41187532638538,2024-11-28 16:31:58,Argentina,Perú,3663.04,973.34,5622.9,682.92,18.5,22.19,490.02
1327,601,P2P,Charles Edwards,DNI,24250277,GB72IFXU11020516639024,2024-09-04 18:21:35,México,Chile,6740.1,1429.9,8495.2,2213.94,20.04,13.35,160.9
1328,760,Tarjeta,Colleen Page,RUT,66743980,GB62ECJF49355031537150,2024-09-22 13:24:56,Colombia,Argentina,4133.18,160.11,176.42,3956.44,11.21,0.74,249.9
1329,885,Tarjeta,Judith Cook,CPF,41111304,GB16SJGZ71112438129082,2024-09-16 20:38:11,México,Perú,8024.71,1894.05,1286.11,2791.43,31.67,24.6,490.36
1330,814,P2P,Julie Lopez,CC,65194683,GB18VWHS42285974994782,2024-08-20 13:23:18,México,México,7705.6,1520.66,9259.19,1339.73,17.32,1.4,123.26
1331,744,Exchange,Laurie Scott,DNI,22377222,GB06UIUO01554817816908,2024-10-19 20:27:43,Argentina,Argentina,4326.04,2679.65,9091.52,675.43,7.18,14.06,485.36
1332,836,P2P,Jimmy Robertson,RUT,84922839,GB42QUQK64649603473126,2024-05-06 09:32:16,Argentina,Chile,4544.09,3532.37,513.11,3523.99,23.1,19.81,181.46
1333,678,P2P,Andre Henry,CPF,21527851,GB60LXXH70537529927047,2024-06-19 01:23:09,Perú,México,565.55,1218.47,1225.96,1981.62,43.52,21.35,185.4
1334,186,Remesa,Kevin Gonzalez,CC,51180314,GB81DMBO61981430148915,2024-04-29 00:12:53,Chile,México,4228.23,3748.82,9799.21,2823.74,23.18,24.03,78.84
1335,819,Exchange,John Bowman,RUT,10842911,GB38UKRU81838090404895,2024-08-11 14:54:40,México,Colombia,1744.25,1100.94,9406.3,3267.89,16.08,2.28,408.42
1336,118,Tarjeta,Joshua Grant,DNI,36260817,GB78PYHO52066523555845,2024-08-11 22:27:35,Colombia,México,5919.65,88.81,1211.26,4957.22,17.51,3.19,394.97
1337,177,Exchange,Erica Knapp,CC,88802748,GB12LYVP69707224942346,2024-06-27 07:10:50,Perú,Chile,4136.71,2534.84,5334.81,1295.37,17.07,0.18,54.02
1338,1,Tarjeta,Jennifer Herrera,RUT,40541551,GB19JTQM83291876078924,2024-02-10 11:29:50,México,Perú,1292.34,2470.05,3359.26,1990.09,27.65,15.09,460.37
1339,394,Tarjeta,Kirk Hernandez,RUT,87228345,GB07KJRG33143215071642,2025-01-11 00:23:30,Perú,México,572.58,3195.05,3981.67,707.2,9.03,7.55,148.46
1340,128,Remesa,Charles Cook,RUT,79355862,GB78ZYSS69877834323206,2024-08-09 00:29:43,Argentina,México,1872.85,1975.81,3446.84,3493.22,2.84,14.08,175.51
1341,519,Remesa,Brian Miller,CPF,20002546,GB56MART45765853323237,2024-12-01 19:43:39,Chile,México,4968.22,2713.45,713.4,764.23,13.46,11.35,38.41
1342,367,Remesa,Patrick Fletcher,RUT,14694441,GB30AUNY71360035937206,2024-12-16 02:27:35,Chile,Chile,1102.64,120.38,2879.12,4866.33,26.47,9.71,56.78
1343,443,P2P,Angela Meyer MD,DNI,22873797,GB25HVGR64344483084339,2024-07-03 11:05:02,Colombia,Chile,1414.73,1519.05,6856.25,4166.88,34.13,12.12,341.07
1344,504,Tarjeta,Dr. Gina Nixon,DNI,13226921,GB35KHEZ33768146466500,2024-10-26 02:39:36,Colombia,Argentina,2748.91,1472.4,4076.29,308.6,47.41,2.07,226.11
1345,972,Tarjeta,Paula Walters,DNI,36234306,GB40MBIO39758347010793,2024-07-29 20:15:16,Chile,Colombia,7238.36,146.87,227.79,181.91,13.2,5.44,396.86
1346,368,Tarjeta,Geoffrey Kelley,RUT,88135451,GB73ZWQN78195498972302,2024-03-10 15:06:22,Argentina,México,3039.66,2728.0,9551.31,1079.05,28.76,4.9,224.76
1347,953,Tarjeta,Kimberly Walton,CC,80520519,GB33CPHC64418437708069,2024-11-02 12:28:07,Chile,México,7567.46,3147.68,184.84,3180.65,4.37,15.09,18.43
1348,791,Remesa,Luis Figueroa,CPF,48688010,GB31YAXX08561191607489,2024-10-15 02:36:49,Argentina,Chile,2935.31,3444.61,2960.28,1820.49,32.47,18.66,478.61
1349,215,Remesa,Joshua Bartlett,CPF,24221377,GB26YANV22571829925271,2024-08-17 15:25:33,México,Argentina,7547.86,192.51,181.59,1253.47,10.08,24.17,214.83
1350,994,Exchange,Stephanie Bowman,CPF,28752192,GB69YGAH60201258331487,2024-12-26 05:48:08,Colombia,Argentina,3073.14,4560.2,9845.26,2060.61,27.63,23.35,58.18
1351,394,Exchange,Zachary Davis,RUT,52729932,GB16UHKM74433774337660,2024-03-27 04:09:19,Argentina,México,1632.07,1083.81,8139.28,935.78,28.61,1.35,151.06
1352,53,Exchange,David Klein,DNI,29231720,GB40LIEW70144814801126,2024-04-27 14:08:16,Perú,Argentina,5714.79,4391.93,1135.64,1522.53,8.93,9.88,181.3
1353,978,Exchange,Erika Anderson,RUT,66365426,GB43QWLP29907896502565,2024-12-31 02:06:44,Perú,Argentina,5394.12,4279.69,2863.19,276.81,17.65,6.38,18.38
1354,615,Tarjeta,Richard Thomas,RUT,67676221,GB47GDHB44159232807698,2024-12-25 11:00:35,México,Argentina,385.01,1348.89,2971.36,2990.08,16.9,5.85,442.21
1355,759,Remesa,Katherine Jones,CC,66888977,GB70YWHN97971048254844,2024-05-14 06:44:21,Chile,México,2548.56,4409.61,7076.61,3554.44,26.05,16.82,184.94
1356,522,Tarjeta,Jeffrey Richardson,RUT,10557402,GB63ZGTP80506654933217,2024-12-20 02:01:05,Colombia,Colombia,1611.44,1065.32,4104.36,937.3,24.07,0.12,229.84
1357,857,Tarjeta,Melissa Marshall,RUT,23025112,GB20NNZQ89051262726138,2024-06-08 19:23:32,México,Colombia,288.03,2643.54,6057.51,967.57,9.73,8.63,37.46
1358,984,P2P,Brandon Davis,CPF,69444131,GB16TFXN29173159281909,2024-01-23 06:03:15,Chile,México,4051.36,2188.43,3891.92,3254.34,28.39,23.68,374.63
1359,69,Remesa,David Coleman,CC,82857927,GB76OENI11741485616376,2024-08-08 16:40:31,Argentina,Argentina,4391.25,830.47,2922.91,2914.03,41.04,21.04,26.9
1360,334,P2P,William Wright,CPF,84514676,GB69AMNX80655849478787,2024-06-01 12:14:58,Perú,México,3476.16,923.33,4556.51,2856.97,38.86,13.08,158.83
1361,328,P2P,Matthew Mcneil,CPF,48435871,GB50ULPG59046102504746,2024-05-03 16:04:06,Perú,Colombia,7970.51,3411.83,2918.86,3405.63,15.58,23.24,138.22
1362,138,Remesa,Amy Thompson,CPF,61929413,GB04DOKD40556111927272,2024-12-24 23:32:07,Chile,Perú,4298.37,168.91,5408.4,365.93,36.57,20.87,53.59
1363,283,Tarjeta,Mary Huynh,CPF,20121396,GB21QLYL95718785523825,2024-02-07 11:40:57,Argentina,Colombia,9235.0,2156.4,6556.04,1587.32,15.86,19.71,242.51
1364,156,P2P,Stephanie Blankenship,DNI,33024126,GB72XHDM09763523700491,2024-02-21 06:15:14,Argentina,Argentina,7812.87,2934.92,3845.66,4302.7,10.01,2.89,84.11
1365,316,Tarjeta,Danielle Schmidt,CPF,35539267,GB61QXLS83996347492078,2024-04-02 16:08:38,México,Chile,7816.59,4064.48,3891.28,3267.77,21.6,13.27,350.52
1366,933,Tarjeta,Helen Cantu,DNI,98919417,GB68XXYR12681492661083,2024-09-15 07:18:42,Perú,México,4815.32,3199.39,2786.45,1644.77,38.89,16.11,121.53
1367,678,P2P,Brian Wise Jr.,RUT,59796268,GB64UHNX35422110525253,2024-06-07 12:15:17,Colombia,Colombia,1458.15,2774.36,8660.84,4684.2,41.99,16.62,475.82
1368,826,Tarjeta,Mark Wilson,CPF,90890578,GB66SGVO71542240656693,2024-10-23 20:28:50,Chile,Perú,2579.06,4382.57,8283.7,2804.32,12.2,15.18,42.36
1369,703,Remesa,Gabriela Mitchell,CPF,77840525,GB32YDDA22076484304038,2024-11-25 05:31:28,Argentina,Argentina,3160.98,4196.54,3489.58,3278.89,45.5,11.53,241.71
1370,246,Remesa,Patrick Downs,DNI,13970741,GB18WQDN02981173464741,2024-01-24 21:04:08,México,Perú,6573.12,2341.17,3434.7,3976.81,20.4,12.81,429.79
1371,366,P2P,Peter Simmons,DNI,71972586,GB28QMOY53175845470800,2025-01-18 01:35:24,Chile,Colombia,7709.0,3739.39,2867.72,4363.48,20.3,18.71,217.02
1372,667,Remesa,Erin Parker,RUT,16306862,GB41QJQD05146000934038,2024-11-20 22:45:57,Chile,México,7113.15,4222.07,9409.43,854.52,15.53,17.78,34.38
1373,165,Tarjeta,Theodore Kim,CC,59570370,GB63DUEX05443738106029,2024-04-01 04:55:44,Colombia,Perú,8487.18,4125.97,7684.61,1697.71,38.43,2.63,376.16
1374,532,Remesa,Nicole Brewer,RUT,99175950,GB26FJUR26887210191100,2024-06-09 05:43:44,Perú,Perú,5960.77,3318.65,8684.95,3584.58,24.11,1.78,77.2
1375,970,P2P,Erik Jones,DNI,10515987,GB26CHGR37474104565873,2024-02-24 22:58:54,Argentina,Argentina,1847.49,97.83,4362.89,2769.47,0.68,13.92,375.5
1376,362,P2P,Rebecca Francis,CPF,81462148,GB62PTEA28763481890386,2024-03-23 18:51:46,Perú,México,8702.39,3725.17,9878.07,4779.06,3.85,13.71,406.17
1377,12,P2P,Julie Alexander,CC,50980142,GB03VAXV22638213376844,2024-10-29 22:20:39,Colombia,Chile,3185.82,3927.21,1893.77,3122.45,24.93,4.6,468.57
1378,547,Exchange,Dean Weeks,CPF,89259958,GB28SWQR48362532887223,2024-12-25 10:24:34,Perú,México,7280.0,2308.86,8138.41,1055.03,27.2,6.77,88.01
1379,741,Remesa,Tina Bishop,CC,13027529,GB23SYPU31732442831081,2024-06-10 21:18:14,Argentina,México,5920.03,759.3,5946.83,1204.64,43.14,15.49,294.86
1380,671,P2P,Cody Dickson,CPF,21730108,GB20YXCS44930216910734,2024-02-10 17:31:04,Chile,Chile,2797.53,4907.12,7392.85,4005.14,33.22,9.78,108.05
1381,828,Exchange,Melissa Johnson,CPF,53708753,GB07PEPE89004328365513,2024-08-04 10:49:41,Chile,Chile,8663.08,3653.94,1501.24,2237.26,40.13,17.61,351.49
1382,160,Tarjeta,Julie Benson,CPF,96197096,GB31WBRN44286578616316,2025-01-13 19:57:44,Perú,México,4869.5,3832.75,3779.06,2602.06,7.43,10.89,184.32
1383,427,Remesa,Catherine Rivas,DNI,34775810,GB36VCIR08949029153088,2024-10-08 09:20:54,Colombia,México,1898.02,3066.9,6123.78,1105.45,35.0,20.54,372.5
1384,416,Remesa,Heather Wilcox,CPF,29497449,GB60NUNZ71659496016868,2024-06-17 09:05:38,Colombia,Chile,8578.09,130.54,873.42,4901.48,43.87,24.64,386.42
1385,564,Exchange,Mary Orr,DNI,36680011,GB32DWZN72153577294974,2024-07-12 00:29:38,Perú,Chile,2485.53,2674.1,5345.39,1560.66,25.12,14.27,194.14
1386,942,Tarjeta,Scott Bush,CPF,71376812,GB11GIJK47351996180922,2024-04-25 23:28:35,México,Colombia,6787.59,2607.04,7103.56,2142.93,49.12,9.28,456.66
1387,679,P2P,Stephanie Bridges,CPF,77890366,GB97QAHS81010372980925,2024-03-27 03:30:00,Argentina,Perú,9505.73,2997.24,1591.85,1540.96,21.03,22.48,359.25
1388,115,Tarjeta,Christina Mora,RUT,92217243,GB76FYJJ39147260214295,2024-04-15 01:13:46,Chile,México,8729.37,296.62,8924.36,3725.11,27.58,2.93,66.23
1389,915,Exchange,Mark Hall,CC,20304756,GB80HZZR82167185672517,2024-11-14 23:53:16,Colombia,Perú,5962.7,234.29,7287.3,2740.72,8.01,22.4,152.47
1390,726,Remesa,Rachel Owen,DNI,80488335,GB02CYVI47075205070957,2024-06-12 09:14:30,México,Argentina,6144.64,4961.81,284.01,3679.55,26.78,19.48,106.98
1391,613,Remesa,Ms. Christina Martin,CPF,49420060,GB95UURA16572002786436,2024-08-25 15:07:11,Colombia,Argentina,7975.08,76.11,6332.06,1104.53,4.64,3.63,64.12
1392,468,Remesa,Adam Johnson,CC,66937541,GB44MGOY97737546856191,2024-08-25 14:36:20,Argentina,Colombia,9446.68,564.84,2198.83,3496.64,1.03,12.86,454.11
1393,290,Remesa,Kerri Hammond,DNI,56547026,GB10LART74630324334092,2024-04-21 08:03:50,Chile,Perú,1835.06,2846.91,9682.85,4627.61,26.34,2.04,292.16
1394,277,Remesa,Veronica Wilson,DNI,66278553,GB93NZZT93812012876060,2024-04-08 11:28:19,Colombia,Colombia,4480.37,4930.64,2929.47,1661.61,30.24,17.65,148.74
1395,810,P2P,Kathy Tran,CPF,67778948,GB20OLYV78894482352876,2024-01-27 06:48:02,México,Chile,2289.51,1322.0,8885.14,2263.37,29.32,18.06,493.48
1396,181,Exchange,Natalie Hodge,RUT,79787241,GB93HGJG99315195066251,2024-09-05 05:13:02,Colombia,Colombia,3891.96,3780.58,9190.66,2265.83,2.03,23.13,180.74
1397,408,Tarjeta,Maria Jones,DNI,84856999,GB28JQHI75075049771606,2024-04-17 02:27:32,Perú,México,7187.34,4392.78,5670.23,3892.14,24.81,9.9,78.8
1398,499,P2P,Benjamin Williams,CPF,53157288,GB36YKYK73205319002307,2024-12-15 11:39:22,Chile,Chile,4721.54,675.49,9540.54,4915.65,16.06,13.98,133.52
1399,968,P2P,Rachel Stark,CPF,39469813,GB53BJMB92401547417923,2024-11-27 17:28:44,Colombia,Perú,7184.31,4721.33,1141.33,4788.29,30.24,15.38,414.76
1400,735,Exchange,Jonathan Torres,RUT,77619750,GB94FLSV39280850076112,2024-05-14 23:43:03,Perú,Perú,1280.77,3794.64,1034.74,4093.84,32.2,6.7,199.87
1401,951,P2P,Ann Scott,RUT,68633708,GB16KTAJ90054323584979,2024-05-05 08:48:07,México,Perú,7298.42,3160.31,9798.03,768.12,29.92,14.14,254.43
1402,515,Remesa,Vanessa Wright,CPF,59949491,GB07NPZW81218342370305,2024-10-09 13:58:57,Argentina,Colombia,1961.66,3577.34,6312.55,289.45,45.9,1.26,372.84
1403,566,Tarjeta,Troy Haney,CPF,78946196,GB83ZQYH00227003329637,2024-04-06 16:14:34,Chile,Argentina,2243.09,1794.32,4924.81,2880.26,6.27,16.16,68.34
1404,653,Exchange,Lindsay Hansen,CPF,97257090,GB78TPIN54620095173090,2024-03-13 08:43:48,Argentina,Colombia,2142.41,1850.71,6967.02,4587.17,24.78,20.8,286.32
1405,801,Exchange,Eric Zamora,CPF,35798141,GB91CMOL25696032773737,2024-12-22 03:42:28,México,Argentina,6771.86,3720.92,3915.38,3814.56,40.83,9.1,393.4
1406,922,Tarjeta,James Hicks,CC,39065619,GB22EZTS16304375769461,2024-11-18 19:30:01,México,Colombia,3248.75,898.01,444.6,4056.23,48.24,16.98,438.6
1407,53,Remesa,Nicole Gibson,DNI,25433249,GB51IKDU09099915176079,2024-03-03 00:38:30,Colombia,México,4810.86,4907.99,1422.01,3071.87,27.26,4.68,460.77
1408,593,P2P,William Glover,CC,83358709,GB69JCPN31165199194822,2024-04-05 15:38:49,Argentina,México,5851.32,3512.07,2527.73,1641.63,7.93,19.37,12.29
1409,212,Remesa,Calvin Harding,DNI,65672197,GB58GEQW34192743452888,2024-05-23 22:01:46,Chile,México,9864.3,3584.07,8855.04,1543.26,23.57,7.63,241.59
1410,441,Exchange,Katherine Smith,RUT,37436441,GB23CEAV32196061751041,2025-01-22 07:32:01,México,Argentina,1945.78,3028.42,9917.23,1886.07,5.5,6.25,93.51
1411,201,Tarjeta,Anthony Hudson,RUT,63155720,GB14BJKC32371214588750,2024-04-09 06:03:54,Chile,Chile,9502.79,2098.25,607.46,4694.5,0.44,14.38,342.65
1412,904,Tarjeta,Michelle Martin,CC,78978505,GB28XDQA00709620324582,2024-06-04 07:32:15,Colombia,Perú,3972.19,1919.31,846.0,1282.47,14.39,1.09,100.93
1413,833,Remesa,Sarah Copeland,CC,33867947,GB29EJEL53372790191571,2024-12-24 11:30:38,Perú,Colombia,2621.79,837.91,9280.83,1621.32,42.43,5.98,164.63
1414,656,Tarjeta,Derek Chambers,RUT,72315687,GB38ZUOP60838309547056,2024-07-23 00:17:32,Chile,Perú,7162.99,3365.58,7347.11,1440.78,1.3,22.53,210.58
1415,548,P2P,Jennifer Diaz,CPF,80932839,GB87KHXB53211277025905,2024-05-23 14:33:42,Argentina,Colombia,7353.79,982.33,7856.57,1626.87,1.16,15.77,114.11
1416,855,Exchange,Lee Clark,RUT,45538441,GB07EZYT52010076651486,2024-07-18 08:20:56,México,México,5064.81,4217.46,5670.47,3186.34,16.56,17.4,372.21
1417,737,Tarjeta,Megan Chavez,CPF,40567107,GB15TPPY51875583648733,2024-08-20 14:00:16,Colombia,Colombia,2804.87,1757.96,7758.69,3967.38,25.01,15.22,438.75
1418,998,P2P,Justin Myers,RUT,58190907,GB93HMVX16713630170888,2024-03-28 16:11:31,Chile,Colombia,7618.63,241.06,2876.03,305.32,41.21,18.6,452.57
1419,384,Exchange,Allen Cole,CPF,47759486,GB19JVGE98692461171186,2024-04-11 09:53:12,Perú,Perú,3121.98,224.24,4645.13,1267.76,21.95,20.12,355.77
1420,934,Remesa,Gregory Morris,RUT,14363343,GB79YTNP70968553273910,2024-11-06 18:36:41,Perú,Argentina,7021.13,2776.33,367.37,2634.51,26.09,7.99,146.58
1421,593,Remesa,Heather Strong,CC,49965250,GB14MTNB50639934615284,2024-06-02 06:45:45,Chile,Colombia,8544.37,4248.65,5678.81,1168.68,20.23,20.61,50.64
1422,842,Remesa,Calvin Cohen,RUT,42470597,GB31UDDH36670753801364,2025-01-16 10:01:59,México,Perú,7363.78,2813.98,4305.78,4750.87,44.61,3.42,363.68
1423,129,P2P,Travis Figueroa,CPF,14683715,GB50GMWT36168233937819,2024-09-17 01:28:39,México,Chile,4588.59,424.89,997.4,4876.0,26.28,13.9,326.85
1424,709,Remesa,Susan Reynolds,RUT,48223953,GB63OUHQ58840500938231,2024-10-01 15:07:09,Chile,Argentina,2638.5,3959.08,2793.1,2339.98,14.18,14.53,409.54
1425,797,Remesa,Dr. Jim Wilkinson DDS,CC,93434807,GB86JLDV62841599875143,2024-02-21 03:06:31,Argentina,Argentina,5062.68,3436.29,8599.36,4408.33,32.62,18.69,49.93
1426,722,Remesa,Joseph Stewart,CC,40696960,GB83ORRF21156572957189,2024-12-05 14:14:41,Colombia,México,9035.24,2984.14,2804.6,665.67,11.43,22.07,151.77
1427,118,P2P,Michelle Anderson,CC,48603834,GB10UUDE53620563338537,2024-10-18 20:52:58,Colombia,Colombia,9071.38,72.99,9373.67,79.15,43.65,11.37,461.4
1428,324,Remesa,Nicholas Hughes,DNI,57487449,GB13BBJE34028894058159,2024-12-31 02:44:35,Perú,Colombia,9057.49,4650.54,8355.6,4302.49,9.36,10.0,348.99
1429,38,Exchange,Victoria Lopez,CPF,15413547,GB79WWMB33407098595795,2025-01-05 05:54:12,Chile,Argentina,5488.96,4449.76,9852.87,2172.16,1.94,8.43,411.34
1430,602,Remesa,Kevin Miranda,DNI,39936336,GB92NKYA33793983825744,2024-01-28 04:54:21,Colombia,Argentina,2460.03,3435.57,5541.85,3607.51,31.0,12.74,382.78
1431,181,Remesa,Carla Rodriguez,RUT,10717293,GB03EAWG54554032930710,2024-06-02 18:28:30,México,Argentina,5210.72,184.78,8734.25,1314.43,17.28,6.06,288.97
1432,515,Remesa,Carolyn Lane,RUT,16936367,GB15GVJO52665207262608,2024-06-27 18:23:35,Argentina,Argentina,9395.8,4620.0,3610.21,4037.2,26.61,19.88,498.12
1433,775,Exchange,Michelle Murphy,CC,90783587,GB31OVMD88171870162519,2024-10-25 07:00:54,Colombia,Argentina,5620.42,2175.78,9723.94,2359.76,23.82,22.39,459.3
1434,401,Exchange,Zachary Bennett,CC,55042837,GB49DVJJ60248856839571,2024-11-14 02:28:26,Colombia,México,7524.17,4709.18,4986.78,1574.72,22.12,11.38,355.49
1435,31,Exchange,Casey Bennett,DNI,12835577,GB02JTCA22951355319754,2024-06-11 09:13:49,Argentina,Perú,3188.82,1020.84,4769.76,1616.61,4.31,23.25,165.98
1436,746,P2P,Shannon Brown,DNI,95005469,GB84TSKR37750800975632,2024-07-04 21:51:53,Colombia,Perú,9316.59,959.34,4304.5,3537.11,16.26,17.07,150.44
1437,876,Remesa,James Ponce,CPF,32104524,GB54WPUA29837534684596,2024-05-23 10:39:51,Chile,Argentina,1036.53,1846.65,5243.57,4504.36,19.4,5.65,426.95
1438,154,P2P,Caitlin Brown,DNI,76682692,GB23YQFA69632275936626,2024-04-30 08:42:27,Colombia,Chile,2722.49,1416.38,5299.14,3244.92,5.74,3.37,362.73
1439,319,Exchange,Isaiah Fox,DNI,59205380,GB51NFBC32849879935804,2024-12-31 22:20:57,Colombia,Argentina,1707.32,4428.4,6005.0,179.02,40.57,14.91,204.4
1440,825,P2P,Vernon Mcneil,CPF,69832460,GB88FIXO44199721020940,2024-07-24 18:14:38,Colombia,Argentina,1599.71,2536.98,2580.22,969.55,26.95,17.68,12.45
1441,311,Remesa,Kaitlyn Wise,CPF,24311134,GB81LEJH19427993368732,2024-11-13 13:56:10,Colombia,Chile,6527.47,1276.97,5162.1,2682.87,47.23,8.85,101.53
1442,212,Tarjeta,Jordan Wheeler,RUT,11820810,GB91LSFV16941748242999,2024-05-16 15:06:55,Chile,México,8614.76,2463.91,2303.3,4821.63,27.92,17.56,327.66
1443,883,Tarjeta,Eric Hubbard,DNI,64209947,GB54YCVA63769720422436,2024-06-01 14:47:23,Chile,Colombia,2128.53,3026.98,4441.35,3589.87,18.74,1.39,440.75
1444,195,Remesa,Richard Fields,DNI,78626339,GB68GYEN84397084273165,2024-06-07 16:36:44,Argentina,México,6393.24,4036.96,8648.3,810.4,37.44,17.55,164.14
1445,36,Remesa,Timothy Orr DDS,CPF,61851304,GB91VRPF68901382172755,2024-01-23 18:53:21,Argentina,México,6846.83,1459.18,6340.76,1630.22,19.47,0.68,206.42
1446,876,Tarjeta,Brandon Brown,RUT,89135280,GB24NGOD89276942805355,2024-12-21 15:56:42,Chile,Chile,316.62,1893.19,7274.31,1512.71,42.1,12.46,91.01
1447,541,P2P,Steven Smith,CPF,28898400,GB33WFKY40369614276755,2024-08-30 14:58:25,Perú,Chile,1959.14,3551.7,190.12,753.84,45.93,11.6,487.86
1448,222,P2P,Monica Martinez,CC,77553818,GB38ITKJ58135242637037,2024-05-22 01:33:28,Colombia,Argentina,5807.8,3146.44,1207.89,115.54,24.05,17.92,348.71
1449,690,Tarjeta,Michael Harris,DNI,32275208,GB34PPDH45315007685511,2024-12-11 13:10:06,Perú,México,593.55,1738.89,7063.7,4825.33,25.29,17.77,278.61
1450,583,Remesa,Cheryl Gonzalez,DNI,12858873,GB53APLW79658766041958,2024-10-27 15:18:15,Argentina,México,4883.8,4275.59,3489.98,1596.93,4.57,24.97,152.4
1451,961,Remesa,Sarah Mccormick,CC,63526588,GB02JEVT50133359249857,2024-08-31 09:06:46,Colombia,México,7353.44,4708.26,637.72,1122.62,43.4,16.45,57.12
1452,16,Tarjeta,Jose Carlson,CPF,96835256,GB85YUUV10370725434724,2024-04-06 15:02:34,Argentina,México,6795.99,2076.94,198.19,2270.13,12.66,21.83,466.99
1453,689,Remesa,James Andrews,CPF,63051175,GB27IGWN17131405882765,2024-12-21 02:16:51,Argentina,Argentina,1667.9,2140.63,4380.73,1112.4,3.72,10.99,175.0
1454,865,Tarjeta,William Perez,DNI,49952053,GB25UUOM05286289790256,2024-05-04 00:57:44,Perú,Perú,4275.04,4486.28,4204.88,339.01,24.2,21.58,212.85
1455,704,Tarjeta,Samantha Brown,CC,42605363,GB96YRIB35292947149056,2025-01-19 08:28:26,México,Chile,2815.41,2977.92,2763.03,1992.4,17.85,13.29,23.09
1456,634,Exchange,David Howard,CC,21977075,GB19FHYQ66167831216613,2024-06-12 14:12:56,México,Perú,399.67,2684.28,7250.21,1229.47,41.68,0.74,16.61
1457,398,Tarjeta,Zachary Barker,RUT,94013604,GB95JBTF44653520135439,2024-06-27 05:39:00,México,México,1341.5,1217.74,5325.81,3571.03,37.72,23.22,42.56
1458,128,Tarjeta,Sherri Evans,DNI,91591656,GB37DZFI13729599788532,2024-05-28 01:02:10,Argentina,Perú,3443.28,1902.66,1871.01,2850.57,17.51,10.89,173.62
1459,348,Tarjeta,Thomas Perez,DNI,67157953,GB16FNGA65021713712267,2024-07-21 16:32:22,México,Argentina,7711.52,4252.66,1984.98,692.44,13.45,10.87,70.81
1460,965,Exchange,Mr. Jerry Shelton Jr.,DNI,52655483,GB60MGVH02199839530352,2024-05-11 09:31:59,Argentina,México,9118.78,1937.13,6356.28,3575.59,40.32,17.89,18.97
1461,34,Remesa,Xavier Hall,RUT,60979998,GB54BNXP98554356156596,2024-01-30 21:04:02,México,Perú,3574.92,2772.16,5584.93,4079.99,8.84,19.84,248.31
1462,938,Exchange,Shannon Sanchez,CPF,29156715,GB71AQEC01144210210280,2024-03-24 23:29:12,Chile,México,1896.43,1592.12,3743.09,271.37,40.34,7.39,223.55
1463,519,Tarjeta,Teresa Perez,CC,37352379,GB20ASUA21222429820399,2024-05-09 07:36:13,Chile,Argentina,2467.79,4797.84,6658.58,4969.73,41.2,20.91,65.56
1464,977,Remesa,Mr. Gerald Martinez,RUT,27950262,GB76JDDP31579926754695,2024-08-26 08:38:10,Chile,Perú,490.9,613.66,8564.98,1498.1,22.09,24.04,292.16
1465,405,Remesa,Jaime Juarez,CPF,91648499,GB35XIBD43891045311114,2024-10-25 20:55:41,Chile,Chile,6547.88,4150.69,3302.23,751.58,12.22,23.79,158.96
1466,603,Exchange,Kristen King,DNI,35011709,GB33LJAP08296015012113,2024-02-27 10:41:04,Perú,Argentina,7702.1,2385.33,9024.93,2218.5,27.33,10.73,118.84
1467,791,Exchange,Kerry Dixon,CC,41653675,GB46FQAI57584486374039,2024-05-24 23:52:55,Perú,Chile,7553.28,389.1,8903.85,4292.66,14.25,17.81,444.22
1468,327,Remesa,Samuel Cabrera,CPF,89751385,GB12XPAG36322160036011,2025-01-11 14:27:08,Argentina,Chile,6738.13,926.52,9004.07,1529.22,12.85,6.24,28.25
1469,541,Tarjeta,Sheila Green,DNI,75627079,GB54QVHX43819048990934,2024-10-09 00:22:22,Colombia,México,6206.59,109.11,3107.48,4862.99,49.05,20.22,432.81
1470,408,Tarjeta,Melinda Chambers,CPF,67681696,GB56GDTO41657366894149,2024-06-05 20:23:41,Perú,Perú,568.44,1483.18,9983.81,3659.98,27.27,15.0,279.28
1471,243,Exchange,Ashley Fletcher,DNI,20482504,GB57KXUW96755546654330,2024-12-07 01:54:00,Argentina,Perú,7048.61,1335.07,6896.71,3347.01,34.28,22.1,483.37
1472,768,Remesa,Carol Gibson,RUT,77953517,GB76XQSU92378235454632,2024-07-16 05:53:05,Chile,Perú,3000.24,3984.54,1507.74,4592.77,19.61,22.76,334.9
1473,412,P2P,Andrew Richardson,CC,83877542,GB56XQTI92697016768308,2024-03-28 06:59:10,Chile,Colombia,2919.7,1085.44,9674.96,4669.88,12.6,12.1,363.93
1474,52,Remesa,Sean Nolan,CC,60388564,GB59RGPL66762756614436,2024-04-11 07:23:50,México,Chile,4061.28,843.75,8513.93,563.45,25.78,16.77,440.53
1475,202,Exchange,John Garcia,CPF,73529101,GB62HSRF31599542524003,2024-11-26 11:42:23,México,México,6002.02,2050.61,6015.62,4749.77,43.06,16.5,193.2
1476,351,Remesa,Melissa Rodriguez,CC,34044800,GB72ONRG55722855767212,2024-06-02 00:56:23,Perú,Chile,878.78,609.69,129.82,919.56,25.42,11.04,154.22
1477,217,Tarjeta,Carrie Caldwell,RUT,76012009,GB36SAQA10779465711077,2024-01-30 17:58:46,Chile,Colombia,1045.98,2109.21,6754.76,2377.47,27.6,24.83,283.87
1478,195,P2P,Bobby Hicks,CPF,11833925,GB63XZOH67800070663930,2024-12-19 14:22:23,México,Colombia,5916.65,3606.61,5192.38,1922.94,34.05,8.76,286.25
1479,709,Remesa,Karen Mcmahon,RUT,42523707,GB69XXBB39511404931075,2024-11-06 17:17:12,Argentina,Perú,2840.72,4027.82,7424.25,2267.73,26.48,21.16,35.19
1480,445,P2P,John Curtis,RUT,42718777,GB88JHWM75477055258648,2024-02-24 17:18:59,Colombia,Perú,2283.79,4594.73,985.19,2276.04,15.12,20.3,295.05
1481,539,P2P,Jessica Ali,DNI,48038822,GB59FTWD18192767497500,2024-12-28 10:21:31,Argentina,Argentina,358.51,2869.49,2003.66,4045.68,16.06,17.68,430.69
1482,58,Remesa,Donna Dickerson,RUT,95241992,GB76FILB61124604298757,2025-01-07 05:47:57,México,Chile,5832.75,1246.3,6505.14,3584.59,14.71,22.56,402.27
1483,869,Remesa,Janice Castillo,DNI,84380538,GB93PZYJ30282497245836,2024-10-16 14:59:47,Chile,México,3812.76,2406.69,4710.32,4750.7,39.0,10.59,11.31
1484,822,P2P,Charles Thompson,DNI,32791747,GB79VZHN58851267509570,2024-08-05 11:22:50,México,Argentina,1422.75,4338.77,491.3,776.79,37.65,5.93,276.65
1485,861,Tarjeta,Caitlin Anderson,CC,56001993,GB47RIGX99767939069285,2024-01-30 08:04:06,Colombia,México,1046.98,1284.38,7606.59,3891.55,18.24,5.94,332.09
1486,967,Exchange,Melissa Fowler,CC,64368054,GB69KHLJ40869286763124,2024-03-15 07:16:15,Perú,México,1751.64,1299.05,8482.4,4328.08,8.65,8.56,100.73
1487,883,P2P,Elizabeth Lewis,CC,80151706,GB14ISHQ50123283239471,2024-10-09 05:00:02,México,Colombia,9492.08,693.55,4506.45,2087.97,39.8,21.53,484.77
1488,563,Exchange,Kelly Martinez,RUT,65548733,GB66VNGC88196651183971,2024-08-26 01:04:48,Argentina,México,477.78,465.45,2467.58,4643.77,0.21,0.95,261.29
1489,38,Tarjeta,Andrew Lawrence,DNI,52226551,GB95FHVD59023252113518,2024-04-29 12:36:23,Chile,Perú,7569.29,2787.33,7753.63,4561.79,10.78,1.17,303.91
1490,60,Remesa,Alison Bruce,CPF,46607654,GB42YCFI88742185500771,2024-07-31 02:42:47,Perú,Perú,4154.22,3903.62,3158.93,3707.82,5.91,23.65,392.97
1491,288,P2P,Kimberly Osborne,CPF,12116279,GB22AJWK50458523815482,2024-07-27 21:42:46,Chile,Argentina,4143.37,595.24,4827.04,2274.49,1.4,21.16,12.34
1492,714,Remesa,Lisa Richardson,CPF,74621784,GB26ERAZ68455109543861,2024-10-26 10:31:27,Argentina,Argentina,2267.17,700.33,9440.29,4805.48,33.03,22.91,216.76
1493,49,Exchange,Mr. David Taylor,DNI,88806863,GB18KATU27387440399330,2024-02-20 01:55:18,Chile,Argentina,7352.49,1761.57,5505.52,2129.43,32.83,18.45,476.84
1494,664,Remesa,Scott Powell,CPF,34755158,GB11JVCI02022343812456,2024-05-15 04:10:31,Colombia,Perú,7563.99,2957.87,667.44,3817.75,9.38,17.4,448.45
1495,270,P2P,Joshua Hamilton,RUT,11816085,GB91VOVR90364852408312,2024-07-07 16:29:06,Perú,Colombia,5659.72,2563.63,5280.59,954.56,22.62,9.62,415.57
1496,391,Exchange,William Smith,RUT,22624874,GB51UJSQ91579870367702,2024-09-05 20:00:13,Perú,México,3264.98,2193.88,6368.77,1706.13,41.49,24.68,390.9
1497,742,Remesa,David Moore,CC,10196596,GB92WYCE62151483800574,2024-12-31 01:39:40,México,México,2583.0,3942.55,2318.32,4805.99,30.38,6.24,83.89
1498,156,Exchange,Jody Brown,RUT,80793520,GB29UHHC91121514192348,2024-08-26 05:51:26,Argentina,Perú,5639.88,1415.18,7888.18,1632.06,14.15,11.48,409.89
1499,268,Remesa,Kimberly Brown,DNI,94794246,GB57QPVI18580617842667,2024-12-03 19:39:56,Colombia,Chile,1257.39,450.36,2206.4,4017.53,44.46,4.61,429.17
1500,193,Remesa,Mark Harris,CC,89787824,GB56JPGH79730640322569,2024-08-02 01:23:32,Argentina,Chile,1794.43,1762.97,3102.68,4579.61,10.73,8.09,171.08
1501,192,Exchange,Shawn Holder,CPF,52724039,GB74VNQE92657471173057,2024-08-24 11:14:44,Argentina,Perú,4266.8,940.06,8052.2,647.5,48.13,4.26,182.98
1502,680,Tarjeta,Jasmine Morris,CC,25729495,GB29GCZD89242442422988,2024-04-07 23:58:24,Chile,México,3890.01,2450.49,5260.1,3216.23,41.11,11.03,113.54
1503,444,Exchange,Bonnie Cook,CPF,91565211,GB39WZCV83788831527292,2024-08-20 14:41:02,Argentina,México,7934.3,2159.14,2007.09,3359.22,14.97,24.49,81.46
1504,416,Remesa,Jill Norman,RUT,77874396,GB07KTTV97957511546908,2024-12-03 07:45:38,Argentina,México,7518.78,3026.02,1703.89,654.09,18.78,17.22,129.2
1505,961,Exchange,David Jackson,CPF,19091551,GB77BUWN17770845891562,2025-01-10 16:12:20,Perú,México,6571.84,1820.15,9512.53,4277.96,33.07,20.89,498.67
1506,903,P2P,Colin Berry,CC,66057289,GB59CVUK70091697897039,2025-01-14 10:01:32,Perú,Colombia,2211.87,3468.2,2255.06,3665.66,32.04,5.07,352.46
1507,691,Exchange,Andrew Green,DNI,11299645,GB11HHTD04514395743514,2024-07-07 04:32:39,Chile,Perú,3362.46,4002.72,7984.58,2938.08,35.74,21.56,149.37
1508,353,Tarjeta,Donna Leon,DNI,84350000,GB25CMGX33644014723095,2024-04-11 22:28:34,México,Colombia,6018.76,1591.83,4931.44,743.29,29.31,9.45,296.81
1509,346,Tarjeta,Tonya Brandt,RUT,61043708,GB13LUAQ97158470503701,2024-08-20 06:45:42,Colombia,Argentina,9384.89,2851.36,4459.15,2476.23,0.65,11.46,394.41
1510,1000,P2P,Bryan Rosales,CPF,71793067,GB33UEKQ18186892793658,2024-02-04 16:42:19,México,México,6342.65,4720.3,1083.76,1374.28,26.12,0.88,23.43
1511,337,Exchange,Jeremy Barrett,RUT,72329902,GB62WPIL85598238522846,2024-09-16 11:58:41,Colombia,Perú,4449.67,1956.83,9650.71,195.48,14.6,8.67,133.73
1512,40,Tarjeta,Danny Charles,RUT,47925362,GB83BFGL12925393756638,2024-06-16 11:00:22,Argentina,Chile,1127.8,4677.96,6096.65,261.19,38.11,16.27,357.8
1513,624,P2P,Natalie Rodriguez,CPF,46706819,GB65BVCF94554451804665,2024-07-24 08:08:48,Argentina,México,9369.18,1600.27,5776.18,2671.02,40.97,0.12,258.15
1514,784,P2P,Jesse Kane,DNI,52334412,GB65ERSZ56976038986044,2024-12-07 23:43:52,Chile,Chile,8332.05,4611.69,1251.04,1700.5,48.96,8.73,66.76
1515,892,Exchange,Heather Lawrence,DNI,87421924,GB55QOUR66405990607324,2024-04-14 23:18:54,Argentina,Perú,2663.94,3577.63,4819.52,843.03,34.59,23.49,478.39
1516,854,Remesa,Heather Proctor,DNI,63311258,GB71HTLO17934927639817,2024-04-06 10:41:50,Chile,Chile,3877.03,4347.87,2075.44,4272.29,36.34,8.25,324.34
1517,138,Remesa,Gary Harrington,CC,82289528,GB11CVKQ98115650863502,2024-10-06 10:42:53,Chile,Chile,6286.04,3609.54,951.25,360.06,24.49,10.97,47.21
1518,292,Remesa,Kathryn Perkins,CC,59621277,GB30VDYB32425268669272,2024-03-19 07:21:32,México,Colombia,8591.07,4063.98,8978.65,1985.13,29.87,19.72,175.35
1519,494,Tarjeta,Christopher Taylor,DNI,91205365,GB95WESL60859527693715,2024-06-14 05:02:17,Argentina,Perú,2152.52,1117.44,1448.65,2452.95,37.62,24.44,80.74
1520,344,Remesa,Jackie Mcneil,CC,87558609,GB63AYEG88667447408725,2024-10-11 04:01:01,Perú,Colombia,1593.27,557.06,3377.31,2326.45,33.65,1.99,419.0
1521,902,Exchange,Haley Hernandez,CC,43425254,GB38BLDE88937207803293,2024-03-28 03:52:17,Colombia,Chile,8524.07,3434.05,5594.34,3481.04,13.31,13.43,95.51
1522,301,Remesa,James Combs,DNI,27544569,GB92IPUZ29118884920056,2024-03-01 03:22:36,México,Chile,7202.11,4400.55,3045.3,1204.04,17.45,12.77,493.56
1523,191,Exchange,Tara Nelson,RUT,87899496,GB18RAZI57004319163418,2024-04-17 09:18:14,Argentina,Chile,1082.8,3809.58,3214.81,2057.38,41.7,16.77,299.06
1524,412,Remesa,Chelsea Lopez,RUT,82796655,GB88FDIS61096962867968,2024-10-15 16:55:38,Colombia,Argentina,2217.38,3277.92,9003.76,952.43,47.54,11.0,73.96
1525,517,Tarjeta,John Lewis,RUT,17910083,GB40HMFD31179483118057,2025-01-08 15:16:53,Colombia,Argentina,7614.43,4171.79,7642.68,361.01,27.12,14.35,280.73
1526,664,Exchange,Terry Garcia,DNI,57437547,GB74RWWY36807045022499,2024-09-01 06:20:55,Chile,Chile,1968.29,4069.97,8364.12,3862.39,3.79,7.71,387.46
1527,497,P2P,Christina Johnson,RUT,69429457,GB28VVKI72786865496481,2024-12-20 16:00:26,Perú,Chile,4640.29,2096.14,3414.33,4787.43,14.79,8.92,191.88
1528,399,Tarjeta,Ashley French,RUT,14660013,GB30WUDT06993326613924,2024-12-23 01:40:04,Colombia,Chile,8103.3,3066.57,6109.25,173.66,31.64,0.16,90.8
1529,874,P2P,Chelsea Vazquez,RUT,65966368,GB91GXQG18210521703140,2024-01-28 02:38:34,Colombia,México,4396.38,2735.13,3485.02,2634.92,9.52,23.29,183.65
1530,267,Exchange,Gary Bridges,DNI,59259807,GB51BFIJ46877033480116,2024-11-11 17:34:21,Argentina,Colombia,3242.13,2965.91,5453.96,268.94,2.33,20.09,398.76
1531,406,Remesa,Emily Park,RUT,16488661,GB96GXHD50873101065897,2024-04-08 07:34:21,México,México,6746.54,3145.26,9642.89,358.46,1.35,19.98,107.64
1532,144,Exchange,Katherine Fox,CC,22543280,GB35WOWN78391082337234,2024-11-13 05:19:05,México,Argentina,6764.52,2394.22,8017.33,3176.75,46.65,12.25,301.38
1533,760,Remesa,Amy Watts,CC,20147175,GB04WFTN35708046385637,2024-08-22 05:38:51,México,Perú,4489.77,3157.56,3669.26,3697.12,22.63,10.5,469.6
1534,449,Exchange,Ashley Martinez,CC,47813419,GB56LJBP61638742385518,2024-02-23 04:23:09,Colombia,Argentina,2171.61,3714.85,5248.73,4634.52,47.56,5.71,235.65
1535,49,Tarjeta,Elizabeth Elliott,CC,43606033,GB74QFRQ23351140248995,2024-03-01 22:58:37,Argentina,Colombia,2477.64,3775.5,7454.17,3620.29,44.56,16.34,35.97
1536,184,Tarjeta,Anthony Briggs,RUT,56156851,GB24BCBQ75609439559112,2024-02-10 09:42:07,México,Perú,5378.37,2057.24,1685.96,3085.28,0.61,2.84,146.47
1537,50,P2P,Ronnie Goodman,CC,86008303,GB98TZSZ13207556036877,2024-07-24 21:10:01,Argentina,México,5874.1,3774.42,3715.93,4411.32,3.23,20.29,325.48
1538,716,Remesa,Douglas Miller,CPF,88878482,GB85VEBN80136908532544,2024-08-16 03:46:20,Colombia,Chile,1752.63,2972.01,5638.43,4258.46,37.34,5.69,387.29
1539,495,P2P,Kathy Lang,DNI,88383131,GB40XFUU34560071106620,2024-11-07 10:42:50,Colombia,Chile,7783.94,378.56,9037.19,3211.4,25.46,12.07,270.94
1540,267,P2P,Michael Hernandez,DNI,20867078,GB51IMWS48261776362990,2024-02-12 07:44:56,México,Colombia,1624.08,2587.04,2870.92,1528.79,34.08,1.75,85.06
1541,775,P2P,William Jones,CPF,40000429,GB49ECNX40591749599044,2024-07-20 04:59:05,Argentina,Argentina,3854.62,2601.65,9793.23,4059.5,17.02,24.03,375.22
1542,215,Tarjeta,Jake Park,DNI,39130350,GB59YPZR43407387657388,2024-06-17 11:50:45,Argentina,México,4282.62,668.02,4430.36,3074.2,36.08,0.78,331.24
1543,596,Remesa,Patricia Long,CC,39397363,GB41MDPH72742025657255,2024-11-13 18:15:22,México,Chile,3497.78,3230.82,7441.36,3540.7,11.71,21.09,49.79
1544,950,P2P,Laura Wilson,CC,89078565,GB67JEON32700552307912,2024-05-14 13:10:15,Perú,Argentina,9729.02,4765.48,7444.08,2436.78,9.71,23.17,280.14
1545,421,Remesa,Michael Powell,RUT,93818454,GB05VYYC90477602284059,2024-04-14 07:03:11,México,Colombia,510.13,225.48,1895.88,1213.58,30.96,8.92,133.57
1546,470,Tarjeta,Dr. Scott Johnson MD,CPF,17230283,GB16MTSG26669161832440,2024-07-14 19:38:59,México,Perú,2082.88,2326.11,3168.13,3144.28,29.86,9.01,157.12
1547,672,Exchange,Lacey Morrow,CC,18873728,GB57ECKJ71812667147554,2024-03-23 16:07:31,Argentina,Chile,6732.22,1352.11,7441.48,2301.78,16.16,5.73,232.32
1548,745,P2P,Lisa Farrell,CPF,63714488,GB96YAIZ06512758225485,2024-07-20 14:35:51,México,Chile,6520.93,4469.63,2529.27,3870.71,44.49,1.05,319.38
1549,736,Exchange,Tracy Reed,CC,42723308,GB33FIDV21865811661094,2025-01-20 09:32:34,Argentina,Argentina,1429.78,2863.3,6387.39,728.49,36.01,15.75,337.28
1550,45,Exchange,Brian Byrd,CC,45673351,GB53HPGJ49424959685145,2024-01-23 16:14:53,Chile,Argentina,7264.32,4382.93,5068.16,2251.6,37.96,4.88,187.25
1551,323,Tarjeta,George Bell,CPF,52919510,GB53TSFE53755629396217,2024-10-05 20:37:23,Chile,Perú,9869.98,1310.42,4632.56,3127.41,17.46,18.3,135.16
1552,555,Remesa,Todd Ayers,CC,99020720,GB48QEAL41989347798773,2024-06-21 09:33:33,Chile,Argentina,1495.08,2400.14,4011.83,2930.19,0.64,18.16,307.21
1553,63,Tarjeta,Kyle Keller,RUT,35360742,GB42ETIN33217307673840,2024-08-24 00:03:34,Perú,Colombia,5749.4,2515.78,7180.47,2394.28,47.76,0.53,143.24
1554,342,P2P,Debra Hamilton,CPF,80012398,GB86KXSY27079118112047,2024-06-13 15:16:35,México,Perú,4834.29,4688.81,6465.83,1599.43,11.45,21.79,261.41
1555,671,Remesa,Zachary Johnson,DNI,96216057,GB46GKEU55371909837368,2024-04-14 07:26:38,Chile,Colombia,3045.98,4103.88,4637.47,2299.96,41.49,5.18,400.32
1556,17,P2P,Claire Duran,DNI,56224845,GB63BSCN71381254630267,2024-11-11 16:41:02,México,Argentina,6088.8,2481.31,9030.11,445.43,39.28,11.55,379.15
1557,930,Tarjeta,Jeffrey Ross,CPF,91251293,GB76VPEJ22129308457583,2024-01-28 03:26:50,Perú,Perú,5904.46,2642.91,2501.15,179.21,9.98,24.75,89.07
1558,563,P2P,Mary Decker,CPF,97493153,GB69YCHS89120888638615,2024-08-03 21:40:53,Chile,Perú,1117.21,4538.73,807.86,895.6,21.23,6.13,188.26
1559,938,P2P,Savannah Mayer,DNI,44150400,GB57IWKE32344125089003,2024-06-25 09:52:03,Argentina,Argentina,7829.63,2826.85,1569.93,1959.82,47.68,6.42,208.6
1560,654,Exchange,Stephanie Ford,RUT,36900987,GB17QGJS04838768858637,2024-03-05 00:49:00,Perú,Chile,4954.49,342.09,9521.43,3087.79,34.31,7.53,17.28
1561,516,P2P,Kayla Bell,CC,68346607,GB55CSKC64449397241549,2024-02-25 09:24:05,Perú,Colombia,3143.75,1071.12,5347.42,2717.65,26.67,15.24,435.89
1562,129,Remesa,David Gonzalez,CC,65200015,GB89VISF88031611135275,2024-08-11 21:10:33,Colombia,Chile,8284.53,2702.66,6428.83,4744.16,0.7,17.32,427.76
1563,120,Exchange,Laura Guerra,RUT,75483869,GB82AOKJ65645058958620,2024-06-11 21:58:51,Perú,Perú,5764.97,733.41,4369.59,787.61,15.83,21.71,187.66
1564,601,Tarjeta,David Contreras,DNI,75081827,GB11UBPD11874931685633,2024-03-07 06:25:43,Chile,Colombia,5871.86,93.8,5766.23,3819.1,17.58,4.81,259.58
1565,855,Exchange,Alyssa Bennett,RUT,38320961,GB10LJKG63492127415106,2024-09-27 03:25:43,Perú,México,3670.04,4243.34,8064.09,3365.96,2.61,1.57,388.22
1566,108,P2P,Timothy Garcia,CPF,96138934,GB08CSRO70336153335845,2025-01-01 18:59:17,Perú,México,4149.19,3990.58,1411.14,2000.04,8.87,17.04,138.95
1567,912,Exchange,Christine Dennis DDS,CC,21019479,GB14KWEK06813211438504,2024-09-19 22:37:01,Colombia,Perú,4533.5,1524.53,2495.37,444.83,37.81,14.69,333.26
1568,536,Exchange,Marc Campbell,CC,16949231,GB78CUCC23608750244183,2024-06-25 21:34:12,Colombia,Colombia,4385.32,3205.39,3906.14,4757.77,36.3,23.36,295.98
1569,913,P2P,Kent Herrera,DNI,14592904,GB90WUKT68811932351786,2024-02-17 06:01:58,Chile,Colombia,1600.92,595.6,7498.74,3225.32,45.58,4.91,159.89
1570,534,Exchange,Samantha Moore,CC,41010029,GB88JBJS42385201803512,2024-10-13 05:26:50,Perú,Chile,9920.38,1690.12,9501.33,1725.81,23.93,5.64,339.43
1571,567,Tarjeta,Meghan Finley,CPF,64143988,GB31BTXZ87008831480201,2024-05-03 22:21:20,Argentina,Chile,2952.99,3218.46,4592.82,2282.07,43.44,2.12,364.98
1572,316,Remesa,Sarah Clark,CPF,19917455,GB38PDVK90230871361165,2024-06-24 18:27:36,Colombia,Colombia,9832.58,3928.91,9058.95,4841.64,34.6,9.85,13.63
1573,161,Tarjeta,Dr. Diana Wright,CC,60849738,GB55JQXA93508504424194,2024-09-19 14:55:31,Argentina,México,3451.09,3857.66,9854.23,2100.36,26.99,7.1,373.62
1574,181,Remesa,William Farrell,CPF,52421021,GB96ZWSX36294488147581,2024-11-20 06:39:02,Colombia,Perú,3341.43,3617.09,4160.44,4825.35,4.4,17.86,463.07
1575,213,Exchange,Paul Olson,DNI,15020912,GB22SWCK95990726506744,2024-07-19 08:08:18,México,Colombia,7843.39,1750.44,4251.53,3323.35,38.12,19.6,280.97
1576,572,P2P,Rachael Bradley,DNI,10864816,GB59QZAJ68007306292286,2024-09-25 21:33:49,Chile,Perú,3049.31,559.46,1394.6,4169.18,35.14,3.63,306.0
1577,22,P2P,John Holmes,CC,98342722,GB68FGKO81440176685197,2024-08-04 09:20:09,Perú,Perú,1366.86,2122.83,8295.25,4310.08,18.8,4.67,343.88
1578,237,Tarjeta,Nancy Estrada,DNI,54970926,GB21YBIW45399777889921,2025-01-01 03:26:18,Argentina,Argentina,6158.44,1435.89,2750.48,1677.07,9.56,23.01,412.49
1579,473,Exchange,Justin Snyder,CC,21007307,GB75KDEM14402052639703,2024-08-06 21:20:38,Chile,Colombia,3832.6,1187.92,5462.87,895.43,21.29,6.18,282.01
1580,625,Exchange,Steven Mclaughlin,DNI,80037008,GB16PEQD62501834415769,2024-10-13 16:26:47,Argentina,Colombia,9489.19,895.99,8390.94,3783.83,45.27,12.98,228.79
1581,30,Exchange,Kaitlyn Garcia,CPF,80388403,GB18LJBP23669919180024,2024-05-16 13:25:27,Colombia,Argentina,6258.74,3819.92,2383.15,866.31,21.0,4.66,394.94
1582,480,Exchange,Nicole Frey,DNI,97400756,GB79ZIFP01273919327430,2024-02-03 14:39:06,México,Perú,760.86,3975.19,6760.11,3676.48,6.56,20.63,424.72
1583,500,Tarjeta,Dawn Castro,CPF,41265344,GB05VOSQ84255025920852,2024-10-05 21:27:42,México,Perú,1935.7,472.33,6606.65,1454.66,24.7,14.8,426.4
1584,968,Exchange,Kyle Jones,DNI,27300528,GB24BLWU39701367779543,2024-08-10 03:02:03,Chile,Chile,3866.09,4303.27,7717.74,543.3,12.04,16.24,187.8
1585,500,Exchange,Larry Randolph,RUT,29683023,GB11UKUG54580092913712,2024-02-09 07:18:17,México,Argentina,6530.06,3483.78,4329.38,3596.69,41.66,14.64,61.95
1586,996,Remesa,Nathan Long,CC,27405074,GB44WDYO76625311998373,2024-06-27 09:24:31,Argentina,Chile,8469.04,243.71,6796.7,3627.57,21.45,8.51,414.0
1587,42,Exchange,Kristen Vasquez,RUT,81459403,GB88VFNE89605954817524,2024-11-09 23:37:38,Colombia,Chile,1151.78,84.0,9270.2,1589.29,26.84,2.22,133.38
1588,190,Remesa,Alexandria Williams,RUT,95547142,GB53WDXR74772522722224,2025-01-13 00:43:26,México,Argentina,8083.93,4857.36,1741.08,3281.55,49.33,0.7,225.63
1589,81,Remesa,Glenn Nguyen MD,RUT,93283719,GB73FGKX91797303867122,2024-09-23 13:49:24,Perú,Chile,2041.62,1418.46,7330.21,756.11,6.14,17.38,420.82
1590,437,P2P,Michael Bennett,RUT,70131526,GB96NKCI71643528148935,2024-03-22 03:37:28,Argentina,Chile,422.22,3929.24,8338.93,1492.63,19.77,14.54,45.74
1591,702,Remesa,Matthew Walton,DNI,35534012,GB36ONKH32520974426077,2024-01-25 09:04:36,Chile,Chile,7791.05,3049.19,1079.64,866.09,0.25,5.75,46.96
1592,847,Tarjeta,George Crawford,CC,46886491,GB16CRBM58228806508702,2024-11-08 01:55:40,Colombia,Argentina,4826.9,457.12,7752.01,2071.0,16.15,15.78,54.74
1593,796,Remesa,John Graham,CC,49093359,GB71AVND25156907136708,2025-01-06 22:00:42,Perú,Chile,986.38,536.18,7760.71,822.13,45.22,17.81,324.79
1594,581,Exchange,Michele Mack,DNI,86228819,GB16OOUE02749125377437,2024-05-25 11:42:27,Chile,México,2784.34,3974.61,1777.84,1223.11,15.13,2.87,486.03
1595,851,Remesa,Cheryl Chapman MD,RUT,85149103,GB88XSWS68070686549524,2024-08-14 04:09:15,Colombia,México,967.88,3508.59,6845.71,4625.99,17.35,6.26,210.6
1596,819,P2P,Diane Moreno,RUT,29372768,GB23WPVA44185855951401,2024-06-29 10:41:12,Perú,Argentina,4628.66,2924.78,4413.67,3100.32,22.4,5.72,63.86
1597,579,Remesa,Cindy Sullivan,RUT,83877998,GB02IFVK92173907854123,2024-10-21 21:14:27,Argentina,Colombia,8843.87,62.28,6564.78,1909.65,37.64,8.74,339.8
1598,911,Remesa,Sierra Mcpherson,CC,77732467,GB03ZWUC10142025842296,2024-06-01 08:25:17,México,México,7117.76,3888.15,7214.17,3351.64,42.38,16.64,119.98
1599,423,Tarjeta,Charles Johnson,CPF,66475913,GB43KJNJ48603898412321,2025-01-21 14:57:10,México,México,8677.28,3146.95,9897.63,3543.55,32.83,17.66,456.03
1600,994,Remesa,Frank Herrera,CPF,91484153,GB03AMRP14958534409292,2024-10-07 00:32:20,Perú,Chile,7493.19,3340.8,5292.04,2213.12,24.27,0.19,452.94
1601,912,P2P,Sonya Price,CC,30451820,GB78FLIQ37384641726870,2024-07-08 11:42:32,Perú,Argentina,8160.07,2615.31,8368.85,4430.01,33.8,10.91,126.81
1602,869,Remesa,Brandon Walsh,DNI,47226627,GB73RSAV78686804881536,2024-04-05 08:15:02,México,México,4207.74,2762.53,5351.85,1398.66,15.25,21.48,214.94
1603,225,Tarjeta,John Mcgee,RUT,23046904,GB82KWCJ44473087924019,2024-05-13 07:45:50,México,Perú,271.41,80.11,5967.8,3907.16,0.7,19.88,368.49
1604,795,Tarjeta,Nicholas Stevenson,CPF,41932261,GB39GWOE50790329482328,2024-12-12 06:09:22,Chile,Chile,8757.27,2106.47,5934.45,1889.82,25.85,14.19,86.82
1605,772,Exchange,Sarah Aguirre,CC,30280589,GB02EAXP07011711763597,2024-08-02 01:57:24,Chile,Argentina,602.29,863.9,4082.92,736.04,20.61,8.21,29.44
1606,300,Exchange,Amy Bailey,DNI,44404358,GB07QGZI25778330829461,2024-02-04 03:05:38,Colombia,Argentina,1572.45,3884.45,4697.61,3518.7,18.49,20.98,257.71
1607,841,Tarjeta,Debra Brooks,DNI,82232623,GB51ORVI09471022567114,2024-10-03 17:19:25,Colombia,México,1239.86,1037.98,2901.57,3251.87,32.92,0.79,421.68
1608,763,Tarjeta,Michael Berger,CC,76187756,GB04QYPH44691630677091,2024-02-08 08:27:05,Colombia,México,2166.17,2326.44,579.4,1611.44,37.67,8.46,14.62
1609,298,Exchange,Dorothy Clark,RUT,85027903,GB39HNCM66088101435194,2024-09-19 18:48:46,Argentina,Argentina,4693.85,4156.64,984.16,516.65,4.73,3.19,206.45
1610,935,P2P,Maurice Ingram,DNI,50660990,GB39VVUS12563212427316,2024-07-16 09:23:20,México,Argentina,2620.35,1591.32,2007.49,662.94,31.77,20.01,349.11
1611,42,P2P,Catherine Huynh,DNI,88904351,GB61OXLP74007420027460,2025-01-18 05:33:14,Argentina,México,3470.5,2311.5,2003.71,3732.64,10.34,0.19,355.45
1612,649,Remesa,James Aguirre,CPF,21054984,GB40HMZH94240813158440,2024-03-18 03:49:13,Chile,Chile,3099.82,2732.44,4961.56,383.77,17.39,20.55,11.55
1613,301,P2P,Rachel Young,CC,35328698,GB41VGRS26731069250195,2024-12-08 12:26:56,Argentina,Chile,4381.62,2404.59,5284.17,4039.89,2.61,21.99,484.8
1614,115,Exchange,Eric Shelton,CPF,87987114,GB50QKYA57680128418903,2024-06-03 09:32:43,Colombia,Perú,2340.01,975.21,5317.5,644.25,46.5,5.77,241.25
1615,466,Tarjeta,Heidi Young,CPF,72554855,GB26HJXN23352467269020,2024-08-15 08:35:28,Argentina,México,6338.78,3536.9,1418.43,4591.81,23.47,6.23,449.23
1616,990,Exchange,Matthew Patterson,DNI,87344055,GB80LPIB35316367428088,2024-11-14 20:07:19,México,Argentina,8338.26,829.42,1981.84,1098.32,49.7,11.4,433.83
1617,964,Exchange,Courtney Johnson,DNI,18963144,GB59MHOQ96280683845738,2024-06-10 13:20:30,Perú,Chile,3767.28,1431.16,1104.89,1845.21,6.9,19.01,450.78
1618,61,Remesa,Becky Thomas,CPF,33001929,GB10HQBR77642038503115,2024-12-25 08:26:54,Colombia,Perú,1450.0,271.12,3163.24,2030.59,5.37,6.06,288.28
1619,930,Exchange,Ashley Reyes,DNI,18560991,GB65KZFX03484533659594,2024-08-17 22:17:42,Argentina,Perú,713.4,4829.13,9370.1,3805.94,1.34,13.74,499.04
1620,696,P2P,Steven Padilla,RUT,15430490,GB54DYSF73534166199358,2024-11-07 08:29:43,Chile,Argentina,8722.83,1868.26,3689.89,2855.32,37.89,5.44,225.27
1621,231,P2P,Crystal Hess,RUT,28944134,GB19FVIK16171313869541,2025-01-08 12:31:06,Perú,Perú,2939.31,4885.75,9574.21,4241.48,31.63,7.26,77.46
1622,754,Remesa,Patrick Brooks,CPF,78718694,GB48CKQL03004435805384,2024-07-24 05:39:59,Argentina,Argentina,9508.9,2529.95,8784.25,4736.82,8.32,13.77,172.98
1623,466,Tarjeta,Chad Golden,RUT,77679510,GB87VUNS15895572890817,2024-11-18 18:29:15,Colombia,Colombia,8441.85,4578.81,5668.22,1497.64,23.06,21.23,499.13
1624,368,Tarjeta,Logan Pace,CC,14482200,GB39IIEB72629524198621,2024-05-31 19:38:40,Perú,Colombia,3440.64,4211.02,2063.24,1819.12,10.88,18.58,271.83
1625,718,Tarjeta,Angie Edwards,RUT,12393255,GB06FVNI82233321656173,2024-09-23 18:40:38,Chile,Colombia,5082.64,2185.47,3354.75,1321.0,8.97,14.43,364.76
1626,586,Remesa,Matthew Lee,DNI,98369583,GB37GYNO73182152993638,2024-08-07 02:49:22,Chile,Perú,7689.2,651.4,5807.71,4654.57,26.75,0.79,87.8
1627,298,P2P,David Lynch,DNI,70472360,GB43HEAJ88595004792288,2024-10-01 09:55:48,México,Colombia,7786.46,4399.73,7923.19,3073.0,46.59,2.63,113.45
1628,562,Remesa,Maxwell Knapp,RUT,56307812,GB60TEDW10002812144226,2024-07-27 12:03:56,México,Colombia,8095.47,3030.0,9626.6,1981.38,47.77,7.17,337.24
1629,244,Tarjeta,Christopher Johnston,CPF,19714314,GB84RKBZ73137364997932,2024-12-17 13:59:24,Chile,Colombia,3570.32,3144.02,8726.33,2540.38,14.86,16.55,175.75
1630,825,Exchange,Katrina Swanson,CPF,41586367,GB25TTGV43906553108392,2024-07-17 18:05:00,Argentina,Colombia,2954.79,131.06,6825.77,897.31,13.89,1.04,474.43
1631,593,P2P,Melissa West,RUT,15923079,GB64GFXX63429154368777,2025-01-05 17:26:34,Chile,México,3301.77,2273.14,612.0,3269.8,35.89,14.21,219.73
1632,208,Exchange,Nicole Thompson DDS,CPF,57553005,GB12FATM02704375601683,2024-05-08 08:16:57,Colombia,Chile,5780.09,2218.84,6515.41,4650.83,27.44,15.76,77.24
1633,882,P2P,Frank Fuller,DNI,65605825,GB11GWZF23782912778766,2024-05-24 10:47:19,Chile,Chile,7671.76,3654.89,2218.81,3650.25,0.37,11.57,178.38
1634,94,Tarjeta,Kiara Jordan,CC,32103147,GB27ARAE74077014630205,2024-11-12 09:55:47,México,Colombia,4246.25,1112.24,7965.95,309.11,36.13,21.62,330.77
1635,124,P2P,Jenna Aguirre,RUT,19770829,GB56WYPX94077493069839,2024-07-11 10:29:22,Colombia,Chile,2989.64,3100.1,9933.32,1503.05,25.53,20.86,85.61
1636,947,P2P,Matthew Williams,CC,55140144,GB15SJJH53434510109049,2024-11-07 14:27:52,México,Argentina,4167.97,1936.51,1794.69,445.61,35.96,17.84,254.97
1637,621,Remesa,Devin Ramirez,CPF,68739421,GB40VGMT21905265295966,2024-12-01 15:09:11,Colombia,México,6661.17,1055.96,5181.3,3794.66,19.41,7.11,141.84
1638,876,P2P,Kenneth Marshall,CC,35769966,GB14LBKA43617185359353,2024-10-23 13:24:53,México,Chile,9101.72,1129.51,8058.44,350.96,14.09,3.25,481.04
1639,521,Exchange,Catherine Cook,CC,33531654,GB51WAYG11310582943695,2024-10-13 19:16:07,México,Perú,6246.74,2188.47,8511.48,2129.73,18.92,14.03,160.29
1640,442,Exchange,Mark Walsh,DNI,30507385,GB10NZWA97692485346541,2024-04-09 01:52:03,Perú,Colombia,9894.58,4304.37,2377.75,3980.54,28.78,1.01,351.11
1641,370,Exchange,Shannon Buck,CC,75032934,GB69UKTJ82480922423748,2024-02-28 06:05:02,Chile,Colombia,5105.97,4938.48,6019.5,3085.14,36.12,24.14,444.41
1642,38,Exchange,Jason Walsh,DNI,83959450,GB67DZHK18958528040175,2024-04-10 00:30:45,Chile,México,1223.03,1108.83,1532.33,3165.43,24.88,20.53,489.07
1643,968,Remesa,John Conley,DNI,56491129,GB33DGYB60681212336141,2024-12-26 07:59:41,Perú,Chile,9024.78,3456.03,6373.39,4870.69,29.57,24.68,208.01
1644,203,Remesa,Jose Mccann,CC,80978163,GB29PKVX39137833006204,2024-10-12 11:51:37,Argentina,Perú,1018.39,4851.27,4111.95,3504.39,38.39,10.66,432.44
1645,936,Exchange,Christina Alvarado,RUT,94494347,GB22ONBE47331754021562,2024-09-01 06:44:18,Argentina,Chile,5437.2,2879.68,4541.12,502.43,14.05,16.22,48.49
1646,7,P2P,Joseph Miller,CC,59301279,GB04XYVR95523715978603,2025-01-07 14:10:17,Perú,México,4873.7,4324.63,105.8,2544.5,23.36,7.49,351.48
1647,306,Tarjeta,David Young,CPF,70228367,GB29OIFI31723744105775,2024-06-21 20:57:47,México,Perú,3069.74,1733.16,5895.96,1613.58,39.47,1.39,72.47
1648,897,Remesa,Sean Smith,DNI,92300009,GB39XTFS41376732300515,2024-12-03 17:22:43,Colombia,Perú,7372.58,1146.87,505.81,1154.86,40.94,2.8,376.78
1649,566,Remesa,Michael Hodges,CC,26957807,GB39HIDE40802671056001,2024-12-31 19:43:34,Chile,Chile,1715.6,3896.89,5457.52,3118.96,30.35,13.62,353.9
1650,724,Remesa,Michele Stokes,DNI,35005909,GB96REEO59581383707191,2024-10-24 03:42:01,México,Perú,5351.26,659.58,8314.1,3283.85,32.68,2.84,436.81
1651,344,Exchange,Michaela Warren,CPF,86066229,GB82QRYY03652892923256,2024-02-29 10:48:00,Chile,México,8804.71,1947.27,6193.76,2797.9,7.48,3.84,331.28
1652,168,Remesa,Jessica Robinson,DNI,44705716,GB24BVSN73290728339964,2024-03-25 00:39:11,Argentina,Colombia,9697.42,1935.09,2919.17,1552.8,43.11,7.68,13.17
1653,200,P2P,Stephanie Nelson,RUT,36950384,GB55NXHI01990098345227,2024-11-15 16:11:44,Argentina,Perú,7987.59,1947.64,9135.8,433.6,36.5,12.19,391.69
1654,266,Tarjeta,Brandi Smith,RUT,51910352,GB86IGGL40846748735075,2024-02-05 18:22:37,Colombia,Perú,9245.54,2843.7,2586.08,792.16,30.28,2.03,261.27
1655,706,Tarjeta,Lisa Wise,CC,47513637,GB24UGDS70646968967969,2024-03-27 13:44:35,Colombia,México,5252.39,4307.95,6748.54,354.11,6.41,23.65,315.34
1656,618,Tarjeta,Casey Moore,CPF,66679368,GB85ACSA91553646783092,2024-10-05 01:15:58,Argentina,Colombia,3224.68,1783.43,4117.79,3970.78,47.43,24.27,139.71
1657,314,P2P,Brenda Gonzalez,CPF,88310328,GB80CASX62790100888099,2024-05-05 10:08:52,Chile,Argentina,9753.0,4657.05,9190.13,3775.75,24.84,15.42,404.35
1658,641,Remesa,Nicole Madden PhD,CC,35147427,GB61RILG16679814405673,2024-06-12 02:37:12,Argentina,Colombia,4011.24,1780.63,8613.63,1718.23,9.39,23.4,189.88
1659,305,Exchange,Donald Howe,CC,42657570,GB59ANIL47713674585883,2024-05-24 16:46:06,Colombia,México,3546.59,446.84,1950.22,3218.23,42.92,7.63,194.96
1660,975,Exchange,Jack Guzman,RUT,11824632,GB31XDDY84350165130662,2024-02-19 14:28:53,Perú,Chile,3345.46,429.57,4245.25,708.2,31.46,2.61,282.48
1661,79,Exchange,Dr. Hayley Hatfield,RUT,70872945,GB26QDRM08534996409069,2024-05-14 04:16:58,México,Chile,2011.74,2311.79,2086.54,248.05,19.06,24.19,188.49
1662,726,Remesa,Barbara Warren,CPF,12278039,GB73TOYI72885987291420,2024-05-13 10:15:02,Colombia,Chile,5384.49,1606.68,9645.32,326.42,3.58,4.54,215.49
1663,208,Exchange,Michael Allen,CC,14701027,GB08MJOL60322313375694,2024-12-02 06:33:00,México,Perú,7361.71,3789.42,9366.19,3785.84,27.55,11.16,379.48
1664,128,P2P,Mark Soto,CC,46409139,GB19SYQT49633097127938,2024-08-06 18:34:18,Colombia,Perú,7146.88,263.92,7116.91,1420.39,39.39,16.6,342.27
1665,310,Exchange,Brandon Jacobs,CC,94405850,GB34MRBT54227681285070,2024-07-23 13:35:23,Colombia,México,4301.34,802.7,7675.2,492.27,31.52,19.51,407.7
1666,781,Tarjeta,Nichole Burnett,RUT,39321593,GB34HIXM53047086904416,2024-09-10 03:58:38,Perú,México,4119.65,1775.57,5403.89,901.99,21.45,20.72,252.96
1667,661,P2P,Marilyn Perez,DNI,49822037,GB35IDTX01206487991100,2024-02-23 01:29:26,Perú,Argentina,7671.44,2073.89,9795.25,1074.39,14.82,8.8,313.29
1668,136,Exchange,Harry Kelley,DNI,81788955,GB54DHRE53982896607521,2024-09-22 01:03:23,Argentina,México,5376.96,864.89,9594.02,3900.92,36.1,21.58,54.98
1669,757,Remesa,Kristina Hahn,DNI,39835251,GB51ZMFV95881916092255,2024-02-25 12:22:59,Perú,Perú,5234.67,3341.61,5198.61,161.96,11.13,13.76,106.21
1670,870,Exchange,Katrina Dixon,CC,11079718,GB24GFVL41318329601654,2025-01-01 19:33:44,Chile,Perú,2328.73,4117.64,1194.22,2430.47,39.01,21.34,237.09
1671,981,Tarjeta,Jose Obrien,CC,71150286,GB61JAMS17990512233760,2024-10-10 11:48:19,Colombia,Perú,1308.98,1864.62,7930.45,224.25,9.72,8.0,436.38
1672,501,Exchange,Tara Martinez,CC,94189400,GB51EEWY19761285988779,2024-09-18 03:24:41,México,México,7902.56,2297.21,2479.41,1516.31,47.06,7.31,148.16
1673,312,Tarjeta,Molly Herrera,CC,88879979,GB20YPAX98432836062472,2024-03-22 20:12:51,Argentina,México,4248.06,4956.32,1993.77,1796.91,41.11,19.79,464.52
1674,695,P2P,Joseph Cox,CPF,86539454,GB62FEGS64299739114817,2024-12-07 15:30:22,Argentina,Colombia,7834.22,2908.32,1054.4,3876.07,25.76,19.04,316.29
1675,883,Tarjeta,April Johnson,CPF,17425538,GB48SLOX03724011828025,2024-10-18 05:00:45,Colombia,Perú,1235.01,3729.54,259.59,1927.36,25.48,5.0,403.92
1676,680,Remesa,Kristin Brown,CPF,94488339,GB64JVXE26362978537425,2024-11-15 09:36:55,Perú,Chile,1991.49,2432.82,4053.64,3824.28,47.95,15.81,432.75
1677,816,Remesa,Dawn Gomez,CC,91931917,GB10XZDZ74139207587977,2024-06-29 20:18:33,Argentina,Chile,8285.09,2396.97,9595.99,1631.45,31.76,10.41,413.79
1678,87,Remesa,Tyler Holmes,CC,86504436,GB68WNND31857538706316,2024-10-05 13:28:57,México,Perú,9303.36,657.55,1956.25,4212.45,21.64,17.41,73.83
1679,656,Exchange,Kristen Anthony,CC,43113038,GB50FTFF13833486925227,2024-03-30 13:23:29,México,México,4995.27,1529.76,2264.01,762.25,38.13,21.42,190.3
1680,273,P2P,Angela Lynch,CC,68223832,GB39DLOC59986587720006,2024-09-03 02:26:42,Argentina,Perú,2727.32,1395.61,4170.62,1435.22,19.01,23.46,302.9
1681,750,Tarjeta,Raymond Wells,CC,57744628,GB10NKPR52588198842937,2024-07-22 15:10:39,México,México,3915.01,1895.64,9701.96,1084.53,17.31,18.56,47.66
1682,353,Tarjeta,Darius Bailey,CC,98205529,GB82MCKX72436965562328,2024-03-02 11:18:23,México,Perú,4170.81,93.66,610.32,873.92,16.84,24.04,113.15
1683,78,Remesa,Cheryl Cox,RUT,20928885,GB63IIME85415004320244,2024-12-13 06:50:39,Perú,Chile,4618.22,2484.02,3570.24,2068.01,29.17,6.38,334.17
1684,77,Exchange,Laura Palmer MD,CC,94705729,GB28RIZI32878689410511,2024-06-10 13:06:01,Perú,México,7964.4,188.79,8881.88,2832.3,17.09,16.16,472.86
1685,1000,P2P,Tamara Yoder,RUT,91535051,GB61OUDY45294519091746,2024-10-27 09:56:04,Colombia,Chile,904.8,4863.89,5233.02,613.2,8.67,12.37,324.98
1686,53,P2P,Jennifer Johnson,CPF,89265263,GB06RHAM62952060917770,2024-03-22 17:39:14,Chile,México,8317.77,1981.22,255.58,1045.7,31.67,19.8,187.6
1687,38,Remesa,Thomas Clark,RUT,94224329,GB20DBEB66908073492972,2024-06-14 21:57:14,Argentina,Argentina,5695.22,1337.61,8832.09,1429.67,15.95,12.68,67.88
1688,947,P2P,Wendy Garcia,CC,30218383,GB29OXNV34998557101811,2024-03-02 12:55:33,México,Perú,3474.36,3997.55,4258.67,89.96,34.96,8.37,464.1
1689,906,Tarjeta,Jennifer Hale,CPF,72069966,GB48DJKV96749935739064,2024-10-08 17:57:34,Chile,México,7992.43,3464.19,6764.84,162.32,10.63,5.29,152.52
1690,628,Exchange,Paul Yates,CC,17509249,GB47HVRT23086738665018,2025-01-10 10:55:06,Colombia,Chile,3593.51,3069.66,5447.47,1411.08,20.16,22.74,48.41
1691,834,Exchange,Bryan Warner,RUT,61546914,GB31YWSN90143657814682,2024-05-21 05:57:00,Argentina,Perú,2348.06,326.19,5209.33,4932.14,39.23,5.22,114.49
1692,397,Exchange,Sabrina Jones,RUT,83175388,GB08NDRA82117530742059,2024-11-22 13:33:19,Argentina,Perú,7036.85,3528.99,5640.35,2199.93,8.97,18.03,303.07
1693,959,Tarjeta,Paul Thomas,RUT,49532844,GB24LGIF31509588560431,2024-09-30 10:14:19,México,Colombia,3398.85,1363.09,8221.46,3028.83,28.82,18.82,306.11
1694,763,Remesa,Victor Shea,CC,10748884,GB08EMYL52729968196731,2024-03-03 15:36:21,México,Chile,3884.62,3209.48,783.8,4677.72,31.53,10.3,461.49
1695,689,Tarjeta,Thomas Martinez,DNI,72530283,GB19RSHE10381330203189,2024-12-27 06:24:51,Perú,Argentina,3066.88,3223.36,2858.15,2051.66,49.06,17.78,62.89
1696,292,Exchange,Deborah Smith,CC,18343322,GB62GBLR98470988636248,2024-05-16 11:18:00,Argentina,Colombia,3973.02,2436.2,494.73,328.18,9.55,10.79,461.25
1697,824,P2P,Natalie Lowe,CC,32364616,GB33HDQJ04403161526260,2024-05-12 06:37:11,México,Argentina,2406.51,3598.4,1225.86,4127.93,23.99,11.28,379.44
1698,96,Tarjeta,Kimberly Ward,CC,96078724,GB53OPVY27024826015701,2025-01-04 11:17:19,Chile,Chile,8519.75,1883.43,2201.98,1416.77,48.8,0.84,175.62
1699,438,Remesa,Patricia Murphy,RUT,26770115,GB86IWQG04985072422799,2024-06-16 19:37:52,Argentina,Argentina,7443.93,4686.7,7015.28,3327.48,43.01,1.94,300.15
1700,182,Remesa,Christina Williams,RUT,85006381,GB60CIQU38407007349826,2024-08-28 23:38:00,Colombia,México,2549.63,3845.54,7280.43,2697.15,26.52,19.02,464.55
1701,531,Tarjeta,Bryce Foster,DNI,82051811,GB68PZVZ84308719830850,2024-06-12 08:16:04,Colombia,Chile,9677.19,2970.06,8537.2,3418.7,18.82,22.92,122.69
1702,35,Remesa,Daniel Brandt,DNI,70413979,GB53GJYY82678801476740,2024-03-02 22:24:38,Chile,México,3744.53,3810.8,5181.83,2386.45,6.54,11.74,416.58
1703,100,Exchange,Jeffrey Turner,CC,50219308,GB91MUAK84708053637565,2024-11-17 20:57:01,México,Colombia,9587.12,3414.14,8459.05,102.14,16.93,19.37,496.59
1704,113,P2P,Grace Henry,DNI,50356434,GB56WKVK99523534737276,2024-07-26 22:47:09,Perú,Argentina,1449.25,3585.16,5061.28,1275.93,17.57,4.39,485.13
1705,183,Remesa,Lisa Brown,RUT,40977199,GB84EGPL10800553365844,2024-04-26 18:26:39,México,Perú,7544.35,502.1,7526.39,1175.84,22.72,7.91,340.95
1706,312,Remesa,Michael Johnson,CC,33663120,GB33KACD89694381728570,2024-04-03 07:52:06,Colombia,Argentina,122.36,2616.73,3915.36,320.69,45.91,22.21,407.56
1707,174,Exchange,Amanda Arellano,CC,94497116,GB80TXSS14549179385548,2024-08-28 07:44:23,Perú,Colombia,1915.9,1926.63,5657.8,2093.24,22.81,22.71,194.08
1708,211,Exchange,Sharon Johnson,DNI,10692621,GB85VUMZ74791161880499,2024-08-04 04:43:38,Argentina,Chile,7001.51,2864.84,6227.35,510.28,18.86,5.39,79.0
1709,143,P2P,Patricia Smith,RUT,53535380,GB49OHYW24403658349160,2024-11-25 02:00:33,Chile,Colombia,5629.27,3581.76,6593.39,4982.66,37.07,18.67,418.99
1710,488,Remesa,Anna Jackson,CC,66797615,GB71ZQVA69942047770845,2024-02-15 06:53:06,Perú,Argentina,2086.2,160.06,7644.03,645.63,31.03,12.71,356.74
1711,584,Tarjeta,Chelsea Morris,DNI,73141137,GB83OYYV25177816744761,2024-11-29 05:31:01,Chile,México,1321.77,1032.26,1486.2,1626.86,4.96,11.64,300.37
1712,699,P2P,Daniel Chambers,CPF,15592533,GB91KKEO41302180987838,2024-07-23 17:30:43,Chile,México,3632.47,3688.25,6574.55,2901.16,31.6,10.77,248.6
1713,140,Tarjeta,Rhonda Berry,DNI,73862997,GB48QRBZ56119512368682,2024-09-04 02:00:04,Chile,Colombia,5297.26,3876.53,8511.52,4619.78,20.21,24.43,341.4
1714,402,Exchange,Michele Crane,RUT,22872470,GB65TIAI12563746920873,2024-02-26 05:10:56,Colombia,Colombia,7716.44,97.55,3112.44,387.21,24.03,3.71,240.52
1715,605,P2P,Richard Walker,RUT,74317218,GB61YSZK97109314969111,2024-06-27 19:49:08,Chile,Argentina,2921.33,4834.22,3428.92,1126.15,6.01,6.25,162.08
1716,308,Tarjeta,Jacob Lowe,DNI,49612816,GB91MKAF85476204757814,2024-06-09 10:43:17,Colombia,Perú,5859.95,2032.84,4969.91,2212.71,47.12,0.97,411.36
1717,515,Tarjeta,Mary Barnes,RUT,96461641,GB69LJON92462146948407,2025-01-03 13:31:05,Argentina,México,8166.37,3112.77,1323.27,118.61,13.45,9.54,359.5
1718,105,P2P,Tammy Kirk MD,CC,63417112,GB35DMNG65054169487324,2024-11-29 08:39:12,Colombia,México,3002.32,1270.63,1853.67,1461.59,0.83,5.75,217.3
1719,764,P2P,Jason Smith,RUT,16500636,GB26JZPO95928491037742,2024-12-17 08:24:20,Argentina,México,9763.02,558.69,9895.42,2427.84,27.2,21.25,348.15
1720,14,Remesa,Tony Marsh,RUT,65301960,GB87NFKH57122926226898,2024-02-26 13:03:34,Colombia,México,1735.54,2441.16,5741.06,1817.17,24.75,16.94,78.62
1721,88,Exchange,Dennis Duncan,CC,11917761,GB92TIFK91864759271735,2024-09-05 13:50:29,México,Perú,969.59,4534.41,8532.23,3613.74,23.39,24.35,225.41
1722,962,P2P,Briana Townsend,RUT,57116937,GB48CVLD93587837497684,2024-06-09 12:43:14,México,México,3804.39,901.19,9276.31,2171.9,21.12,9.13,472.88
1723,790,Remesa,Sheila Martinez,CC,12930555,GB39LCSG51242123535081,2024-04-09 14:38:28,Argentina,México,2487.7,1776.86,682.26,361.49,41.83,22.04,318.08
1724,729,Remesa,Marie Russell,CPF,87867880,GB34BPNO66250278586944,2024-04-26 01:30:10,Colombia,Perú,1694.86,2766.89,5186.36,2521.33,42.71,3.31,345.23
1725,753,P2P,Jonathan Singh,DNI,44994758,GB49FTWO44080141460150,2024-12-11 16:49:13,Colombia,Argentina,4534.26,1223.58,2475.58,2219.56,3.46,15.96,152.15
1726,604,Remesa,Robert Aguilar,DNI,82790592,GB08FAOM53208515378926,2024-08-26 10:47:58,Argentina,Chile,1297.11,3219.78,1934.82,4683.01,4.23,22.17,385.02
1727,205,Remesa,David Mejia,CPF,67080472,GB35ZOWP16437550101836,2024-06-23 07:49:45,México,México,3442.79,2903.72,8446.07,798.42,27.55,11.46,79.98
1728,183,Exchange,Michelle Mann,RUT,87575521,GB69ZWKC26345260259746,2024-09-26 13:24:19,Colombia,Perú,6261.49,4167.36,9825.81,3102.02,42.36,2.22,292.07
1729,664,Exchange,Cynthia Walker,CPF,99134778,GB06IICS38371427327832,2024-02-06 10:14:49,México,Chile,3583.16,1776.56,6338.76,3269.89,28.61,1.72,233.47
1730,52,P2P,Stephanie Dorsey,DNI,51527082,GB66FYDT36609165062808,2024-04-30 16:10:24,Perú,Perú,5926.12,4719.65,944.23,3594.58,1.51,21.21,324.88
1731,234,P2P,Elizabeth Kent,CPF,48728013,GB03VPRY84624600651127,2024-08-17 11:27:27,Argentina,México,7603.54,4444.21,372.77,201.13,12.29,10.39,323.41
1732,744,Tarjeta,Brandon Gross,RUT,66845142,GB32CNEI61206645193641,2024-07-18 17:21:06,Argentina,Argentina,1625.99,2865.36,1266.85,88.44,17.68,24.03,289.09
1733,163,Exchange,Andrew Todd,CC,67652178,GB44SBAD82322827706081,2024-09-30 01:35:46,Chile,Chile,8073.84,1930.27,8642.47,1182.21,11.76,0.51,317.82
1734,3,Exchange,Mark Larson,CC,79067549,GB91USIQ08214219347006,2024-02-13 14:18:02,Perú,Colombia,1543.24,617.16,7135.66,3030.01,2.43,6.47,230.45
1735,18,P2P,Christina Cervantes,RUT,86355474,GB76LAIJ75280525516664,2024-06-12 20:13:54,Argentina,Colombia,6027.63,1320.44,4160.92,1485.07,40.31,5.76,345.1
1736,570,Remesa,John Singh,CPF,15165469,GB67RHWE72057476940056,2024-07-18 07:32:26,Perú,México,8984.74,1069.84,8635.97,3487.11,8.51,21.57,168.99
1737,843,Tarjeta,Kayla Stevenson,DNI,27782997,GB70FKWL46667775566534,2024-02-07 14:09:15,Perú,Perú,8999.46,3516.97,7460.02,3042.21,49.85,14.14,319.77
1738,459,Tarjeta,Jacqueline Randolph,CC,14618358,GB58LJOC41388292938575,2024-11-28 16:19:57,Chile,Colombia,7286.35,567.79,9763.97,3968.08,39.81,14.86,430.47
1739,730,Tarjeta,Thomas Cuevas,RUT,23034582,GB24UHUJ12217942035182,2024-07-01 00:28:22,Colombia,México,8688.65,2630.63,7255.95,4741.82,11.66,18.56,172.74
1740,56,P2P,Tina Davis,CC,53900334,GB29AUVI89247301034340,2024-09-20 05:14:34,Chile,México,6845.47,3519.73,7801.08,969.47,39.6,2.4,470.53
1741,491,P2P,Charles Nicholson,RUT,11877342,GB03MKYJ90124425873059,2024-11-09 12:00:37,Argentina,Colombia,4770.81,3914.24,8374.41,1558.77,35.26,9.46,123.57
1742,81,Tarjeta,Patrick Henson,DNI,30111277,GB57PSFD70782020851739,2024-04-25 05:18:56,Colombia,Argentina,7254.71,4372.32,9212.8,3735.48,37.05,11.98,14.4
1743,292,Exchange,Michael Reid,RUT,73578700,GB66ESII04132487637158,2024-12-25 12:53:20,Perú,Colombia,8132.62,4148.76,8645.81,270.9,27.65,24.75,274.04
1744,898,Remesa,Bradley Austin,RUT,63378717,GB49ZRRN79887346899129,2024-09-23 00:45:08,Chile,México,456.27,1775.3,3175.97,946.32,36.26,3.36,109.75
1745,520,Remesa,Joseph Hawkins,DNI,34662756,GB62CXID25990528491116,2024-07-12 13:53:15,Perú,Colombia,7984.84,2327.01,1410.97,2861.95,44.93,2.16,232.24
1746,232,Exchange,Scott Meyers,CPF,17315208,GB25IBPT70844062667754,2024-12-07 12:44:23,Colombia,México,8400.3,1430.57,6817.39,680.94,31.65,17.57,244.36
1747,932,Tarjeta,Vicki Moore,DNI,19806963,GB66VRMZ74248358139688,2024-11-14 06:50:19,México,Colombia,6755.78,1293.28,1595.87,588.78,34.16,3.95,324.23
1748,606,P2P,Edward Price,CC,35515660,GB02NCCJ73396671713085,2024-08-24 00:13:43,Chile,México,6136.43,618.48,5890.19,1793.26,26.19,1.21,16.71
1749,605,Exchange,Brett Mitchell,DNI,32210636,GB43TAOP02060761588448,2024-07-13 23:48:44,Colombia,México,1782.9,2507.75,1457.53,2455.93,18.89,14.23,417.05
1750,436,Remesa,Aaron Shaw,CC,76213376,GB13GJFK67718310289200,2024-02-22 01:21:05,Argentina,Colombia,490.91,4540.34,2584.07,1447.31,10.69,0.76,122.54
1751,777,Tarjeta,Monique Roberson,CPF,34169296,GB55QGZK50435730372785,2024-08-22 20:06:11,Chile,Perú,1612.21,320.02,4447.38,1104.19,34.58,13.38,302.15
1752,955,P2P,Elizabeth Barker,CC,92741805,GB85VFOE30276338478520,2024-04-01 18:58:48,Argentina,Perú,5733.4,868.93,4562.72,2978.9,48.07,10.36,290.79
1753,249,Tarjeta,Tiffany Stephens,CPF,50960927,GB47BWKK27529301580268,2024-05-31 19:27:19,Perú,Colombia,9769.86,3869.72,8023.12,2038.09,25.26,14.16,147.06
1754,510,Remesa,Paul Jenkins,RUT,84390172,GB02ZIOR50016350701234,2024-06-26 12:55:25,México,Argentina,8416.55,903.35,6926.43,2344.3,39.16,17.81,41.01
1755,751,Exchange,John Nicholson,DNI,51250049,GB90JYDV14121187815112,2024-08-11 23:46:18,Chile,Colombia,6491.91,3129.43,4287.03,492.31,2.08,15.83,321.34
1756,940,P2P,Timothy Howard,CC,13914054,GB11PWSH28422170902999,2024-01-27 11:38:58,Perú,México,7666.35,4249.47,8384.54,1386.06,23.79,16.24,23.38
1757,511,Exchange,Christian Moore,DNI,27650083,GB71TQSU18142551882193,2024-03-18 17:53:56,Chile,México,7691.69,4471.74,9301.21,1612.82,41.53,24.39,389.25
1758,617,Remesa,Jonathan Perry,DNI,36617190,GB25XFHL58398646674785,2024-05-10 17:14:24,México,Colombia,2249.03,4872.28,1493.38,451.51,15.74,3.08,203.14
1759,249,Exchange,Mary Williams,CC,28868875,GB38YNQA88215176273327,2024-12-14 07:43:48,México,Argentina,9079.09,2497.92,516.93,1831.32,24.99,3.36,122.62
1760,685,P2P,Terri Salinas,RUT,94769852,GB12KONP02342411615598,2024-04-08 02:38:34,Perú,Chile,464.82,4834.36,2850.66,4839.54,43.52,11.69,297.74
1761,250,Tarjeta,Christopher Downs,CC,42802000,GB62FFVZ22368195095665,2024-10-31 19:11:22,México,Chile,3744.74,1608.02,3613.88,165.73,23.64,15.27,364.52
1762,299,Remesa,Diane Warner,CPF,40928939,GB63ECOG28854643107114,2024-04-20 12:32:44,Perú,México,9561.44,3352.89,4321.03,1110.03,36.12,17.38,138.27
1763,57,Exchange,Timothy Miles,CPF,82371945,GB30YOOA13705130051251,2024-06-08 17:39:31,Chile,México,8077.79,2884.33,1650.61,3591.01,33.92,23.32,187.67
1764,154,P2P,Amanda Anderson,DNI,50901213,GB14TJKH77891585170388,2024-02-22 12:15:03,Chile,Argentina,8736.88,4206.42,1327.49,3945.24,30.38,12.38,352.43
1765,518,Remesa,Matthew Moreno,CPF,77793479,GB43VUQF90960185854988,2024-02-28 00:32:35,Chile,Argentina,6434.93,740.47,3110.05,430.46,45.71,4.08,404.76
1766,592,P2P,Patricia Marshall,RUT,10529522,GB04JQGQ76973851291864,2024-06-30 10:00:47,Chile,México,5044.79,2034.68,1290.6,4893.24,29.66,13.75,52.1
1767,526,Remesa,Richard Williamson,CPF,44837728,GB47GKJJ89682776970851,2024-07-28 16:59:13,México,México,7457.6,167.71,7122.61,168.48,46.18,17.89,47.65
1768,83,Tarjeta,Calvin Johnson,RUT,25294623,GB49VAMN97731621792590,2024-09-25 00:41:39,México,Colombia,5455.14,4654.37,2481.59,4434.78,44.51,12.96,280.33
1769,905,Exchange,Jennifer Smith,CC,46816320,GB79OSUO63366879852650,2025-01-11 15:52:03,Chile,Chile,7000.68,1851.16,7046.98,2303.95,24.0,15.78,163.76
1770,335,Tarjeta,Matthew Bennett,RUT,89199688,GB89BYAH59220163723113,2025-01-08 01:04:21,Colombia,Colombia,4180.19,955.74,1737.91,4598.04,5.1,24.56,192.68
1771,149,P2P,Christopher Smith,RUT,36225657,GB12HPVT26737613041066,2024-12-18 16:19:28,Chile,Colombia,1445.18,3183.85,4587.53,3249.07,41.02,20.14,475.66
1772,548,P2P,Brian Montoya,CPF,63698344,GB46OBKD16851076038322,2024-12-13 15:19:00,Chile,Argentina,7959.97,4428.49,7352.45,4546.37,9.67,5.33,228.92
1773,903,P2P,Adrienne Zhang,CC,60261380,GB17VSDL73002245218333,2024-10-26 11:54:01,Colombia,Colombia,2304.27,3750.79,9905.42,2617.0,11.65,15.82,347.19
1774,619,Remesa,Jeffrey Johnston,CC,20132740,GB32OICC91236878094728,2024-11-29 17:01:11,Perú,México,6854.17,1604.14,1797.4,4573.97,5.85,13.72,378.18
1775,169,Exchange,Beth Johnson,CPF,29514768,GB72SXXT78283406353495,2025-01-02 07:08:50,Perú,Chile,6225.55,1916.09,6973.0,493.79,18.8,1.71,14.04
1776,454,P2P,Daniel Rosario,RUT,45132421,GB82PIYS61310698655465,2024-06-17 10:39:33,Argentina,Perú,1762.59,611.97,3216.61,226.61,20.63,10.35,49.9
1777,783,P2P,Jacob Smith,CC,21801602,GB48URTH39619302834794,2024-04-30 05:30:39,Chile,México,2105.56,4447.71,9799.43,4959.01,38.25,20.26,45.62
1778,869,Tarjeta,Kari Bennett,CPF,17343250,GB18BYOO24602654341988,2025-01-18 06:59:05,Colombia,México,250.77,1048.35,4835.68,1357.62,27.3,18.91,55.37
1779,678,P2P,Alexis Villarreal,DNI,17290670,GB73ZRYS02131317546737,2024-04-09 23:05:35,México,Argentina,5085.07,4314.35,7192.48,2431.95,37.83,15.38,445.07
1780,682,Tarjeta,Jessica Henry,DNI,32893527,GB10WYUR70644607484661,2024-02-18 21:46:42,Perú,Argentina,5048.06,3274.76,2078.73,2821.89,41.56,23.89,391.11
1781,352,Tarjeta,Andrea Miller,DNI,90674513,GB34YOQE11124882771491,2024-11-21 20:45:01,Argentina,Chile,1017.77,2387.7,9343.79,3675.56,15.85,10.26,342.52
1782,283,P2P,Melissa Leonard,CC,64770537,GB21NIWM87336273979364,2024-03-07 05:13:55,Colombia,Argentina,7100.83,2261.86,4852.08,2839.59,16.09,0.82,121.4
1783,42,Exchange,Marcus Campbell,RUT,22207883,GB80CRSV79310525741404,2024-06-05 00:18:27,México,México,6793.36,189.48,8432.58,1399.62,46.52,5.01,110.57
1784,810,Exchange,Kimberly Thomas,RUT,17989462,GB48NZWO63888915756020,2024-09-29 03:15:55,Colombia,Perú,4921.84,2513.76,5735.02,2543.87,15.07,15.35,401.6
1785,702,Tarjeta,Brandy Golden,CC,63236819,GB55YXTE77089892071189,2024-03-12 10:50:54,Argentina,Chile,6151.07,2947.53,8171.92,3999.59,5.36,22.32,341.25
1786,99,Exchange,Brendan Medina,CPF,38166583,GB66FZAA34966200665133,2024-05-20 15:01:00,Perú,México,7016.29,3913.07,3761.38,3668.82,46.58,23.58,143.69
1787,621,Exchange,Christopher Cherry,DNI,69929173,GB11CXMM07940565293284,2024-02-05 05:43:55,México,Perú,9705.97,2734.3,839.76,4724.79,41.45,4.42,268.8
1788,492,P2P,Andrea Thomas,CPF,44046630,GB19APMV00661977781016,2024-07-20 02:18:45,Colombia,Colombia,1520.76,466.46,5924.56,1151.43,45.04,13.22,164.03
1789,50,Exchange,Nicole Becker,CC,92713617,GB17UNVQ78448754453802,2024-11-25 12:05:05,Argentina,México,1813.06,106.89,4903.07,2353.64,43.81,8.35,99.14
1790,524,Remesa,Melissa Carr,CPF,53415181,GB03VLUA69842663754786,2024-06-26 19:33:16,Chile,Colombia,1334.69,873.3,342.22,3844.74,7.06,6.96,47.24
1791,639,Exchange,Maria Watkins,RUT,22239568,GB93FZVG35873042246127,2025-01-15 07:26:30,Argentina,Perú,648.93,2157.96,645.51,4101.81,7.42,23.47,221.11
1792,488,Tarjeta,Christine Watson,RUT,49489008,GB77ZFRB71220061776872,2024-11-16 07:27:16,Chile,México,6411.53,581.17,1654.3,921.63,34.51,3.64,453.33
1793,139,Exchange,James Park,CC,85529704,GB38PZVW76457556028318,2024-06-20 02:31:10,México,Chile,651.34,1219.6,6558.1,3744.9,0.86,12.54,325.79
1794,148,Tarjeta,Amanda Wood,RUT,34834668,GB02YUYX07710747056909,2024-02-01 03:34:19,Chile,Chile,7702.0,1143.29,3551.07,1932.34,19.34,16.72,337.4
1795,39,P2P,Christine Brooks,CPF,39204658,GB77PMJI36807752393464,2024-07-21 12:12:16,Argentina,Argentina,6748.21,209.93,6126.5,3731.06,16.64,14.98,433.28
1796,988,Remesa,Nicole Ochoa,CC,52682230,GB88YART04162289695088,2024-12-08 21:39:30,Argentina,Perú,5464.36,2619.74,7228.84,767.98,38.38,14.52,453.29
1797,362,Tarjeta,Christina Hampton,RUT,71550948,GB35TPNB26711437869810,2024-11-18 22:15:55,Chile,Chile,2279.5,2982.93,8092.76,1932.4,26.87,19.73,27.37
1798,543,Exchange,Elizabeth Drake,CPF,44971982,GB93FEOF04820615027329,2024-12-01 06:17:14,México,México,371.94,843.08,1108.7,1624.96,42.01,24.01,95.0
1799,89,Remesa,Michael Li,CC,31022426,GB77LMWR07417548524338,2024-04-04 15:30:38,Argentina,México,4854.51,1808.71,951.69,1353.46,33.18,23.47,232.3
1800,794,Tarjeta,James Cook,CPF,88101247,GB76PPMT35357461153268,2024-05-25 21:37:03,Chile,Perú,9154.22,3922.5,4180.87,3655.93,47.63,22.88,27.95
1801,176,Exchange,Tyler White,CC,45989420,GB73YYYD58279849129414,2024-08-26 22:58:59,Colombia,México,4349.22,2004.7,5677.3,2055.82,27.19,10.89,85.38
1802,2,Remesa,Keith Stephens,DNI,43600763,GB12XQJZ04169095048734,2024-11-26 15:53:08,Chile,Chile,6364.76,2891.38,6245.75,4319.23,44.92,14.67,46.59
1803,293,Remesa,Charles Jenkins,CC,56278252,GB36FKNR70696253069365,2024-09-08 20:41:19,Argentina,Perú,7458.54,409.27,3003.54,765.98,47.32,8.48,288.68
1804,29,Exchange,Troy Perry,RUT,72847308,GB60ODNN83191180323118,2024-03-03 13:38:04,Colombia,México,6128.64,770.39,935.25,2615.49,49.93,23.33,442.91
1805,951,Tarjeta,Jorge Frank,CPF,98441249,GB38OIEE64802497136641,2024-04-02 23:29:25,Chile,Perú,5154.44,4725.53,5503.46,1120.78,26.8,18.75,466.58
1806,431,P2P,Brett Thomas,DNI,44517897,GB26KHAE89068558696052,2024-05-01 15:01:10,Chile,Chile,8250.02,3103.15,8140.55,4155.07,17.97,9.69,492.6
1807,700,P2P,Travis Bradford,RUT,60166462,GB79ERPW48410031358495,2024-04-07 22:23:35,México,México,7794.12,4163.27,599.18,4247.16,27.97,11.08,40.53
1808,124,Remesa,Nicole Richardson,CC,11857643,GB81OOJT37053885161141,2024-03-28 00:01:55,Argentina,México,702.42,724.86,5574.38,2281.86,26.98,8.8,91.97
1809,15,Remesa,Raymond Hampton,CPF,97504435,GB25KCEG89488805884247,2025-01-20 20:20:42,Colombia,Argentina,4886.43,4276.6,8723.85,2349.77,29.12,7.56,171.62
1810,123,Tarjeta,Jonathan Barajas,DNI,11541863,GB59WYKY11131080090200,2024-07-15 23:45:40,Colombia,Colombia,3535.25,1773.8,855.46,989.6,4.12,13.74,83.71
1811,610,Tarjeta,Brian Scott,CPF,13370761,GB71VNRO79680498312599,2024-02-13 23:28:00,Chile,México,8904.26,447.16,8306.13,2466.68,20.89,10.96,255.94
1812,553,Exchange,Stacie Sanchez,CPF,84893110,GB91YZBR68404830037372,2024-10-22 00:05:32,Colombia,México,8686.21,4669.18,8464.58,141.49,27.57,15.45,207.82
1813,236,Tarjeta,Larry Edwards,RUT,53292585,GB86XFKU33662341939895,2025-01-12 18:33:18,México,Perú,2412.46,2151.02,6661.61,2501.61,4.17,4.36,386.18
1814,868,Tarjeta,Emily Greene,DNI,59476138,GB62NBJF93815000969756,2024-07-13 11:12:37,Colombia,Colombia,7715.89,3575.38,6979.05,2432.5,28.37,21.29,333.73
1815,865,Remesa,Alexander Smith,CPF,65041253,GB50MDLK95743912324850,2024-01-27 02:13:05,Chile,México,7433.14,4730.61,5406.59,4251.97,1.89,3.73,462.19
1816,193,Remesa,Dana Burke,DNI,51405030,GB89KXBB61535792594128,2024-09-25 02:12:50,Argentina,Argentina,4100.36,1914.71,3767.75,1375.95,25.76,16.67,459.24
1817,857,Exchange,Hector Gonzales,DNI,99512846,GB72TOUU43312711923647,2024-05-22 10:16:53,México,Colombia,7020.57,4108.27,8959.68,4653.31,0.18,22.4,417.88
1818,346,Remesa,Erin Mendoza,CPF,84457417,GB64HBAU75900189169756,2024-04-30 14:11:27,Colombia,Perú,2965.44,4429.29,9526.11,3890.94,35.13,17.48,89.5
1819,198,Remesa,Justin Moses,RUT,54359111,GB33NUPE83737646223956,2024-12-26 11:07:52,Chile,Colombia,2277.37,2981.7,8825.11,3225.38,32.18,21.74,267.36
1820,921,Remesa,Devon Hodge,RUT,95010113,GB57CDOD60720594758998,2024-05-08 01:07:08,Colombia,Colombia,7896.08,3421.5,4111.99,158.64,23.77,19.75,390.91
1821,611,Remesa,Michele Myers,RUT,56536240,GB12QCRP92110150402539,2024-05-28 18:59:06,Colombia,Colombia,4931.6,2761.21,1603.66,4083.06,6.52,19.36,13.7
1822,513,Remesa,Arthur Hodges,CC,19940622,GB22RRQA81473558738967,2024-11-20 17:08:01,Colombia,México,1645.27,2477.82,1983.27,3137.71,5.69,12.61,345.82
1823,521,Remesa,Desiree Keller,DNI,81144141,GB54XEPG72585956105502,2024-12-13 11:26:51,Chile,Chile,3987.38,3456.19,2518.97,1732.45,15.66,4.19,284.3
1824,956,Remesa,Kristen White,CC,44977347,GB39WGBB01002156413769,2024-06-05 03:24:59,Perú,Argentina,2059.5,3241.83,5129.98,3573.26,13.25,9.3,248.55
1825,258,P2P,Melvin Hart,CC,19269318,GB65MDNL36804229708440,2024-09-06 08:13:39,Colombia,Argentina,7146.22,3569.03,8217.74,3734.83,34.83,20.94,323.97
1826,695,Remesa,Kristen Cohen,RUT,29250960,GB91ZVIQ26367080983449,2024-07-25 03:47:36,México,Chile,8561.45,1735.77,1336.78,211.85,41.92,18.88,338.69
1827,119,Exchange,Mary Arias,CPF,96928106,GB07QXYA43429397339787,2024-05-16 13:32:08,Colombia,Chile,4224.27,349.55,5738.4,3682.05,33.2,21.77,73.93
1828,987,P2P,Travis Williams,RUT,84386613,GB69IVNE32739972034446,2024-11-13 13:15:55,Colombia,Argentina,3255.72,4827.92,6115.82,4812.86,7.1,1.4,192.46
1829,982,Exchange,Gloria Bailey,RUT,84770826,GB64ZHOY00658433427425,2024-06-05 18:17:21,Perú,Perú,9488.72,3475.53,4163.94,3263.75,32.96,11.32,139.12
1830,365,Tarjeta,Ms. Sylvia Franklin,CC,28476776,GB11LUVY53745468836902,2024-11-05 16:11:16,Perú,México,250.58,1992.19,2091.81,3766.07,36.09,15.19,373.88
1831,36,Exchange,Andrew Mills,RUT,83323741,GB51HMLL79198762743095,2024-04-18 12:28:49,México,México,4354.21,1980.3,426.1,3509.64,44.07,6.08,42.18
1832,562,Remesa,Jennifer Gonzalez,DNI,92985603,GB98RTTR05211553614444,2024-09-22 17:47:25,México,Argentina,1999.4,4969.73,8913.72,2614.43,47.01,21.93,465.21
1833,500,Exchange,Samuel Jones,RUT,33968614,GB89JQHJ92194639147065,2024-12-12 13:15:32,Chile,México,8300.74,4109.46,4460.71,3574.97,35.52,15.2,63.99
1834,456,P2P,Maria Johnson,CPF,16549524,GB73AOED80914607180578,2024-03-07 08:12:35,México,Argentina,3842.37,3137.37,506.22,4964.23,18.03,24.43,35.42
1835,296,Tarjeta,Gary Wright,RUT,77054843,GB63HUPL13903818035984,2024-07-04 19:33:41,Perú,Colombia,6420.83,2527.24,2002.89,339.13,48.27,12.76,240.88
1836,765,Remesa,Ashley Bates,CC,64999910,GB61NLEE71400964141883,2025-01-02 02:55:07,Argentina,Colombia,355.82,1063.32,8246.08,3972.91,37.26,23.92,383.03
1837,208,Tarjeta,Kevin Garcia,RUT,53833169,GB07YTWV49425664642858,2024-02-15 04:29:09,Chile,Chile,7656.26,2412.1,9758.37,1196.89,43.1,14.7,349.01
1838,686,P2P,Tammy Clark,RUT,28819120,GB66RAMS60210502243855,2024-08-22 17:42:37,Chile,Argentina,2300.43,3615.83,5560.51,640.77,33.6,7.29,386.01
1839,514,Tarjeta,Mrs. Mary Green,DNI,28350224,GB76GRQR64689235642833,2024-06-19 14:12:15,Perú,Argentina,7276.84,3021.03,7807.87,4407.17,46.11,20.0,169.45
1840,723,Exchange,Daniel Riggs,CC,84946689,GB82DLDQ34002430725719,2024-04-26 04:31:48,Colombia,México,6427.57,3588.91,7772.18,2345.51,26.69,24.83,50.08
1841,593,P2P,Mr. Michael Pacheco MD,RUT,96947598,GB60PJYF57732554279929,2024-08-13 22:52:11,Argentina,Chile,9698.47,4325.62,9064.2,2424.29,11.78,4.88,420.48
1842,785,Exchange,Jessica Fowler,CC,46136128,GB66TFVF67593224061280,2024-09-07 16:17:33,Perú,Chile,7906.66,1517.77,6148.64,2387.55,6.5,9.52,238.71
1843,554,Remesa,Andrew Hernandez,CC,62199646,GB79IIJG71305078684191,2024-06-06 17:20:38,Colombia,México,5143.75,2281.9,4015.73,3804.55,11.34,9.88,421.1
1844,796,P2P,Robert Summers,DNI,57033792,GB79ZJQX54582631408446,2025-01-09 18:33:17,Argentina,Argentina,7083.47,3764.47,3482.31,4397.54,25.5,20.6,360.36
1845,702,Remesa,Patrick Stuart,CPF,82975149,GB08PQBY67952790731909,2024-10-03 06:08:16,Argentina,Perú,5415.57,439.62,9234.18,4194.61,36.39,17.7,475.8
1846,994,Tarjeta,Michelle Acosta,RUT,16968337,GB98ERPE65331964498227,2024-03-29 17:34:55,Chile,Perú,191.35,3334.7,2013.15,3133.03,8.51,8.67,378.14
1847,546,Exchange,Tanya Brown,DNI,55958121,GB42AEUB31051380844032,2024-04-29 11:15:51,México,Chile,3863.9,93.58,9196.53,468.07,7.28,9.52,415.63
1848,706,P2P,Samantha Rowland,DNI,49167710,GB31IXZN96743570850617,2024-04-30 21:43:34,Chile,Colombia,2578.32,4326.64,200.25,2033.65,19.61,17.87,481.1
1849,798,Remesa,Patrick Vargas,CC,83406933,GB69DIVG22906342510470,2024-02-03 21:58:30,Chile,Perú,2689.88,107.36,4867.32,4342.44,29.34,15.1,332.22
1850,935,Exchange,Michael Fox,CPF,27073640,GB98XIRY31006357808545,2024-06-18 19:13:30,Argentina,Argentina,4864.64,627.89,3430.51,1382.1,28.38,1.11,176.92
1851,24,P2P,Krystal Vance,CPF,54898953,GB69NGIK64867488682045,2024-07-19 01:40:51,Perú,Argentina,3689.94,4024.36,9706.52,2193.46,26.81,9.46,328.92
1852,432,Remesa,Mr. Timothy Ho,CC,23696819,GB52NRSS50263845764675,2024-07-12 18:17:58,Argentina,México,8476.82,2044.21,2563.32,1255.35,45.05,19.71,346.87
1853,433,Tarjeta,Richard Buchanan,CPF,63138708,GB12JZLG61095514723496,2024-06-22 03:50:40,Argentina,Chile,9113.97,900.51,1813.16,462.16,21.15,9.48,73.04
1854,674,P2P,Latoya Bailey,RUT,72770577,GB77IEJV21224610193267,2024-12-10 05:16:36,Argentina,México,9574.5,2014.15,2795.69,3928.85,38.96,2.18,402.36
1855,151,Exchange,Nicole Small,DNI,28003277,GB19LYGQ69822634156870,2024-05-18 09:55:59,Colombia,Perú,8143.23,4150.27,7105.34,2210.2,38.53,19.74,46.29
1856,840,P2P,Edward Hamilton,CPF,12810672,GB72NEZY24844559616054,2024-12-12 04:52:33,Perú,México,2846.09,192.25,9077.66,2487.98,20.17,24.79,16.75
1857,169,Tarjeta,Victoria Diaz,CC,85975489,GB11NOQE29994807886164,2024-07-20 09:11:12,México,Perú,3468.58,464.56,5816.87,3937.51,25.44,21.06,12.93
1858,74,Exchange,Linda Bailey,CPF,81207076,GB46GMCW15693443953847,2024-09-24 16:54:54,Perú,Perú,9218.26,4175.31,8860.49,425.84,3.06,16.17,69.25
1859,588,Remesa,Diana Bell,CC,62522395,GB77RASH33462405088143,2024-06-06 04:05:25,Argentina,Chile,5531.18,1996.16,9772.97,2315.62,4.83,10.42,376.72
1860,250,Remesa,Michael Hansen II,DNI,31180220,GB76FUNI55860946386329,2024-05-28 22:54:01,Perú,Argentina,2854.0,4336.31,7128.95,2045.69,8.28,7.77,415.52
1861,238,Tarjeta,Michelle Fowler,DNI,14776671,GB19KYRL17198213604444,2024-04-17 12:02:19,México,México,3170.45,1925.53,2762.04,211.86,9.97,3.66,220.0
1862,44,Exchange,Tyler Kelly,CPF,43945932,GB31CFLE85556149066207,2024-01-27 17:19:41,México,Colombia,4924.07,1025.08,1269.71,1134.14,48.44,9.42,360.48
1863,553,Exchange,Jasmine Trevino,DNI,52207053,GB77XTXW38400179238369,2024-06-16 02:07:03,México,Colombia,7017.1,4978.16,4120.84,1856.98,31.5,23.65,395.01
1864,433,Tarjeta,Lisa Long,CC,16426071,GB85HHQB63104307327779,2024-07-24 06:24:12,Chile,Argentina,494.64,2599.2,3771.86,4879.12,22.73,12.12,360.57
1865,488,Tarjeta,Frank Francis,CC,44945225,GB28QODX08806367173768,2024-12-26 19:54:00,Argentina,Chile,414.25,3258.91,6577.73,1545.36,15.76,12.27,489.06
1866,724,Remesa,Nicole Patton,CC,17988416,GB77LZQQ92033238835371,2024-02-04 15:48:49,Colombia,Perú,1573.27,2389.66,7291.87,4531.64,38.73,23.95,90.45
1867,943,P2P,Denise Jones,CC,89351403,GB98YZUN61219929385567,2024-12-27 16:43:11,Argentina,Chile,747.75,1102.08,5145.51,3724.45,19.49,12.92,165.74
1868,841,Tarjeta,Carrie Gibson,CPF,57446059,GB55GUIJ39357326365176,2024-06-07 01:27:10,Chile,Perú,1156.1,274.69,5004.24,1700.92,8.36,13.12,17.05
1869,986,Exchange,Emily Moore,DNI,65998944,GB03AZIF42201272885768,2024-09-24 21:35:09,Argentina,México,5484.12,2936.8,4168.08,2766.55,14.46,5.39,273.45
1870,731,Exchange,Raymond Jacobs,DNI,88589620,GB14FHBM93364871449773,2024-02-29 05:28:57,Chile,Argentina,3832.84,1171.69,5528.01,3302.7,47.57,22.21,381.6
1871,231,Exchange,Tony Garcia,CPF,40926834,GB14JYAV90918055111593,2024-06-13 05:23:52,Argentina,Chile,3100.52,3721.92,6465.07,2203.93,34.82,11.04,429.55
1872,529,Remesa,Claudia Becker,RUT,64044668,GB47XPGE20457890899553,2024-07-31 10:00:00,Colombia,Colombia,4785.26,3657.47,6630.24,4248.54,4.7,9.73,243.77
1873,802,P2P,Gerald Smith,CPF,57290188,GB98VUWR82954472245609,2024-10-28 18:51:55,México,Perú,1220.68,4987.81,4236.24,1335.03,19.39,23.86,117.63
1874,74,Tarjeta,Nathan Nelson,CPF,83919509,GB90YXKL35688741312443,2024-03-25 12:57:23,Perú,México,9425.08,1190.26,6330.47,2592.42,32.32,4.05,377.11
1875,610,Tarjeta,Ethan Roberts,CPF,52530503,GB26DLAV22340413087946,2024-08-07 14:30:37,Argentina,Argentina,4017.93,3302.62,7232.17,4320.76,15.79,4.28,325.53
1876,334,Remesa,Charles Smith,DNI,23894057,GB66NGVG04375993776644,2024-07-27 12:08:11,México,Argentina,6349.33,4491.1,8841.44,3071.98,3.73,11.56,151.75
1877,916,Tarjeta,Barbara Lozano,CC,31690942,GB38HSMH33081431459594,2024-10-08 04:42:05,Chile,Argentina,4876.59,3988.05,5163.58,3396.39,8.0,21.82,31.97
1878,581,P2P,Cynthia Schmidt,RUT,96327919,GB26WXOC10856085225758,2024-03-26 14:35:24,Chile,Argentina,5426.0,4722.9,7084.9,2951.16,19.34,0.89,146.0
1879,989,Tarjeta,Jillian Manning,CC,95835638,GB22FBEK39986226913389,2024-06-12 20:29:09,Chile,Chile,6706.01,4708.88,6304.1,728.38,13.83,7.66,489.59
1880,672,P2P,Brandon Torres,RUT,70505406,GB65ELGF37797527329987,2024-01-24 06:25:27,Argentina,Argentina,6324.04,1913.38,7539.47,3834.16,30.31,15.12,57.13
1881,499,Tarjeta,Tiffany Hunt,CC,83572957,GB27GBQP17713404377212,2024-09-24 01:54:41,Chile,Chile,1181.87,321.41,8965.69,492.57,15.09,11.21,66.04
1882,196,Tarjeta,Jill Galvan,CC,74277873,GB11OZDY90744738305903,2024-12-21 10:19:55,México,Chile,2810.07,523.32,7422.76,3160.94,45.76,15.69,65.29
1883,218,Remesa,Sandra Love,CC,84057040,GB15QHUZ73093526518024,2024-12-18 19:44:14,Colombia,Perú,2323.63,3890.6,4450.22,2826.51,15.4,21.74,429.86
1884,443,Exchange,Thomas Warner,CPF,65042071,GB50GTXZ92273794574150,2024-03-14 03:29:14,Chile,Colombia,5336.96,4744.55,7727.74,2516.49,14.61,11.61,452.23
1885,435,Remesa,Marie Hicks,CC,73388800,GB44YXIA70429491440886,2024-11-18 10:06:05,México,Colombia,5716.26,1671.05,8030.04,4804.04,6.79,3.98,294.98
1886,649,Exchange,John Brock,CC,81973701,GB18WBMU22029571981148,2024-07-23 00:21:33,Chile,Perú,4174.57,571.97,424.43,765.85,0.84,6.56,385.02
1887,771,P2P,Mary Reyes,RUT,74367486,GB92IYIM66744957433766,2024-10-13 04:22:40,Colombia,México,6010.91,884.97,1490.97,2846.77,9.25,23.41,278.89
1888,431,Remesa,Kara Walker,DNI,95904205,GB42UFYW58249605692232,2024-03-10 09:10:04,Chile,Colombia,8069.74,1476.64,855.83,1819.96,45.95,0.44,248.39
1889,733,Exchange,Jerome Smith,CC,43987437,GB19FWSM38536485947475,2025-01-09 12:07:15,México,Argentina,9414.98,4973.12,5457.0,4412.62,17.91,3.35,33.41
1890,735,Remesa,Erin Palmer,CPF,94506564,GB04YXXA21363953283613,2024-02-20 17:19:58,Argentina,Chile,9964.37,2657.11,4146.51,1558.1,37.57,19.92,62.52
1891,281,Tarjeta,Shelby Frank,CC,98504213,GB86LPXA81479150007438,2024-04-24 18:20:39,Argentina,Colombia,183.69,1308.04,8724.06,3484.31,21.96,17.69,244.42
1892,855,P2P,Gregory Campbell,RUT,92572811,GB87DWNK87758360801577,2025-01-21 11:04:57,Colombia,Colombia,4384.18,924.78,4320.12,2198.42,0.64,11.52,96.75
1893,798,P2P,Mary Davis MD,CC,71633570,GB95KVKH58254287401612,2024-02-25 01:58:09,Chile,México,7341.05,2003.38,6533.03,1801.01,3.5,10.47,415.72
1894,250,Remesa,Timothy Byrd,RUT,20829655,GB84XATW47795398194005,2024-02-26 04:47:25,México,Colombia,555.79,4970.81,661.3,3621.32,7.23,22.52,37.36
1895,455,Tarjeta,Deanna Barker,DNI,50257588,GB36FFAM38962096864919,2024-09-04 09:11:23,Colombia,Perú,7343.78,2645.92,2345.43,2099.56,42.1,24.1,383.4
1896,638,Remesa,Wendy Miles,CC,90776317,GB22LOUG83160171432819,2024-04-13 07:23:39,Colombia,Colombia,876.1,2314.43,4388.92,4906.61,18.28,14.49,208.66
1897,844,P2P,David Bennett,CC,41895840,GB15ZBBQ55977597297005,2024-12-31 03:37:00,México,Colombia,5144.23,2774.69,9264.05,480.77,34.72,5.62,442.34
1898,105,Tarjeta,Louis Lopez,RUT,83907275,GB15QPEN26910550019213,2024-07-23 12:47:30,Chile,Colombia,5977.4,4143.57,8777.27,998.99,42.03,9.36,351.44
1899,400,Exchange,Lucas Townsend,CPF,58034532,GB44CQMO39324752617320,2024-09-17 08:37:03,Chile,Chile,4761.23,2613.81,8289.31,3315.58,46.19,15.48,126.79
1900,39,Exchange,Ann Clay,CPF,59190245,GB78IXBR12106746221962,2025-01-13 19:54:28,Chile,Perú,854.72,2281.05,9038.4,4740.19,26.21,12.3,414.62
1901,235,Exchange,Richard Wu,CPF,69548547,GB94TTDK48296679284087,2024-03-21 01:26:42,Argentina,Colombia,3613.41,1796.15,1057.23,2680.93,23.93,1.59,390.51
1902,720,Remesa,Michael Morgan,CPF,89984394,GB38DFXB22421243543888,2024-10-23 18:00:12,Chile,Colombia,5568.28,1685.35,516.92,2080.47,32.17,15.81,57.01
1903,986,Remesa,Tracy Hill,CC,54111372,GB03VPOU41681895909455,2024-10-07 22:28:57,Chile,Argentina,5111.93,4043.88,2950.75,1900.84,17.37,7.47,325.32
1904,98,P2P,David Vasquez,CPF,65637883,GB39LJNC70853682888685,2024-06-25 17:01:59,Chile,Chile,9401.73,2489.09,7197.43,4574.7,8.59,1.76,363.82
1905,566,Exchange,Elizabeth White,DNI,23323158,GB94IBMW78427291440364,2024-11-21 23:48:57,Chile,Chile,6933.38,2838.23,459.39,4082.2,15.49,13.05,124.2
1906,430,Tarjeta,Katherine Mann,DNI,20121877,GB89VAGP87930844790616,2024-07-13 19:11:35,Argentina,Argentina,5053.48,369.13,1590.81,1362.54,2.1,12.55,335.9
1907,703,P2P,Christina Moore,CC,23526387,GB30BGTB72014026358416,2024-07-29 15:14:24,Chile,Chile,172.01,170.81,1406.07,1757.24,21.33,7.2,208.57
1908,878,P2P,Mrs. Lindsay Wolf,CPF,96859195,GB60BJAB79024142853642,2024-10-23 06:11:53,Argentina,México,2267.52,4745.17,782.71,4867.06,33.0,8.83,175.89
1909,26,Remesa,Emma Vargas,RUT,75109486,GB73TKQY23321450490800,2024-11-23 12:27:13,México,Chile,5181.6,2602.67,2611.32,1221.87,48.47,13.33,136.39
1910,9,P2P,James Hicks,RUT,28148952,GB28JUKP09678072853459,2024-12-07 23:58:29,Perú,México,9511.76,1789.47,1563.48,2389.81,11.24,7.05,353.82
1911,991,Remesa,Jorge Mckinney,CC,40716365,GB89UIYE85478144115518,2024-06-07 04:39:28,Argentina,Chile,2486.21,4352.79,4606.64,478.06,15.54,16.72,169.64
1912,579,Exchange,Wesley Archer,CPF,10089741,GB73TESJ83629675989274,2024-09-16 21:57:46,Perú,México,7096.55,3879.16,1377.51,2095.91,27.8,11.27,422.84
1913,665,P2P,Brenda Lopez,RUT,87854197,GB45ZIMC96761768448966,2024-09-06 10:07:46,Colombia,México,215.44,253.01,8139.15,2274.31,10.81,16.33,370.2
1914,486,Tarjeta,Donna Reese,CPF,17452555,GB97KXEQ36201521552204,2024-09-30 15:43:37,Argentina,México,7717.49,3429.72,3559.73,354.72,16.55,18.78,233.88
1915,523,Remesa,Ricardo Collins,CC,76908653,GB32QNFR54878517458315,2024-10-22 23:18:05,Colombia,Colombia,4070.44,3514.68,846.57,490.69,4.94,14.43,171.33
1916,751,P2P,Heidi Pineda,CPF,52830629,GB96IILP91549741289815,2024-10-04 05:49:54,México,Argentina,8384.71,1693.76,8223.16,2175.89,34.96,22.95,78.72
1917,846,P2P,Rita Pratt,RUT,40215430,GB87HSFU17008875205311,2024-01-29 03:10:08,Colombia,Argentina,1645.83,917.66,755.88,1980.36,26.8,23.57,63.86
1918,310,P2P,Heather Butler,RUT,29587662,GB10MIYJ65846743016145,2024-08-02 05:13:08,Colombia,Perú,5499.42,2044.76,8596.92,122.07,8.32,2.16,65.69
1919,233,Remesa,Curtis Medina,CC,65428025,GB25KVNX30094694980756,2024-08-09 18:31:39,Colombia,Chile,932.46,3128.06,8506.76,4092.83,46.82,11.99,125.93
1920,576,Exchange,Terri Benson,CC,33369841,GB31LQIX35886938406013,2024-09-13 19:50:12,México,Chile,4683.45,3789.59,1822.62,631.35,17.08,7.14,431.83
1921,840,Exchange,Jonathan Griffith,CC,28589730,GB23UHFH61134020600337,2024-07-16 15:40:07,Argentina,México,2227.42,2288.75,4552.67,896.14,34.77,16.34,236.74
1922,486,Exchange,Anna Salazar,CC,76758842,GB96NBJH80832084354384,2024-01-25 16:29:54,Perú,Perú,6962.95,3722.16,7110.38,2045.05,26.09,7.73,342.44
1923,524,Exchange,Jose Taylor,RUT,84249259,GB11HSFO32783869756918,2024-10-29 17:14:22,Chile,Perú,4470.09,3116.16,4524.65,3395.18,4.69,10.91,246.88
1924,216,P2P,Pamela Hood,DNI,21069838,GB58HWEF35305062588215,2024-07-06 00:51:40,Argentina,México,3974.73,3876.29,1554.34,1943.53,10.07,16.53,23.82
1925,337,Exchange,Kevin Smith,DNI,39268304,GB52NBVE35195588227054,2024-01-31 05:40:45,Colombia,Argentina,1118.67,1952.12,7577.96,4557.41,27.24,8.33,44.51
1926,513,P2P,Edward Francis,CPF,73035135,GB20JPYU36662393573782,2024-03-21 15:02:22,Argentina,Colombia,6297.55,3894.53,4617.31,2310.4,0.21,20.94,216.63
1927,57,Tarjeta,Mary Brown,CPF,78462192,GB67AICS73213755535775,2024-08-19 12:53:02,Argentina,Perú,3971.65,773.21,866.61,1261.55,6.64,1.55,33.27
1928,755,Remesa,Richard Ali,DNI,62618169,GB14VBOG58115983128759,2024-12-28 16:59:06,Perú,Argentina,6200.66,1994.75,6967.97,4092.93,11.25,21.06,413.21
1929,724,Remesa,Sandra Williams,RUT,68297942,GB84IDCR72305565879457,2024-02-08 12:11:31,Argentina,Chile,2584.89,546.22,9846.5,2237.37,0.52,6.7,110.78
1930,274,Exchange,Michael Rowe,RUT,57360120,GB10ZXWN00890198465675,2024-12-08 12:05:48,Chile,Argentina,3096.62,2243.83,4796.0,1140.95,10.87,2.18,209.43
1931,371,Exchange,Jimmy Ramos,DNI,20395892,GB56DNLQ97379590705031,2024-08-29 12:02:12,Colombia,México,7690.66,3591.19,5283.76,3211.83,23.82,2.35,94.41
1932,215,Tarjeta,Teresa Harrison,DNI,19566651,GB20BGDN53826174582438,2024-10-07 17:56:31,México,Perú,9020.58,4047.79,6875.74,3550.17,24.88,20.96,477.39
1933,681,P2P,Stephanie Miller,CPF,83540647,GB88WJRM68791362249789,2025-01-19 01:58:05,Chile,Colombia,9690.19,2266.64,3362.8,3083.37,15.49,3.7,311.57
1934,814,Remesa,Chad Green,CC,61015439,GB29XSOD34663696558268,2024-06-09 00:37:32,Colombia,México,5139.14,1276.87,3419.27,839.85,37.14,17.55,355.46
1935,637,Tarjeta,Diane Sherman,CPF,43681457,GB94PUSK74881902709527,2024-07-15 14:42:12,México,México,1569.43,1178.79,697.45,1593.73,6.85,2.42,125.14
1936,592,Exchange,Deborah Walker,RUT,87588280,GB22SSZE10332381261114,2024-05-25 22:08:52,México,Perú,3354.81,3966.15,2735.01,2315.92,30.45,19.11,493.53
1937,206,Tarjeta,Charles Haley,CC,16257282,GB40KHDV88379138372713,2024-12-18 16:59:44,México,México,4014.34,768.78,9674.56,3436.53,23.04,8.04,354.73
1938,894,Exchange,Tyler Miller,DNI,22859976,GB39BDPJ57914692266378,2024-07-26 20:43:23,Argentina,Perú,5162.57,4040.07,9574.82,1401.36,3.77,5.48,123.36
1939,20,Exchange,Ashley Gonzalez,DNI,65923352,GB37TNWZ42452709660622,2024-06-05 04:28:42,Chile,Perú,6477.49,1235.8,534.96,630.23,46.76,10.59,446.2
1940,677,Exchange,Heather Nicholson,RUT,46609118,GB26LNDF55403660775203,2024-11-01 23:30:32,Colombia,Chile,9667.53,2415.02,142.94,2471.62,22.87,4.63,432.23
1941,936,Tarjeta,Mrs. Karen Simpson MD,CPF,89520671,GB49JLYJ80081530842097,2025-01-03 08:05:42,Perú,Perú,4399.31,4757.28,7845.92,787.3,4.36,6.86,373.6
1942,284,P2P,Michael Jackson,DNI,98693861,GB22XPVZ45528220575699,2024-02-01 15:20:22,Colombia,Chile,3995.16,3090.06,3465.79,1361.35,49.02,15.16,493.06
1943,803,P2P,Shane Grimes,CPF,40412965,GB52TGFV81097210685349,2024-06-21 15:22:30,Perú,Perú,4454.46,3228.84,9908.41,2884.11,46.69,16.18,323.03
1944,821,Remesa,Tara Brooks,DNI,31749466,GB30ISFR93965728803875,2024-09-12 02:15:56,Colombia,Chile,439.61,1002.51,3089.31,4205.77,24.96,22.26,193.16
1945,147,Tarjeta,Michelle Hart,CC,38921148,GB25ORCV06737129978238,2024-06-18 01:12:48,Perú,Perú,8853.96,889.89,9647.98,4235.75,31.43,1.05,227.42
1946,477,Exchange,Christian Jackson,DNI,75591416,GB49XRBZ97128371703575,2024-06-29 08:20:08,Chile,Argentina,5222.39,3411.85,4627.81,84.92,29.1,13.0,197.81
1947,872,Exchange,Matthew Rogers,CPF,41471411,GB08FSIL45237193307481,2024-08-28 06:11:27,Chile,Argentina,4553.35,1060.62,5465.88,3704.71,28.4,18.74,428.37
1948,119,Remesa,Sarah Moreno,RUT,29155956,GB89NYKE31505022188934,2024-12-13 18:18:15,Perú,México,8762.76,1794.97,5194.84,2736.72,19.52,7.79,157.83
1949,487,Exchange,Shannon Decker,CC,45357576,GB43WEQY68550955784592,2024-09-26 00:57:31,Perú,Colombia,276.55,2091.77,358.95,2430.99,29.34,17.41,246.08
1950,480,Remesa,Sean Hawkins,DNI,15884707,GB62CNGN99309519361723,2024-12-29 07:08:41,Chile,Perú,9543.29,1057.77,9836.28,620.14,5.09,5.55,446.79
1951,279,Tarjeta,Benjamin Long,RUT,72554334,GB76FUOE00878542724475,2024-10-07 22:19:50,México,Perú,3080.05,3148.14,6804.38,3225.68,46.66,8.38,451.07
1952,136,Tarjeta,Ryan Allen,RUT,91804011,GB07QBYF57970824096681,2024-10-04 06:07:00,México,Argentina,6127.21,1185.06,8083.26,762.03,34.8,18.94,325.67
1953,378,P2P,Russell Crawford,CC,63580242,GB19CAGD07079298824115,2024-12-08 16:58:39,Chile,México,9796.83,2903.25,4892.14,1873.95,5.33,11.54,452.75
1954,478,Tarjeta,Phillip Smith,CC,91176401,GB78TMVZ55642165426665,2024-12-21 11:56:48,México,Perú,7462.09,1456.86,5235.37,4209.72,14.85,10.22,299.2
1955,430,P2P,Travis Robinson,DNI,28337628,GB94ODPA90956730292143,2024-03-30 03:16:40,Chile,México,9363.64,525.87,5473.78,173.11,32.95,13.26,320.94
1956,430,Exchange,Michael Lopez,CPF,22734717,GB18BQZB35959612524668,2024-09-25 09:00:34,México,Perú,8621.61,176.0,2777.17,2316.16,4.97,15.76,88.36
1957,996,P2P,Courtney Yu,DNI,91354948,GB50SXRO59311237584614,2024-09-18 12:03:01,Chile,Argentina,1465.83,4081.06,7944.6,2999.04,4.17,0.09,119.2
1958,887,P2P,Angela Cannon,DNI,45647670,GB56GXPV98499014965285,2024-11-06 22:07:26,Perú,Argentina,1687.19,2184.89,666.11,1772.39,1.46,19.14,447.76
1959,381,Exchange,Candice Hamilton,RUT,17576733,GB58CMGN89979922146557,2024-05-17 04:14:49,Perú,Argentina,1320.06,4417.34,8800.63,2756.38,30.99,15.05,224.96
1960,914,Exchange,Robert Guerrero,CPF,82043840,GB51HRTP33848297197220,2024-09-11 09:59:14,Colombia,Perú,6836.01,3378.54,6929.16,4095.36,2.16,13.56,172.34
1961,446,P2P,Elizabeth Mosley,CPF,83238081,GB58HHTJ84856239694171,2024-02-20 22:31:13,México,Perú,2763.03,4803.18,6265.8,4304.01,11.78,2.54,481.04
1962,629,Remesa,Nicole Moreno,CPF,47013048,GB06HYTT65634467849539,2024-08-31 11:14:37,México,Argentina,7581.76,3353.3,6258.41,2435.9,9.07,15.54,191.77
1963,352,Remesa,Brandon Perez,CC,39507040,GB08SRCW73983637467672,2024-10-31 19:29:41,Argentina,México,8114.19,1564.51,5346.2,1189.0,39.13,20.16,102.29
1964,216,Exchange,Allison Henderson MD,DNI,64722179,GB66UMNJ05243140304340,2025-01-16 03:53:07,México,Argentina,5847.32,2675.53,314.07,1859.04,45.87,20.03,326.43
1965,395,Tarjeta,Mr. Logan Singh,DNI,92909822,GB52AOVQ50620859520107,2024-11-06 06:27:25,Argentina,México,5814.93,3558.97,9673.79,4425.18,44.0,20.24,442.06
1966,107,Remesa,Kimberly Estrada,CPF,75735047,GB11BFXI66750764192813,2024-03-11 09:16:47,Chile,Chile,5389.34,690.45,7377.67,332.09,10.15,8.31,153.38
1967,597,Exchange,Rodney Wall,CPF,74029277,GB87SYHC08059134218580,2024-05-07 13:51:01,Colombia,México,7702.27,2900.97,5988.71,1143.63,27.18,16.35,282.5
1968,109,Exchange,Rodney Mora,CC,87315204,GB48NTXZ60467491821009,2024-09-09 01:31:33,México,Perú,3018.86,3656.4,1369.41,2789.53,39.54,24.54,228.23
1969,823,P2P,Daniel Pineda,RUT,93769107,GB78QVWW47452365039737,2024-02-15 14:21:50,Chile,Perú,9808.86,2526.68,5733.61,3639.96,15.21,22.41,72.12
1970,720,Remesa,Kevin Chavez,CC,29491393,GB02EYOC48054269545896,2024-10-04 08:27:39,Perú,México,366.57,2642.0,5742.05,2113.56,20.5,5.66,495.1
1971,477,Remesa,Rebecca Tran,DNI,50586890,GB21UHBI46090035003531,2024-11-03 21:28:14,México,Argentina,3388.27,1201.21,964.26,527.66,5.19,13.05,250.65
1972,568,P2P,Robert Walker,CC,90325131,GB71FTBZ00388050289952,2024-05-04 10:19:47,Argentina,Perú,6756.97,859.53,4094.73,1993.07,49.5,16.04,379.19
1973,417,Remesa,Megan Gregory MD,DNI,66916556,GB30DIRI37012531034367,2024-03-23 05:43:07,Colombia,Colombia,2902.32,2917.98,1017.79,2905.88,22.1,16.05,133.96
1974,328,Exchange,Emma Huber,CC,75368768,GB50GKPX23228378293684,2024-06-22 00:52:11,Argentina,Perú,7217.58,826.18,5766.06,1683.55,23.14,2.3,389.71
1975,494,Tarjeta,Wyatt Jackson,CPF,53530340,GB80WZZM97461744748959,2024-08-08 00:03:33,Chile,Argentina,4054.91,946.45,1519.86,4769.26,21.11,10.92,183.82
1976,756,Exchange,Troy Martinez,CPF,28635125,GB31VROJ27140828186269,2024-05-24 15:02:22,Chile,Chile,2863.6,2375.02,3202.08,4407.4,22.31,15.62,170.79
1977,577,Tarjeta,Susan Lopez,CPF,21500142,GB63SDQA37561606863511,2025-01-19 19:29:10,Perú,Argentina,7795.81,2516.77,7669.54,1479.6,39.8,23.98,369.12
1978,353,P2P,Michael Peterson,RUT,84503219,GB38ZRVJ38599610745313,2024-08-29 06:09:35,Argentina,México,6510.32,569.91,7099.24,207.22,0.25,18.49,333.79
1979,452,Tarjeta,Jim Stewart,CC,94439051,GB93ZYUR06524846676223,2024-07-03 11:56:29,Argentina,Colombia,6222.04,2988.57,3809.74,4638.68,10.81,17.42,380.91
1980,527,Tarjeta,Eric Stevens,DNI,88994772,GB90FVZH03279323205640,2024-12-08 18:48:48,Perú,Chile,1525.92,4612.36,4312.31,4217.55,39.04,7.79,386.49
1981,611,Tarjeta,Kathryn Atkins,CC,83099682,GB80VADH09042723154015,2024-02-02 05:11:55,Colombia,Chile,3274.2,4346.77,5690.65,2102.93,4.67,4.87,431.49
1982,593,P2P,Shannon Drake,CPF,67991743,GB47ETWN80518723379794,2024-01-28 12:34:33,Argentina,Chile,2393.21,773.42,8134.49,2297.67,10.59,12.56,172.09
1983,932,Exchange,Caleb Vaughn,DNI,51685034,GB09WHPI83744605441273,2024-06-30 18:35:07,Argentina,Chile,946.29,174.12,7977.98,250.63,21.91,19.48,210.27
1984,765,Tarjeta,Donna Palmer,DNI,69908960,GB43FRRV92827432832217,2024-11-02 19:09:23,Colombia,México,7637.04,1780.71,5510.47,2963.49,27.07,8.52,456.43
1985,689,P2P,Matthew Stephens,DNI,16609199,GB87DOBK23307627817365,2024-12-27 11:20:39,Perú,Chile,5996.15,4972.06,3622.52,2173.64,30.93,3.15,496.41
1986,619,Tarjeta,Rebecca Skinner,DNI,75121074,GB40KRQC31703755687863,2024-03-17 12:33:42,Perú,Colombia,8410.3,1860.63,9379.56,977.37,38.17,20.93,30.18
1987,926,Tarjeta,Rachel Fox,CC,78887823,GB86LMOW03392626997487,2024-03-04 17:37:57,Argentina,Perú,1621.63,4511.79,9760.31,1894.91,2.94,23.09,128.86
1988,626,Tarjeta,Shirley Lee,RUT,90219106,GB78EGVQ45084257847242,2024-09-28 16:45:20,Argentina,Argentina,1649.82,2962.15,1267.06,835.36,0.27,18.47,428.95
1989,518,Tarjeta,Donald Garcia,CPF,46095888,GB96IVNM71553413679623,2024-04-29 18:39:02,México,Argentina,6521.96,623.48,1198.62,3810.73,21.26,8.53,273.7
1990,525,Remesa,Mark Perez,DNI,52077888,GB14CRFF85934185461377,2024-03-10 04:59:56,México,Colombia,9682.8,2903.53,6214.95,2618.94,12.83,24.53,269.97
1991,853,P2P,Kevin Cook,CPF,89506152,GB70OMOU71721855355608,2024-10-10 19:32:03,Perú,Colombia,9776.28,4880.54,9737.95,581.28,1.35,24.27,191.07
1992,394,Remesa,Katherine Sanchez,CPF,46656450,GB91NZPO01321719724374,2024-02-07 13:36:02,Perú,México,4796.56,3800.67,5195.15,3973.55,35.13,11.32,446.81
1993,374,Exchange,Amy Crawford,CC,93116067,GB85PJOG71679548754185,2024-05-15 06:32:28,Chile,México,9448.27,1247.3,9793.9,4051.39,14.69,14.37,497.48
1994,54,Remesa,Jordan Cabrera,DNI,71565101,GB12NWIS72255037180114,2024-02-18 14:34:51,Chile,Colombia,4042.9,1960.58,2314.82,1003.0,40.75,9.91,418.58
1995,364,P2P,Christopher Patton,RUT,30395312,GB27PWWC12300544842094,2024-04-28 18:09:43,Colombia,Argentina,8374.78,3059.58,994.25,1407.2,14.74,12.33,384.79
1996,856,Tarjeta,Brenda Ford,CC,32348651,GB10INUN29824796138201,2024-02-24 12:04:15,Perú,Chile,4997.31,1374.01,6272.79,2577.62,26.75,8.97,288.78
1997,315,Remesa,Chris Adkins,CPF,71340430,GB31KTMP62396293662014,2024-06-24 07:52:27,Chile,Colombia,4628.93,1739.31,6289.38,3405.36,25.58,11.28,315.87
1998,598,P2P,Matthew Jennings,DNI,45516330,GB69NWWK57670888400230,2024-06-02 05:57:56,México,Colombia,7965.42,1786.25,7976.41,4218.91,28.84,12.3,23.52
1999,513,Remesa,Kevin Wagner,DNI,59078558,GB62WWXV38972027574100,2024-09-25 06:29:34,Chile,Argentina,8989.73,3007.76,9703.29,3467.94,29.04,7.58,480.59
2000,688,P2P,Timothy Williams,DNI,32782183,GB57SMZU07838086037099,2024-09-07 04:46:03,Chile,México,1376.65,3518.18,6337.5,1518.75,49.46,9.51,205.14
2001,645,P2P,Ariel Sanders,CC,58213300,GB56HXSR33827567685161,2024-12-12 23:55:22,Colombia,México,3675.09,822.87,6259.97,4630.94,38.68,3.33,153.52
2002,406,Exchange,Joshua Bell,CPF,89846920,GB85ZYJH89124132785168,2024-06-28 14:11:45,Chile,Perú,1578.08,284.93,3127.4,4384.58,2.82,10.19,341.45
2003,115,Remesa,John Benson,CC,68305166,GB02JDTM81387006947604,2024-02-03 14:35:09,Perú,Argentina,7460.78,1851.77,8090.27,709.1,28.33,20.86,63.03
2004,976,Exchange,Jessica Allen,DNI,46280849,GB85VUTB58301135921906,2024-02-24 03:39:14,Argentina,Colombia,6802.32,4340.45,7832.82,3236.37,44.9,9.09,347.92
2005,987,P2P,Michael Dyer,CPF,38627864,GB41LVWP52227643596940,2024-02-13 18:06:52,Chile,Chile,6791.73,1109.36,5123.98,4442.46,38.87,4.07,485.96
2006,774,Exchange,Kenneth Jenkins,CC,62243254,GB16JFUD30368335423534,2024-10-18 07:27:38,Perú,México,4950.67,4551.22,5954.19,4432.49,14.29,9.75,471.98
2007,434,Remesa,Corey Abbott,CPF,76254886,GB14LRLB25014633088051,2024-04-22 10:21:57,Chile,México,5670.8,4500.29,2010.59,68.56,42.37,21.65,264.33
2008,132,Exchange,Eric Mcclure,CC,62632405,GB30CBAZ53815828814865,2024-08-26 10:38:36,Perú,Argentina,2847.1,3819.72,1635.19,4209.5,46.46,6.59,464.44
2009,927,Tarjeta,Amanda Harris,CC,71224969,GB41TNJK76246912719786,2024-02-04 05:15:43,Colombia,Chile,9754.49,643.92,8098.09,4677.31,23.69,20.78,437.1
2010,539,Remesa,Pamela Cummings,RUT,53635155,GB18XLRQ07218581034890,2024-11-19 15:48:42,Colombia,Colombia,8380.07,2203.83,3574.74,2973.27,39.66,13.31,26.61
2011,108,P2P,Betty Obrien,DNI,82519484,GB28NUFI92555048558872,2024-09-18 10:05:14,Chile,Chile,9414.22,1408.21,2687.32,1672.51,4.46,0.54,455.45
2012,818,P2P,Michael Jones,DNI,95096419,GB40BEIP46357089171303,2024-09-22 19:47:23,México,Colombia,2241.8,2458.13,8391.36,1810.31,41.11,14.33,321.18
2013,872,P2P,Derrick Ortega,RUT,16213372,GB88QXBX86318541072335,2024-06-25 04:54:47,Argentina,Chile,9918.6,2786.72,1106.47,1935.61,6.74,2.52,253.49
2014,149,Remesa,Nathaniel Baker,RUT,36809480,GB08OQAJ86086058162140,2024-09-01 08:06:56,Perú,Chile,3201.52,301.11,4259.34,3927.91,15.67,14.03,43.23
2015,532,Exchange,Scott Williams,RUT,97719246,GB29PUFZ20213251701026,2025-01-01 10:06:28,México,Perú,3981.84,2012.62,9163.51,4694.59,49.39,5.56,117.88
2016,658,Tarjeta,Natalie Rios,DNI,75807238,GB59MNQS16447684923100,2024-09-19 01:19:11,Colombia,Perú,524.02,1737.02,9505.17,3299.53,16.9,12.73,261.98
2017,774,Exchange,Brittney Nelson,CPF,84779131,GB72ZKDH61901892174614,2024-09-03 13:33:56,Chile,Perú,9317.48,1491.43,294.77,251.93,28.25,7.18,318.09
2018,569,P2P,Olivia Dominguez,RUT,10833076,GB79WQWR58347589190320,2024-11-22 14:21:12,Colombia,Colombia,2023.52,2273.49,2738.65,994.53,43.59,14.31,36.99
2019,168,Tarjeta,James Williams,RUT,87394231,GB90IJXC14921484399179,2024-08-22 14:52:28,México,Colombia,202.63,300.86,3989.83,3946.65,48.66,9.17,458.93
2020,920,Tarjeta,Jeffrey Ibarra,CC,99446253,GB40JEZT32002276543543,2024-12-14 21:25:15,Perú,Chile,2336.25,987.18,3375.33,1046.13,40.66,10.93,224.04
2021,164,P2P,Eric Henson,DNI,22159374,GB51YOWG78651452486054,2024-06-18 06:56:05,Perú,Perú,2279.05,4235.39,9399.42,2736.9,25.05,13.87,441.81
2022,602,Exchange,Chloe Dixon,DNI,98895218,GB38IDON88093589694035,2024-04-29 02:35:39,Chile,Chile,4240.36,3038.85,2842.31,2381.05,43.46,5.57,110.2
2023,993,Exchange,Austin Padilla,DNI,91550939,GB32LCDD29540620744026,2024-10-27 04:54:05,Perú,Colombia,9581.51,4921.63,7296.51,4542.33,48.8,2.59,459.01
2024,120,Exchange,James Smith,RUT,13531276,GB96WQZC44501704065806,2024-02-07 05:33:25,México,México,5558.32,2640.04,1823.95,3797.45,4.1,6.57,248.12
2025,621,Tarjeta,Brian Vargas Jr.,RUT,77985888,GB68AVWH99691205982970,2024-11-06 19:59:53,México,Chile,8008.53,4461.39,6377.78,1449.67,7.29,0.17,117.79
2026,880,Exchange,Ashley Johnson,CC,27484263,GB48XNPL40619934392993,2024-08-02 06:19:09,Argentina,Chile,5275.46,3353.4,8853.4,3041.41,18.4,21.55,189.16
2027,661,P2P,Bryan Jennings,DNI,51634860,GB41NWSU38198999724756,2024-04-18 14:49:08,Colombia,Chile,5239.68,3764.07,1871.81,2718.83,1.14,8.46,437.08
2028,399,Remesa,Jason Murphy,RUT,92420871,GB69UQFZ03995942909654,2024-07-14 22:11:07,Argentina,Colombia,5128.21,573.97,904.76,3309.19,21.36,7.81,190.12
2029,353,Exchange,Heather Hansen,CC,82583590,GB53QVNL56159965494905,2025-01-19 06:50:23,Colombia,Argentina,1222.1,844.92,6709.47,1702.78,42.38,9.29,172.14
2030,974,P2P,Jorge Dominguez,RUT,14320513,GB78QLSG45140743783208,2024-07-27 18:56:12,México,Perú,7470.96,2878.85,9310.84,4023.39,6.92,15.59,68.56
2031,553,Remesa,Ryan Drake,RUT,71511867,GB34YPZS25653001024132,2025-01-13 19:12:08,Argentina,Argentina,2504.33,4877.7,8376.73,4900.45,1.7,23.17,107.92
2032,291,Remesa,Jessica Case,RUT,12480361,GB64HIAN24043390770199,2024-12-10 22:24:06,Argentina,Argentina,4951.71,474.51,3582.06,2700.63,1.02,20.15,153.96
2033,812,P2P,Christopher Hardy,CPF,28296551,GB03UCEQ40294177283056,2024-05-28 10:17:26,Colombia,México,5489.49,2481.64,8402.2,4337.55,48.43,18.98,44.98
2034,352,Exchange,Katherine Lopez,DNI,39457155,GB09KAOY15894837774783,2024-07-02 04:14:04,Perú,Argentina,2591.25,3540.9,9403.8,4124.88,43.67,11.84,230.11
2035,551,Exchange,Nicole Morrison,CPF,72529299,GB66SHZZ83109438087302,2024-10-29 18:28:39,Argentina,Chile,8148.33,3916.4,1446.71,2978.35,1.16,1.38,461.06
2036,797,Remesa,Nicole Knox,CPF,36554092,GB11OBTW02897433067915,2024-10-26 14:33:04,Colombia,Chile,5102.53,1129.84,8615.81,4587.24,8.06,18.82,480.48
2037,992,Remesa,Daniel Gonzalez,DNI,50932251,GB06BSJV52937654101258,2024-08-24 01:31:43,Argentina,Chile,929.61,3768.26,8112.3,2021.43,23.82,20.59,98.4
2038,522,Exchange,Brandon Dawson,RUT,46095248,GB06EKUP09763444682088,2024-03-10 00:13:08,Chile,México,6440.38,292.51,715.56,856.66,40.33,3.37,63.83
2039,502,Tarjeta,Nicholas Perry,DNI,60994256,GB22CTIT96030206993758,2024-12-12 04:40:39,México,Argentina,5285.01,1692.44,6777.59,2269.15,23.01,22.12,106.99
2040,254,Remesa,Dennis Bell,CPF,13821628,GB58EPOC18811971920276,2024-06-22 02:52:03,Colombia,Perú,1063.72,114.41,848.8,556.27,12.45,24.65,163.09
2041,603,Exchange,Meghan Lee,CPF,44597065,GB77WSYR46222783930358,2024-06-05 02:10:13,Perú,Chile,2242.23,4548.47,9565.74,4538.24,2.27,7.43,180.31
2042,795,Exchange,Dennis Rivera,CPF,25177485,GB63VXZQ37570986888534,2024-03-29 23:40:18,México,Chile,4649.87,2416.91,2383.39,3301.52,32.15,14.89,310.86
2043,938,Exchange,Jennifer Clark,DNI,86351600,GB64MDCN54002166957002,2024-10-04 11:22:45,Perú,Colombia,4909.46,3558.08,8635.84,4206.61,10.98,14.86,108.14
2044,915,Exchange,Joel Beck,CC,85549563,GB03LBXP04552487630406,2024-07-09 01:37:13,Colombia,Colombia,6613.34,2118.22,5837.78,3379.32,22.45,15.97,99.3
2045,985,P2P,Mark Wong,CC,36827709,GB50HRKP93340975618137,2024-11-07 12:45:42,Perú,Perú,4794.41,4090.99,361.32,4492.37,12.41,18.52,397.58
2046,238,Remesa,Randy Wilson,CC,16012534,GB60STST73683577494229,2024-09-17 12:15:04,Perú,Chile,1056.01,140.81,5022.09,3049.17,19.23,17.02,191.06
2047,324,Remesa,Meghan Shepard,CC,93864892,GB47SUFA48333207439399,2024-02-13 04:44:35,México,Colombia,2030.12,67.46,2446.88,983.84,38.74,20.32,141.44
2048,554,Tarjeta,Ashley Lawson,CPF,25917573,GB58SYXP46737527224247,2024-07-04 06:41:45,Chile,Chile,8022.55,2623.87,8699.14,4320.38,12.92,10.63,441.88
2049,904,P2P,Miranda Chan,DNI,58526842,GB24EEHX79233522233859,2024-07-07 21:19:20,Chile,Chile,595.49,186.98,532.43,1425.62,20.73,0.24,444.11
2050,43,Remesa,Kathleen Mcintosh,CPF,89897086,GB56JIBT90610933175507,2024-02-29 21:09:06,Argentina,Colombia,4823.91,941.42,2317.62,4787.51,1.25,6.1,144.98
2051,77,P2P,Steven Rosales,CPF,35801853,GB82ILSA24496749561847,2024-06-02 04:02:07,Perú,Chile,9966.57,4051.4,6536.9,4706.76,26.3,7.73,15.33
2052,481,Remesa,Joshua Conrad,CPF,36646631,GB34XPCD76681358004070,2024-12-10 01:45:43,México,Perú,2421.45,1529.07,7741.34,934.97,23.11,22.61,36.71
2053,409,Exchange,Joshua Miller,RUT,33268760,GB31LIHA27798751770206,2024-02-08 01:15:16,Perú,Chile,7862.54,4696.78,855.44,1316.47,0.21,15.9,51.95
2054,455,Remesa,William Martinez,RUT,16672812,GB79QHRJ35772281556588,2024-04-16 19:34:45,Colombia,México,5764.57,1792.63,8923.61,1767.47,27.54,23.8,451.21
2055,501,Exchange,Lisa Reese,CPF,42404133,GB93IJSM08561507336134,2024-04-23 08:36:34,Argentina,Argentina,7959.13,4035.59,7391.01,180.5,6.11,24.8,318.08
2056,128,P2P,Alyssa Martinez,CPF,41220523,GB50OVWB83695327772380,2024-08-30 04:31:43,Argentina,Colombia,918.12,1590.72,3438.47,3048.93,42.48,21.68,333.42
2057,694,Remesa,Charles Griffin,CPF,75875719,GB56XPOU66840491544977,2024-07-03 16:11:38,Colombia,Perú,1082.89,2992.9,9861.25,430.14,1.75,23.0,287.52
2058,920,P2P,Danny Thompson,CPF,56833562,GB37UWLF62564102755424,2024-11-27 18:47:25,México,Colombia,4244.77,1141.28,2817.84,3552.66,44.42,12.42,475.48
2059,195,P2P,Jon Evans,CC,58455731,GB51CERX64930058593116,2024-03-07 22:25:46,México,México,3013.23,2296.3,3582.86,1314.13,40.01,23.39,249.62
2060,441,P2P,Angela Ward,DNI,99978671,GB74ZKEB56708528483347,2025-01-15 23:57:10,Colombia,Chile,4812.38,3685.75,3837.73,3174.32,46.33,10.34,221.18
2061,941,P2P,Robert Thomas DDS,CC,50500466,GB04KENM92673617298946,2024-12-23 19:25:23,Perú,Argentina,7310.38,3985.91,9695.78,1626.0,7.84,13.04,421.32
2062,849,Remesa,Kevin Thompson,CC,62936529,GB81FJZI33971124655963,2024-03-04 07:08:09,Chile,Colombia,990.29,4140.73,7179.52,2561.26,10.7,1.74,454.82
2063,247,Remesa,Charles Davis,CPF,52575550,GB30EBLU53262437513279,2024-04-06 09:44:26,Colombia,Perú,4236.9,763.29,9566.5,2361.8,25.92,1.52,383.78
2064,327,Tarjeta,Laura Santos,CPF,45639672,GB92LBNA84091903186595,2024-02-04 23:30:09,Argentina,México,6090.84,415.73,4383.44,4104.03,30.46,22.38,462.35
2065,416,Exchange,Victor Booker,CPF,39023018,GB22TODU35600769640424,2024-06-20 22:28:04,Colombia,Chile,6421.95,2839.83,5972.42,118.49,41.7,10.43,228.71
2066,671,Remesa,Samuel Webb,CPF,11928920,GB23MUPL78290755467591,2024-11-29 03:07:59,Chile,México,7400.89,440.85,601.13,3075.58,30.22,22.62,61.94
2067,342,P2P,Christopher Williams,CC,57051953,GB80VRKW96867807220492,2024-02-04 23:21:39,Chile,Perú,4520.28,4339.53,2852.61,3717.89,7.77,1.42,432.68
2068,482,Remesa,Michael Oliver,RUT,52062902,GB62DSXH99403907100708,2025-01-15 06:37:35,Chile,México,8536.1,3617.33,8077.97,441.01,9.38,22.54,312.9
2069,3,P2P,Jonathan Johnson,CPF,86506462,GB92XQQD00910992105804,2024-08-10 21:49:32,Perú,Perú,7219.92,1110.49,1546.7,1112.94,43.05,2.76,491.13
2070,661,Remesa,Charles Moore,CPF,78584888,GB72ICOZ21194780811601,2025-01-08 10:56:15,Colombia,Perú,3611.17,3865.49,8899.3,3532.08,22.23,16.49,248.8
2071,462,Exchange,Brian Jones,CC,56008775,GB60BGFE57674133653233,2024-11-05 08:43:50,Perú,Argentina,6339.6,695.61,9569.05,4114.27,5.89,19.02,63.39
2072,612,Remesa,Mr. Jeremy Arnold,RUT,39644310,GB81XGMQ20412146495589,2024-07-13 05:35:33,Argentina,Argentina,7242.56,1463.66,7942.03,2376.85,25.41,12.55,24.81
2073,515,Exchange,Grace Thompson,CPF,96525657,GB89QYOF60967134710171,2024-12-07 13:31:16,Perú,Argentina,5848.88,3295.04,2551.56,480.46,8.45,9.07,417.88
2074,967,P2P,Robert Jordan,CC,76750583,GB69EMNO37673503057620,2024-06-22 05:02:54,Argentina,México,8934.09,4347.99,1416.12,1401.32,11.79,20.18,209.26
2075,730,P2P,Carrie Green,CC,15940694,GB62RPMI25787714678825,2024-03-10 07:11:11,Chile,México,3948.22,2266.48,9289.71,353.41,24.82,6.68,325.42
2076,132,P2P,Dana Stewart,DNI,56077556,GB73RGQF09598040060877,2024-11-09 08:02:25,Colombia,México,3072.53,777.92,6084.35,3213.08,37.26,21.39,412.03
2077,595,P2P,Matthew Butler,DNI,23837162,GB49IXOK13364454571087,2024-06-20 14:01:08,Colombia,Argentina,5928.94,686.18,4002.35,1252.61,27.52,2.61,44.57
2078,944,Remesa,James Figueroa,CC,56573047,GB79UTDS56699743381908,2024-02-18 08:48:12,Argentina,Argentina,1133.93,2719.34,6655.09,2048.71,1.09,10.3,177.38
2079,995,Remesa,Anthony Pruitt,CC,83512532,GB98OWWU72945742543782,2025-01-19 12:00:37,Chile,Colombia,2270.39,1514.32,9888.92,1769.45,2.17,22.09,321.81
2080,379,Remesa,Julia Perez,DNI,69700689,GB22UQUW37794847892014,2025-01-12 09:19:35,Colombia,Colombia,320.61,4966.43,3576.15,3156.11,7.18,24.26,28.08
2081,56,Tarjeta,Donald Miller,CPF,29280114,GB41HZXC89591083443488,2024-07-19 18:59:18,Argentina,Chile,7596.4,3417.7,8967.1,1542.63,43.22,14.47,114.62
2082,221,Remesa,Tracy Hanson,RUT,40539963,GB75BPLJ05589712679115,2024-02-15 08:07:59,Chile,Chile,9609.96,3319.82,7855.55,4752.45,22.34,15.7,16.91
2083,624,Tarjeta,Christopher Johnson,CC,30520897,GB34QOMR13773075145704,2024-11-08 19:05:14,Argentina,México,6715.05,2402.97,2481.17,4993.45,45.62,23.85,358.18
2084,748,Tarjeta,Kimberly Stewart,CC,47897290,GB26WINI21152906593358,2024-06-21 01:52:52,Perú,Chile,4809.29,4686.83,6032.44,491.82,40.54,15.33,23.11
2085,22,Tarjeta,Maria Keller,CC,54332461,GB61QGGQ72617465526470,2024-05-15 04:01:34,Chile,Colombia,1234.72,348.04,5805.84,3520.01,21.66,14.7,26.78
2086,813,P2P,John Green,CC,14634161,GB23EJUB13821455417177,2024-06-24 09:01:04,Chile,Colombia,2513.42,3771.44,5546.17,838.91,11.52,23.98,286.38
2087,253,Tarjeta,Nathan Marsh,DNI,99638341,GB66YXJZ62938332617580,2024-12-30 10:34:45,Colombia,Chile,7449.01,1251.61,918.2,2402.65,4.94,23.92,133.13
2088,95,P2P,Benjamin Guzman,RUT,82892082,GB54HTAC02919334847377,2024-07-18 09:24:24,Perú,Colombia,4568.21,1912.51,2239.79,328.06,28.93,12.23,202.88
2089,844,Tarjeta,Theresa Dawson,DNI,35073670,GB28LDUG50513172186243,2024-05-26 01:04:47,Colombia,México,8933.4,2406.76,8574.01,3478.75,45.96,0.12,424.83
2090,232,P2P,Matthew Santos,RUT,71043457,GB29DUXK89182206026347,2024-03-10 15:16:00,México,Chile,230.09,1485.37,8018.02,551.89,37.68,6.32,211.58
2091,423,Exchange,Sarah Smith,RUT,58744091,GB31TMXH04786709551666,2025-01-20 22:09:41,Perú,Argentina,4774.79,871.47,5744.86,429.84,42.16,2.69,276.46
2092,968,Remesa,Christopher Norton,CC,90431647,GB75NZGB15240199501152,2024-04-14 16:19:26,México,México,1491.04,2284.62,9067.75,1465.05,46.62,5.3,420.0
2093,633,P2P,Damon Best,RUT,69318127,GB78HPDC95936302336896,2024-06-24 00:22:36,Colombia,México,6042.06,1215.56,9103.05,193.91,36.56,3.81,378.88
2094,940,P2P,Kerri Anderson,RUT,42329929,GB18ETKP53680416174595,2024-08-31 03:59:49,Colombia,Perú,4461.9,837.91,2971.17,1933.94,19.7,21.88,469.65
2095,55,P2P,Samantha Jones,CPF,45585480,GB41VXRI11157809473180,2024-12-27 08:18:35,Argentina,Chile,8805.86,3506.64,930.99,4703.93,15.83,6.36,33.93
2096,419,Tarjeta,Mr. Steven Jordan DDS,CPF,39682858,GB22DRFM38698064962340,2024-06-13 01:56:01,Colombia,Perú,6331.11,192.15,1054.2,4058.5,16.35,5.73,42.17
2097,492,Exchange,Benjamin Jones,CC,97073562,GB81IAKH30763932602000,2024-05-18 16:50:47,Colombia,Chile,4181.18,2396.58,4402.23,2096.09,9.73,9.51,498.57
2098,897,P2P,Michele Williams,CPF,60215342,GB44KXSV39791662590864,2024-12-03 13:36:32,Colombia,Chile,3194.63,2897.24,5753.9,291.12,21.68,6.04,197.6
2099,257,P2P,Shawn Coleman,CC,84191928,GB41OIVF08163546052468,2024-08-24 15:06:21,México,Argentina,5174.87,4503.0,7686.5,667.54,36.77,6.17,50.8
2100,719,P2P,Frank Boyle,CPF,89013211,GB76IAWE61900266591551,2024-04-06 12:02:09,Chile,Colombia,2096.69,3715.35,2348.03,4279.34,17.6,24.4,275.03
2101,350,P2P,John Davies,RUT,22066076,GB46WRBZ98120724613398,2024-06-26 11:07:14,Argentina,Chile,8639.97,2870.49,6075.15,3514.59,48.15,2.13,446.84
2102,613,Remesa,Diane Martinez,DNI,58921487,GB26NHVS11660063322326,2024-07-29 18:42:03,México,Chile,5445.55,2266.79,2666.87,63.93,34.02,5.92,217.71
2103,656,Exchange,Tara Rose,CPF,98708106,GB88DXKJ86360926805150,2024-07-04 03:28:40,Colombia,Perú,6356.51,2925.02,5791.41,4025.91,19.45,24.73,239.67
2104,350,P2P,Jennifer Phillips,RUT,51708222,GB94GQTJ59381591207155,2024-09-14 00:20:14,Chile,Argentina,5778.97,2939.53,3331.72,1123.82,16.0,2.76,111.0
2105,435,Remesa,Ricky Perry,DNI,73710474,GB38URQF03768462046054,2024-07-05 06:33:55,Chile,Chile,3589.73,2983.26,7070.85,1656.63,39.2,13.71,94.61
2106,274,Tarjeta,Kenneth Davis,RUT,77848608,GB09MWOU86112299395877,2024-07-16 00:47:28,Chile,Chile,7635.47,466.87,2869.06,1038.64,37.31,13.95,482.17
2107,630,Tarjeta,Laura Collins,RUT,42285154,GB65LDVR58561262233432,2024-10-03 23:59:04,Perú,México,4967.72,2654.41,7946.02,2911.89,18.7,4.65,82.52
2108,741,Remesa,Rodney Peterson,CC,35351939,GB35FYGB13292906566857,2024-10-06 20:34:51,Perú,Argentina,4103.49,2990.88,6989.01,334.27,37.11,12.13,73.46
2109,405,P2P,Douglas Johnson,CC,94277477,GB89MCVM83386231135610,2024-08-27 19:11:52,México,Colombia,6550.62,500.31,5564.94,935.98,21.29,24.42,200.09
2110,615,P2P,Michael Martin,DNI,21129109,GB57NLTH51802410088157,2025-01-08 14:42:37,Chile,México,9922.07,4338.77,6906.29,2380.69,11.88,19.72,141.27
2111,796,Exchange,Amber Hoffman,CPF,45885409,GB13GTKN02717052421475,2024-10-12 16:38:41,Perú,Argentina,2930.87,1051.3,2758.73,354.13,45.81,5.94,350.56
2112,582,Remesa,Mrs. Cheryl Lozano,CC,32878010,GB90EINU55593914971928,2024-04-28 08:47:27,Argentina,Colombia,3839.6,1955.8,3478.18,3696.46,12.54,3.27,389.3
2113,55,Exchange,Michelle Ruiz,CPF,28160306,GB41NUHX88099069224141,2024-12-31 17:24:39,México,Colombia,8738.67,276.63,1904.32,2116.8,2.29,8.57,67.87
2114,247,Exchange,Sarah Wolfe,CC,21580871,GB16IDQO20105428268779,2024-11-19 21:35:22,México,Chile,2560.9,2993.97,6740.24,4258.33,33.31,3.72,28.41
2115,659,Remesa,Michele Kelly,CC,23289030,GB91JELB91466655396857,2024-12-17 20:38:55,México,Chile,7761.5,283.92,4642.97,3267.02,12.99,20.21,416.75
2116,28,Tarjeta,Thomas Burns,DNI,56628184,GB55JZIN99782990137832,2024-08-27 14:36:07,Chile,Argentina,9541.62,4828.51,9091.64,2965.07,31.76,24.68,385.06
2117,298,Exchange,Brandon Holland,CPF,99679310,GB83AUCN25004805376873,2024-07-28 20:33:34,Chile,Perú,1765.9,1887.95,7566.54,4771.44,9.79,8.96,223.99
2118,162,P2P,Paula Bowen,CC,33700784,GB85KZRQ99659158556192,2024-08-18 06:29:18,México,Chile,3228.63,1425.9,5506.07,2698.56,30.49,22.82,185.83
2119,543,P2P,Rachel Powers,CPF,90080453,GB13YPQN91646709190947,2024-06-25 05:36:09,Chile,Argentina,3418.65,4023.63,8523.26,1243.63,8.46,16.85,184.85
2120,470,Exchange,Cynthia Thomas,CC,55391930,GB35BYZW49677204691045,2024-02-27 20:22:39,Perú,Colombia,1046.35,691.23,3143.36,3847.21,3.23,7.27,297.61
2121,301,Remesa,Bobby Brown,CPF,62920469,GB15EHND62763549297635,2024-10-13 21:24:50,Perú,Chile,829.24,3443.1,7888.08,4507.17,21.77,0.89,51.31
2122,867,Tarjeta,Jacob Mahoney,DNI,17801166,GB76CUPS66405931139707,2024-09-06 04:41:41,Colombia,Colombia,1619.43,4405.79,411.22,2924.57,16.57,6.25,172.13
2123,512,P2P,Natalie Gill,RUT,40809485,GB20AUHV90550335906208,2024-03-23 10:52:16,Argentina,Perú,9059.03,4282.99,3980.34,4247.77,24.98,24.14,204.85
2124,35,P2P,Ethan Miller,CPF,22648942,GB12ZJRH06691558383943,2024-03-03 05:07:33,Argentina,Colombia,5374.57,3269.82,2093.6,2195.98,40.79,8.58,15.9
2125,299,Remesa,Melissa Powell,CC,76738821,GB40OPCZ23640208870385,2025-01-10 16:24:38,Chile,Argentina,7867.89,2051.87,3345.21,4571.81,40.7,5.71,378.6
2126,480,Exchange,Monique Garcia,DNI,81276822,GB64IKJT16992644993509,2024-12-11 02:50:10,México,Argentina,2905.73,2310.79,3779.89,3938.66,31.61,13.16,441.69
2127,116,Exchange,Tracy Clark,CC,41408934,GB98IXIJ16086966445149,2024-02-06 04:10:52,Perú,Colombia,1040.17,2531.01,9529.96,4686.93,25.02,2.97,353.09
2128,458,Tarjeta,Vickie Atkinson,RUT,29427217,GB03UWPS88842433274175,2024-12-31 01:18:43,Colombia,Colombia,6641.36,2052.52,7847.82,4006.21,7.45,4.53,314.67
2129,453,Remesa,Angela Sanders,CC,12523247,GB71LYDF78493025479829,2024-12-26 14:58:12,Argentina,Perú,5585.89,2785.43,3623.7,1149.39,48.92,2.81,362.85
2130,153,Tarjeta,Leah Wagner,DNI,59565130,GB90HRFL17038199803891,2024-12-05 13:48:37,Perú,México,7473.72,217.68,5756.73,2142.5,28.58,0.98,94.77
2131,189,Remesa,Anthony Reyes,CPF,62885131,GB93PUFN57486836112826,2024-08-26 12:35:30,Perú,Chile,1513.58,3112.91,2884.83,3401.86,24.26,0.65,300.71
2132,411,P2P,Pam Mccarthy,CC,62151045,GB71NXKY93577371921089,2024-05-13 21:03:40,Chile,Chile,7949.04,3748.77,2210.02,4134.03,29.76,22.7,248.09
2133,995,Tarjeta,Luke Brooks,DNI,85655248,GB40WUVC87108579075085,2024-03-16 07:13:59,Argentina,Chile,2312.44,397.0,879.13,2193.21,4.95,4.78,131.55
2134,463,Remesa,Derek Barnes,CPF,94118733,GB33CWGJ82376786221196,2024-02-10 05:49:08,Colombia,Perú,7287.6,4519.68,2787.28,2045.81,24.27,14.78,358.58
2135,589,Remesa,Alicia Terry,DNI,88386230,GB71CSWX90753731029115,2024-03-05 14:14:10,Colombia,Perú,2578.0,3010.18,9610.74,2897.7,43.68,19.61,465.84
2136,122,Exchange,Gloria Cochran,RUT,87253904,GB10YLNV49704595445458,2024-10-30 00:22:47,Chile,México,1825.82,4174.06,9651.02,2708.1,17.13,2.67,276.51
2137,326,Tarjeta,Allen Bates,CPF,41713270,GB69HLFC28666981757414,2024-02-19 02:26:01,Colombia,Argentina,8496.84,292.85,7736.63,4426.2,31.94,1.95,311.88
2138,655,Tarjeta,Brenda Lopez,CC,45919217,GB62IVME92502594338279,2024-11-05 23:53:04,Argentina,Colombia,4752.84,3715.55,4185.25,1966.23,29.04,17.36,402.26
2139,400,P2P,Meredith Phillips,DNI,84923749,GB40FHUY98201402456037,2024-08-06 08:07:17,México,Perú,1332.77,629.71,8306.25,3140.07,21.42,21.29,292.04
2140,471,Remesa,Ronald Werner,DNI,68801421,GB82LCUL28599107110918,2024-08-04 21:44:52,Argentina,México,2665.43,1080.86,3960.03,1414.22,30.05,17.67,250.36
2141,38,Tarjeta,Edward Snow,DNI,94960481,GB74XCHC09354722066120,2024-07-07 16:17:08,Chile,Chile,6250.44,1558.44,1170.55,4198.71,36.26,2.37,154.33
2142,289,P2P,Ryan Rice,CPF,40106267,GB26FGPA32177240763949,2024-02-24 14:40:43,Argentina,México,1106.05,4075.81,9078.51,3907.31,37.37,6.9,164.46
2143,914,P2P,Deborah Payne,RUT,30825302,GB20ZLUL36023281117034,2024-11-19 05:37:14,Perú,Perú,1123.32,1068.01,865.56,3408.19,9.39,22.05,107.43
2144,365,Tarjeta,David Williams,CPF,65862114,GB26VBCN98809441578801,2024-12-23 16:41:33,México,Argentina,4867.81,2009.21,9051.1,361.88,40.53,24.1,149.62
2145,50,Tarjeta,Heidi Norman PhD,CC,13795044,GB32DRAI85413977403238,2024-09-26 03:52:46,Perú,Argentina,3731.46,3098.7,5823.82,4862.08,9.08,3.26,415.71
2146,542,Remesa,Megan Powell,CC,85567067,GB77SCCL63815198425400,2024-03-22 03:22:24,Chile,Colombia,1377.77,3442.62,5793.23,1408.89,32.78,15.77,114.15
2147,310,Remesa,David Black,CPF,37109127,GB44MXBA84481862630016,2024-02-11 20:12:15,Argentina,México,2334.95,570.16,4562.37,1598.67,39.45,20.88,22.02
2148,843,Exchange,Hannah Avila,RUT,90860090,GB33BCFP24991589108349,2024-04-11 02:31:00,Chile,Colombia,7720.5,2846.67,3172.28,2676.99,12.53,15.66,391.11
2149,844,Tarjeta,Michelle Alexander,RUT,79440473,GB69KPII45447125509884,2024-06-18 20:55:48,Perú,Perú,2317.44,1610.34,9190.68,4495.64,41.77,14.64,370.42
2150,306,Tarjeta,Diana Price,DNI,81428998,GB29VFOK81991354386831,2025-01-10 02:07:57,Argentina,México,3021.9,2406.57,6794.49,871.72,5.84,3.0,118.65
2151,620,Exchange,Nathan Castillo,RUT,31560131,GB02MHNB24810591335068,2024-02-06 21:14:07,Perú,México,1126.68,391.56,6056.92,2973.02,40.86,18.84,209.99
2152,238,P2P,Raymond Harris,RUT,72701975,GB65JYYI24494086806046,2024-06-05 20:44:15,Colombia,Argentina,9900.15,385.95,9972.78,424.85,36.53,22.69,403.77
2153,517,Tarjeta,Gina Solis,CPF,97274891,GB09APUX50611564176644,2024-01-26 05:51:22,Argentina,Chile,5555.98,3841.13,1080.95,2283.99,18.28,7.86,457.78
2154,9,Tarjeta,Joseph Sutton,CPF,46388246,GB74ASXQ28355855085286,2024-08-02 01:00:47,Argentina,Chile,4554.17,1570.79,2577.04,282.27,19.1,10.21,479.44
2155,275,Remesa,Arthur Murphy Jr.,DNI,56056444,GB75SDFY11150810884208,2024-02-26 12:41:37,México,Chile,4144.8,2278.72,4522.18,3329.02,10.32,17.64,209.73
2156,274,Remesa,Diana Lyons,CPF,73482250,GB29JAIT81556229509517,2024-04-15 08:21:11,México,Colombia,1583.95,4929.6,7975.76,4497.51,27.57,22.25,381.51
2157,274,Tarjeta,Emily Gutierrez,DNI,84830403,GB10MGYJ88677873070565,2024-04-29 09:30:31,Chile,Colombia,4191.43,4278.76,8959.11,3693.93,48.28,10.8,256.56
2158,165,P2P,Kim Barnett,CPF,56020574,GB29TLGS99861030120878,2024-10-18 05:35:26,México,Perú,9660.43,4751.17,3639.21,4666.61,26.54,2.29,481.65
2159,288,P2P,Jessica Mckenzie,RUT,39282670,GB56QYQC49501112177798,2024-05-19 03:03:57,Chile,Perú,5591.12,710.84,8399.38,1271.89,22.09,23.62,228.95
2160,691,Remesa,Kevin Lynch,CC,83601309,GB60QOOM69226200438033,2024-04-03 07:49:09,Perú,México,9812.88,1839.88,7292.97,617.41,10.99,19.92,100.83
2161,610,P2P,Deborah Smith,RUT,20181455,GB10YPOB71394279180735,2025-01-07 14:27:31,Chile,Colombia,9237.1,1290.62,8772.14,3584.38,45.57,7.38,295.37
2162,793,Tarjeta,Marc Goodman,RUT,47502390,GB19NEKZ66481470782626,2024-12-29 17:52:30,Perú,Colombia,9685.07,422.22,1082.75,2357.78,18.78,8.85,339.78
2163,267,Tarjeta,Kristin Jones,CPF,84992243,GB50PLTW20955712103181,2024-04-25 07:00:27,Colombia,Colombia,843.9,1198.2,2871.69,4508.09,5.22,16.43,258.98
2164,750,Remesa,Paula Hood,DNI,84503037,GB18MZZP67437756584440,2024-03-04 04:50:18,México,México,3792.9,1190.0,1684.54,1520.32,42.98,24.22,106.74
2165,577,P2P,Brandi Cook,DNI,46753145,GB96XVOA21052232974444,2024-04-01 23:03:58,Chile,Perú,7497.75,4071.45,5184.88,2967.62,31.39,17.88,405.09
2166,118,P2P,Ashley Pierce,RUT,37777812,GB44QHKD11217539851210,2024-08-05 01:31:42,Perú,México,1591.28,1580.71,136.64,4305.27,30.13,7.45,410.86
2167,632,Tarjeta,Jonathan Hester,RUT,27412617,GB17RCQS87484263895527,2024-03-27 02:46:20,México,Chile,2565.99,1041.19,6362.41,2510.82,49.88,23.42,149.85
2168,785,Tarjeta,Jason Roberts,CPF,23958425,GB84HBOY16990731819089,2024-10-21 15:02:55,Perú,Perú,9414.94,4740.45,2589.67,1486.04,27.38,13.85,414.61
2169,979,Exchange,Jodi Steele,DNI,17114697,GB37WUAR08567726688484,2024-06-14 13:57:40,México,Perú,5368.71,2582.35,1815.49,688.97,18.36,11.35,231.22
2170,702,Exchange,Pamela Ellis,RUT,19422079,GB07FKFD15646344796835,2024-07-06 02:19:48,México,Perú,6809.37,317.54,4114.33,875.75,30.14,21.87,290.79
2171,920,Exchange,Jennifer Taylor,RUT,61741662,GB25ADZF88294138896460,2024-05-16 12:38:32,Argentina,México,1986.97,3160.6,3943.69,3051.85,2.21,6.86,140.63
2172,315,P2P,Michael Newman,CC,10798835,GB16OQZJ30220864427831,2024-11-12 10:27:52,Argentina,Chile,1589.3,3682.96,5413.9,982.38,46.81,9.47,137.87
2173,565,Remesa,Kimberly Shaffer,CPF,99965260,GB58SZYD93926237719844,2024-03-11 22:25:32,Argentina,Argentina,9093.76,3673.81,8306.07,1774.29,12.46,19.74,107.75
2174,851,Exchange,Joseph Freeman,CPF,21605717,GB80KJVS49410148492831,2024-06-13 03:24:38,México,México,6791.95,882.93,129.73,4515.91,34.75,0.31,436.58
2175,275,Tarjeta,Mallory Wilson,DNI,20350955,GB13CMEO91022240128741,2024-02-09 11:40:20,México,Perú,1102.54,2167.46,6857.63,3959.52,21.53,20.67,63.06
2176,579,P2P,Kevin Porter,CPF,91514260,GB89ZCEQ34854269943381,2024-11-09 12:19:32,Colombia,Chile,9577.81,1294.12,1655.64,724.44,38.29,0.85,343.72
2177,813,Exchange,Krista Richards MD,RUT,81925560,GB14UYET07243568082284,2024-08-30 23:29:09,Chile,Argentina,2302.3,2106.72,6501.18,2046.94,5.74,21.17,372.24
2178,234,Tarjeta,Caleb Garcia Jr.,RUT,16568471,GB92DIFA61302606511475,2024-08-16 23:55:28,Argentina,Argentina,9725.27,4301.77,5514.41,789.63,1.01,0.93,240.64
2179,113,Tarjeta,Victor Santos,RUT,86182428,GB90GEPJ36109098182394,2024-03-05 17:15:30,Colombia,México,9205.65,4445.52,7494.54,4845.68,44.63,3.65,491.62
2180,940,Tarjeta,Sharon Cruz,CPF,13340517,GB80LHRA61980663959415,2024-05-05 07:01:43,Perú,México,557.15,2898.27,1772.23,2527.81,19.77,12.81,56.58
2181,45,P2P,Michele Patterson,CC,12017781,GB45KZXH07027787800765,2024-03-23 20:03:20,Colombia,Argentina,3320.84,1134.04,7296.97,4455.65,45.84,3.94,430.42
2182,676,Exchange,Heather Roberts,CPF,61426130,GB42QUDZ21976665683946,2024-12-24 15:27:14,Colombia,Perú,7851.27,1884.18,3396.67,3380.14,20.11,20.41,33.39
2183,567,Remesa,Randy Hunt,RUT,24984046,GB18SQZC67041231364520,2024-01-24 18:47:56,Chile,México,4413.58,1811.0,9163.46,2383.5,28.7,14.31,65.67
2184,337,Remesa,Timothy Richards,CC,40895136,GB86INLM12313640548462,2024-04-20 01:21:12,Argentina,México,409.33,1374.69,4299.03,3147.43,26.28,0.75,296.15
2185,32,P2P,Chad Cox,RUT,73268335,GB31DDNZ72633850566234,2024-05-06 12:03:03,Argentina,Chile,4503.54,4884.14,851.08,2216.96,34.06,16.85,170.75
2186,938,P2P,Michael Smith,CC,79951204,GB59HFHG50717613753351,2024-02-16 17:43:51,Perú,Perú,4546.31,1974.89,4401.59,3712.01,16.52,0.24,40.33
2187,772,P2P,Russell Carlson MD,CC,34631282,GB42FZDX75697441072370,2024-12-10 11:26:59,Chile,Chile,2430.94,4894.21,2792.34,2087.63,39.99,7.74,151.71
2188,126,Remesa,Catherine Anderson,DNI,31275391,GB64IIID36922534553814,2024-06-01 11:49:07,Chile,Chile,8590.88,4947.37,4745.4,1903.07,24.88,5.2,389.42
2189,950,Exchange,Jeffery Schwartz,CPF,78098123,GB27VJMH54386861070948,2024-02-28 11:23:14,Perú,Perú,1258.63,1940.23,7390.14,4613.25,33.45,23.88,226.88
2190,604,Remesa,Walter Mason,DNI,94912518,GB17HSGG15617465556518,2024-04-03 20:37:43,Argentina,Chile,4541.62,2447.12,5299.69,1793.59,44.52,7.75,158.04
2191,554,Remesa,David Williams,DNI,68123508,GB70AQMJ80083497150627,2024-03-28 06:20:21,Colombia,Argentina,6945.67,750.16,7833.48,238.52,35.69,23.37,388.71
2192,685,Remesa,Kevin Salazar,CC,96510633,GB37TSFM97922171694382,2024-09-22 19:31:52,México,Perú,6790.8,1330.73,5132.68,1514.87,26.96,6.99,73.78
2193,287,Tarjeta,Victoria Herman,CPF,22946730,GB64BZOT65922062729920,2024-07-13 22:52:06,Perú,Argentina,5762.13,2090.74,8369.32,1641.16,16.25,24.65,263.9
2194,569,Remesa,Julia Perez,RUT,13590058,GB91FDYT05645560650494,2024-10-21 01:17:42,Argentina,Argentina,4627.5,4882.94,3944.62,2744.84,12.14,21.06,68.25
2195,774,Exchange,Robert Waters,CC,39291992,GB09ITEZ67558473208129,2024-06-19 23:14:13,México,Colombia,1947.84,3439.5,9129.07,945.77,35.91,24.01,272.39
2196,872,Remesa,Tyler Jackson,RUT,53734557,GB15DQKX17268748796583,2024-01-25 06:31:53,Colombia,Colombia,7660.2,2830.47,8878.08,505.42,5.32,18.46,311.11
2197,192,Tarjeta,Rachel Ryan,CPF,12327845,GB05EPSU95654468620041,2024-02-17 03:12:06,Argentina,Chile,2073.49,2746.02,3605.3,513.82,4.97,17.35,213.23
2198,102,P2P,Kayla Morton,CC,90655628,GB02ZUQW19367421321301,2024-10-01 00:05:50,Chile,Argentina,6078.79,3290.5,8462.59,3084.35,5.54,7.7,261.52
2199,47,Exchange,Debra Walker,RUT,51725042,GB58QQKD28536907610954,2024-11-03 04:47:04,Perú,Argentina,9608.13,751.8,5573.93,628.72,48.74,20.37,380.45
2200,531,Tarjeta,Ashley Miller,RUT,45238960,GB51NAYM87897065776416,2024-12-29 03:35:05,México,México,181.84,141.86,8861.6,1601.04,10.88,6.54,385.61
2201,165,Tarjeta,Jacqueline Schmidt,CPF,72658309,GB87REET10722144593342,2024-10-15 11:56:23,Colombia,Argentina,7089.34,4884.37,4731.67,2029.1,32.18,24.93,76.31
2202,192,Tarjeta,Sandra Shields,CC,15796658,GB81GSPO85588519178975,2024-05-20 03:20:14,Argentina,Chile,4824.34,3364.58,6057.17,2956.25,46.71,16.72,497.77
2203,785,Remesa,Kevin Khan,CC,46585868,GB62ATGP63186818821828,2024-06-30 14:59:41,Chile,México,1513.8,1724.37,4734.8,2412.57,30.83,1.93,431.66
2204,138,P2P,Kristi Perez,RUT,96838236,GB51RAJS63541583930575,2024-05-17 05:22:04,México,Perú,2241.93,3286.84,6161.21,2958.16,38.68,3.3,27.69
2205,718,Remesa,Bradley Carroll,CC,18360759,GB89URQN34503821196709,2024-02-16 07:21:18,Colombia,Chile,1166.37,2399.77,6137.41,2144.48,49.1,14.34,46.51
2206,666,Exchange,Jennifer White,CPF,96913225,GB37LQBA28510504649690,2024-06-09 04:22:52,Chile,Perú,6842.69,4407.67,5868.16,819.15,6.8,6.61,469.73
2207,659,Tarjeta,Sarah Pratt,RUT,11567354,GB69VUSC31623375579041,2025-01-15 03:04:58,Chile,México,4582.79,3893.33,5058.91,4077.37,7.15,13.13,100.51
2208,611,Remesa,Sandra Matthews,CC,27414806,GB66ONWP65694790066072,2024-11-21 04:50:12,Argentina,Argentina,1843.47,3981.03,7935.55,1993.47,38.67,7.54,124.35
2209,24,P2P,Mary Davis DVM,DNI,69979210,GB67WCDS89356784814734,2024-08-31 00:45:40,Colombia,México,2090.86,2015.16,2739.57,1813.72,40.72,2.73,266.59
2210,345,P2P,Meredith Mack,RUT,15679938,GB84AEPI01185094518954,2024-04-06 11:31:14,Perú,Argentina,9352.19,636.69,3231.8,2302.43,32.93,10.32,142.2
2211,520,Tarjeta,Jessica Hess,CPF,33950049,GB31DLMW79090508941513,2024-10-10 04:01:45,Perú,México,3565.79,4941.95,5415.43,4321.18,47.94,10.93,63.94
2212,442,Exchange,Lonnie Jenkins,CC,22389494,GB85FIFP50551878732371,2024-12-19 22:03:35,Chile,Chile,1189.22,1949.38,2890.21,1983.12,26.83,10.0,335.14
2213,839,P2P,Brian Atkins,DNI,60197808,GB33BWNH82282791058520,2024-07-26 16:39:49,Perú,Argentina,3676.58,2177.92,4007.74,3598.78,45.02,17.1,57.95
2214,394,P2P,Melinda Barrett,RUT,45800999,GB18LJSJ38416375166617,2024-02-16 06:17:23,México,Argentina,7888.46,3123.64,225.18,1312.44,18.92,20.7,409.13
2215,579,Tarjeta,David Hall,CC,23211820,GB21JXGF25634000533144,2024-10-01 01:11:30,México,México,8943.83,2515.94,1593.03,366.59,20.94,24.54,118.23
2216,250,Remesa,Roberta Sandoval,RUT,81618819,GB12SQGT89437495911827,2024-07-24 19:05:31,Colombia,Colombia,426.15,1739.22,4334.67,1238.98,14.8,22.08,495.91
2217,939,Exchange,William Harvey,CPF,68838278,GB79CHQK46708666639060,2024-11-05 04:07:35,México,Chile,7191.85,3203.78,815.0,900.15,0.92,4.68,183.84
2218,538,Remesa,Zachary Smith,DNI,71004379,GB84ELGI43963641758807,2024-02-09 16:15:01,Perú,Argentina,357.82,3165.39,2786.09,4766.91,40.35,13.87,180.16
2219,465,Exchange,Reginald Johnson,CC,22119285,GB47QGDR92701548837851,2024-10-30 13:33:04,Argentina,Colombia,2037.29,2733.07,2080.77,4772.28,42.06,12.92,449.43
2220,889,P2P,Barbara Jones,RUT,27241011,GB93XKKM58844509179904,2024-03-20 01:21:48,Colombia,Colombia,356.45,3892.53,544.11,1690.18,49.24,10.21,410.53
2221,907,Tarjeta,Vincent Ramirez,RUT,94347636,GB24ESDL21635871470065,2024-11-22 20:40:24,México,Argentina,232.28,334.69,6722.5,4278.35,10.92,20.41,145.92
2222,601,P2P,Tyler Davis,RUT,76293160,GB09BNXU58077569462742,2024-08-02 23:07:41,Chile,Perú,3322.08,4317.9,4006.57,2605.85,5.7,18.2,181.63
2223,690,Remesa,Tony Poole,CC,29356759,GB95JWUY20844407226773,2024-05-02 00:47:39,Perú,México,1332.66,3775.77,952.59,4868.87,40.41,20.42,147.88
2224,932,P2P,Joyce Johnson,CPF,49050794,GB20WHGY53195944421146,2024-11-29 06:55:26,Colombia,Perú,5315.7,2098.18,7469.96,190.25,46.56,23.8,249.95
2225,507,Remesa,Jeremy Johnson,CPF,94550535,GB04YWAS10720132916329,2024-04-23 07:24:42,Perú,Perú,4126.6,4750.11,1568.55,626.15,15.8,6.51,73.44
2226,261,Tarjeta,Alicia Perez,RUT,79765100,GB35AZBS09852536888559,2024-09-20 16:20:41,Colombia,Perú,5852.49,3896.34,1367.5,3351.17,4.83,16.9,324.01
2227,621,Tarjeta,Justin Baker,CPF,26683312,GB48KJZU85015887179277,2024-01-23 14:09:09,Argentina,Argentina,7406.62,2828.7,3665.77,2880.68,6.0,6.97,147.12
2228,91,Remesa,Matthew Hinton,CPF,75076800,GB53PAGB90607462229068,2024-04-02 13:57:42,Chile,Argentina,3568.5,641.23,9298.42,2193.58,44.32,11.66,293.54
2229,496,Exchange,Sherry Cook,CPF,85510169,GB93IKPZ76472148926279,2024-03-30 02:49:24,Perú,Perú,2419.79,1122.19,1439.18,808.49,18.86,1.01,286.09
2230,744,P2P,Kathryn Mitchell,CC,41914458,GB77LDEJ74218014166698,2024-02-15 12:54:25,México,Colombia,4713.96,4215.36,4480.34,2538.14,49.79,23.32,221.2
2231,266,P2P,Abigail Andrews,CC,47080459,GB76GOKC14413732388689,2024-08-25 07:11:41,Chile,Perú,5148.4,3433.28,8331.8,3957.55,1.19,6.06,18.63
2232,403,Remesa,Dana Bell,CPF,17245599,GB09XPRQ81499388544730,2025-01-08 05:41:12,Argentina,Perú,7992.2,4225.2,9699.06,749.35,30.31,16.06,469.41
2233,243,Remesa,James Howell,DNI,30873614,GB95LUEJ30744861441461,2024-12-03 18:47:28,México,Perú,7873.99,4570.44,9913.31,3627.07,24.04,14.91,59.26
2234,818,P2P,Tamara Carter,RUT,69076492,GB83SGLK79982523047853,2024-09-22 16:55:01,Argentina,Perú,9398.1,3270.83,911.16,3769.83,22.42,12.48,96.55
2235,1000,Remesa,Amanda Ross,RUT,12114650,GB61FQKO87756179269109,2024-11-11 14:28:27,Argentina,Colombia,5935.55,962.13,7954.23,270.35,29.01,19.53,290.37
2236,614,Exchange,Amanda Taylor,CPF,98883061,GB87JUOU07032962342899,2024-03-17 18:13:10,Chile,México,5292.38,2092.64,6434.88,4021.66,29.79,12.1,237.84
2237,338,Tarjeta,Katie Hale,RUT,93811542,GB59PZLG59267670860565,2024-11-26 06:35:33,Chile,Argentina,9421.24,4449.28,2462.45,2005.67,41.56,6.47,189.35
2238,113,Exchange,John King,CPF,55879326,GB38GRLW56168271062408,2024-09-05 15:39:47,Colombia,Perú,193.65,4809.5,5802.6,2921.17,31.48,0.21,280.2
2239,721,Tarjeta,Mary Lopez,DNI,92117780,GB31HVOL39501344440969,2024-11-10 07:51:11,Colombia,México,7729.27,3557.51,8056.98,3348.3,17.92,15.66,442.74
2240,172,P2P,Sean Macdonald,CPF,90694146,GB63IHAC88211068031264,2024-12-27 14:14:57,Perú,Argentina,6855.09,1441.42,8844.56,4330.04,22.21,24.74,465.12
2241,970,Exchange,Jeffrey Mckenzie,CC,73626922,GB67LRYR96934625993766,2024-01-23 11:11:58,Colombia,Perú,7431.67,1794.97,8272.69,906.82,15.82,20.56,255.91
2242,723,Exchange,Stacy Moore,RUT,44222808,GB21VZDQ61973164104308,2024-02-07 00:39:33,Argentina,Perú,8893.42,4918.04,8696.39,342.48,37.71,10.31,21.19
2243,530,Remesa,Joshua Ramos,RUT,25296928,GB26FBON17915517514763,2024-05-30 14:28:33,México,Argentina,4649.07,4546.43,2650.74,1510.73,14.01,19.62,204.66
2244,87,P2P,Darlene Jones,RUT,88067392,GB33PZEG12482003176116,2024-09-26 10:41:04,México,Colombia,9094.18,875.62,9832.99,1523.38,15.99,13.84,137.53
2245,640,Remesa,Danny Li,CC,75936717,GB69JOYX04028152862162,2024-02-24 02:19:33,Chile,Perú,8489.58,4184.72,2589.75,1864.58,3.89,8.68,345.83
2246,445,P2P,Tamara Bradford,CC,67865101,GB90KTDW53956593166036,2024-12-11 15:38:55,Argentina,Argentina,7945.53,2967.07,2007.27,4684.12,23.46,0.38,302.11
2247,617,Exchange,Jesse Lozano,CC,99621644,GB83VVVI37128072526180,2024-07-17 02:06:22,Perú,Perú,9176.22,189.8,6409.5,3458.39,23.57,1.47,444.31
2248,68,Remesa,Terry Farley,DNI,24128140,GB39MJJQ13253258251091,2024-10-04 14:53:38,Perú,Perú,7924.38,4172.19,2372.5,535.71,30.74,20.32,35.12
2249,825,P2P,Shannon Ford,CPF,27027073,GB14UEZT51929837461643,2024-11-03 12:25:18,México,Colombia,6980.4,1460.73,8898.16,4670.88,31.44,5.56,499.0
2250,812,P2P,Alan Murphy,DNI,90857763,GB58JHUS07588334110340,2024-12-05 19:38:29,Colombia,Chile,4430.75,1915.5,5108.77,1311.88,18.72,10.4,270.87
2251,732,Remesa,Jill Lewis,DNI,20974567,GB77IAGX85248879658015,2024-07-30 20:45:55,Perú,Colombia,8944.56,4116.73,2406.64,4716.86,15.56,9.43,122.38
2252,432,Tarjeta,Brandon Contreras,CPF,46314929,GB59YZML42585677517011,2024-06-11 13:28:34,México,Argentina,9003.38,1501.07,7922.34,2498.96,29.6,17.02,346.52
2253,625,P2P,Morgan Sims,CC,77987733,GB13WNJI96944819460888,2024-02-09 12:23:50,Perú,Argentina,5329.77,3360.8,2357.13,1676.13,25.2,10.11,262.61
2254,156,P2P,Beverly Dudley,RUT,34699789,GB50DZTN18993736940498,2024-06-12 11:17:38,Colombia,México,4841.22,940.79,1971.74,1902.98,46.79,18.31,413.4
2255,655,Remesa,Lori Mitchell,CPF,15180451,GB39VWNI06978741504179,2024-08-14 00:21:47,México,Chile,3340.02,531.14,4121.49,1446.34,9.87,20.38,353.71
2256,149,Remesa,Scott Moreno,RUT,55049334,GB65JCXP60551453891048,2024-12-26 08:41:39,Argentina,Colombia,5534.84,3123.11,8582.14,3166.0,23.89,14.22,331.85
2257,92,Exchange,Donald Ross,DNI,53523159,GB84XDSD57560167661621,2024-11-03 19:26:29,Argentina,Chile,6168.0,4525.88,3467.44,2091.95,30.42,12.1,322.7
2258,60,Exchange,Jennifer Stokes,CC,82287941,GB20ZVEC81019832468252,2024-07-13 01:24:28,Argentina,Colombia,9446.96,4584.56,9491.1,4785.87,25.42,14.64,91.94
2259,210,P2P,Michael Cruz,DNI,92629022,GB28QWPU72216731693797,2024-08-12 10:25:25,Colombia,Perú,9208.38,3425.64,810.88,3605.75,17.72,5.84,170.2
2260,834,Remesa,Christine Marsh,RUT,89834236,GB75FUYP91639555511563,2024-07-28 17:59:47,Perú,Argentina,7803.41,1962.7,4572.97,4303.81,49.85,7.36,396.05
2261,889,Tarjeta,Theresa Farmer,DNI,56981135,GB44CAPK61143190738132,2024-05-22 12:18:06,México,México,9353.54,745.65,6110.06,1194.16,31.09,24.43,225.21
2262,463,Tarjeta,Patrick Johnson,RUT,96231590,GB44WITD40012723945155,2024-12-26 12:34:32,Chile,Argentina,4248.68,3440.55,9578.93,1098.99,30.32,3.9,457.5
2263,589,Remesa,Jason Campbell,DNI,67038544,GB77POYM43845267142182,2024-09-16 02:11:09,Colombia,Colombia,7229.82,1929.92,3346.48,2889.19,8.78,2.42,276.1
2264,720,P2P,Gilbert Simmons,DNI,35126053,GB55KYLA04782026585841,2024-08-05 15:04:26,Chile,México,1784.18,3457.7,3447.54,748.24,44.9,13.19,158.79
2265,944,Tarjeta,Sarah Wells,RUT,49160159,GB14PBRB89402949042644,2024-02-10 08:03:21,Chile,México,9457.05,463.4,2783.24,3476.67,9.42,6.67,170.2
2266,839,Tarjeta,Benjamin Edwards,CC,48333524,GB81HYIR34516022599125,2024-02-08 22:12:22,Chile,Perú,3862.62,3111.88,3797.74,1873.19,4.32,5.65,359.7
2267,660,P2P,Robert Rogers,CC,57785564,GB78SPQP96211171114221,2024-04-25 11:42:27,Perú,Colombia,1189.77,1758.26,2707.74,3350.9,9.83,1.82,61.44
2268,238,Remesa,Brandy Owens,RUT,86134963,GB80WYRC53738759744391,2024-04-23 16:09:36,Colombia,Argentina,2092.53,3911.74,1315.03,590.7,42.46,12.89,201.0
2269,273,Tarjeta,Adam Hawkins,DNI,27199348,GB37REMI21030251784265,2024-10-16 11:00:48,Colombia,México,6466.05,2920.22,4327.13,453.11,19.41,7.37,62.55
2270,122,Remesa,Timothy Joseph,RUT,92358614,GB04YKWA83054020469040,2024-04-10 21:23:32,Colombia,México,5142.88,3497.35,2501.69,3179.61,38.33,3.56,492.89
2271,934,Exchange,Melanie Williams,DNI,53410312,GB27HABW03560612102011,2024-07-07 12:29:02,Chile,México,3080.76,4124.19,7022.18,4197.88,46.44,9.14,60.65
2272,416,Tarjeta,Leslie Marshall,RUT,25612173,GB43GIXP52989845664390,2024-06-14 15:33:27,Chile,Argentina,9825.64,1132.46,6822.04,1635.39,21.66,17.92,260.41
2273,403,P2P,William Morse,RUT,66406861,GB48WXCI03344060475954,2024-03-06 05:03:26,Colombia,Perú,6619.45,3001.61,6948.17,1150.17,37.03,1.12,84.17
2274,841,Exchange,Willie Walker,DNI,11068141,GB35MDSE62865346097034,2024-01-28 23:08:09,Chile,Argentina,6283.57,529.59,1305.12,1744.38,44.66,5.98,166.45
2275,539,Tarjeta,Rachel Evans,CC,64662280,GB88ZNFB43212147856954,2024-09-20 12:20:47,Argentina,Argentina,6181.81,3279.98,4294.34,4256.86,23.28,6.31,312.07
2276,225,Exchange,Amanda Hinton,DNI,96819141,GB36PJZM71250028398961,2024-10-05 20:19:29,Colombia,Chile,5678.56,4741.96,2448.15,3099.13,1.67,10.26,454.26
2277,745,P2P,Mrs. Julie Singleton,RUT,34620455,GB76RKRH81217454517188,2024-09-21 11:17:23,Argentina,México,3891.87,3840.55,6686.84,2330.52,44.36,24.8,100.9
2278,895,Remesa,Gabriella Steele,CC,62358783,GB62BGCX45311773304561,2024-04-20 05:03:57,Perú,Chile,4540.99,1251.17,1670.22,1025.38,1.91,1.49,281.27
2279,353,P2P,Scott Castro PhD,RUT,58213579,GB16FZWR28540551704480,2024-11-23 08:12:46,Argentina,Argentina,5451.49,854.23,6865.45,616.19,11.23,11.43,191.99
2280,716,Tarjeta,Natasha Hill,CC,56536646,GB34DVOL09576913646633,2024-03-20 19:02:23,Argentina,México,7737.28,4061.4,5036.09,258.34,11.32,5.12,91.32
2281,117,P2P,Robert Mendez,CC,48886948,GB90EVFL30856804044067,2024-10-17 05:34:07,Colombia,Argentina,5546.01,3865.2,2951.62,2376.5,38.44,11.57,448.39
2282,501,Exchange,Randy Cohen,CPF,18561828,GB95OWDP55654534258611,2024-09-13 18:51:06,Colombia,Colombia,9258.16,1096.84,6122.48,4516.66,40.12,8.45,470.15
2283,6,Tarjeta,Virginia Butler,CC,99572516,GB42PACZ09541551988636,2024-12-24 14:09:22,México,México,7877.31,3286.1,8118.31,1119.83,17.51,17.03,33.14
2284,427,Remesa,Mark Hooper,DNI,99542971,GB20CCYF60297732945738,2025-01-11 22:18:32,Perú,Perú,8645.19,2679.01,7258.02,4233.35,6.44,20.96,191.67
2285,518,Remesa,Joseph Scott,DNI,72955742,GB65JBUH34366295173484,2024-10-30 22:55:14,Argentina,Colombia,4439.34,1869.58,3361.55,998.31,10.22,11.35,352.46
2286,365,P2P,Jaime Miller,CC,77631033,GB42UKID95359924761160,2024-09-23 07:33:22,Chile,México,6918.98,1698.77,9244.42,1989.55,16.41,9.72,70.93
2287,762,Exchange,Erica Smith,DNI,38297903,GB08HDKU12093272870523,2024-08-07 12:49:40,Chile,Chile,4700.68,1083.64,3225.47,1027.82,36.08,19.43,265.94
2288,355,Tarjeta,Kathleen Flores,CC,15082840,GB50IPCO95468384394295,2024-03-17 11:03:37,Perú,Chile,4199.25,3668.23,7698.0,1286.7,5.88,6.61,316.6
2289,506,Tarjeta,Maria Martin,RUT,44597532,GB25SLDC34838375221146,2025-01-09 04:55:21,Perú,México,4037.55,94.61,7333.52,1854.02,49.74,8.22,289.76
2290,424,Exchange,Todd Mendoza,CC,49769497,GB95IVJH54306899383146,2024-03-17 19:54:39,Colombia,Colombia,1406.16,880.21,5948.55,4328.88,28.15,10.57,316.99
2291,676,Tarjeta,Julie Henry DDS,DNI,66696588,GB06SUHK50548692750718,2024-06-02 19:55:16,Argentina,Argentina,7648.49,696.8,9551.14,3387.05,14.67,1.37,269.2
2292,677,Tarjeta,Jacob White,DNI,17402375,GB05RYMV95729638925653,2024-08-15 01:45:23,México,Perú,3319.24,3522.02,3468.94,683.49,6.51,12.44,484.37
2293,558,Tarjeta,William Hoover,CC,73224536,GB49AKRU50783189957088,2024-02-17 12:42:54,Colombia,Colombia,9240.35,3074.26,3219.51,185.01,29.74,13.29,300.52
2294,222,Tarjeta,Nicole Hansen,RUT,51512684,GB91LMPE85102678161752,2024-09-14 01:46:57,Chile,México,9075.54,603.16,7004.84,4366.04,38.69,18.72,221.15
2295,606,Exchange,John Williams,CC,87749493,GB66TGYP24332349938893,2024-12-01 03:07:52,Perú,Colombia,7122.21,3673.48,3861.81,1289.35,36.14,13.75,140.48
2296,343,Exchange,James Quinn,DNI,15206896,GB88SQBQ51539258495361,2024-03-05 00:49:00,México,Colombia,2806.97,200.5,4585.29,4726.29,44.0,23.76,417.61
2297,179,Remesa,Leslie Henson,DNI,42069868,GB77XVXN62440819245503,2024-03-09 01:21:24,Chile,Colombia,1755.23,1292.28,5321.19,3620.08,39.07,21.78,202.84
2298,838,P2P,Garrett Steele,DNI,25723601,GB98ULOO54062821822537,2024-07-21 07:41:05,Perú,Colombia,9592.75,300.03,968.58,2641.92,43.27,12.96,433.33
2299,957,Tarjeta,Nicholas Copeland,CPF,85928669,GB02RGTU84919980580335,2024-10-27 16:30:14,Colombia,Perú,229.63,66.87,8669.82,1680.14,11.88,14.11,360.74
2300,692,Exchange,Jonathan Wong,DNI,11853083,GB97EJWJ73958709666852,2024-06-01 14:12:56,Argentina,Perú,3499.34,168.72,1537.08,1696.58,32.11,24.98,304.62
2301,642,Tarjeta,Brandon Mitchell,CC,81143156,GB21SULD27048012245045,2024-10-27 06:29:07,México,Colombia,7467.82,2862.95,4661.8,3489.4,28.63,18.7,305.52
2302,193,P2P,Robert Neal,CPF,86221832,GB11BNRH76491234213978,2024-08-22 22:59:53,Argentina,México,4428.77,154.15,9084.2,4918.96,43.42,4.46,318.92
2303,7,Exchange,Christine Perez,CC,37423600,GB25SUGW94886721360907,2024-09-14 08:13:30,Chile,Perú,8435.0,2271.91,9343.19,3588.01,21.35,21.85,493.69
2304,902,Remesa,Brandon Hansen,RUT,36880490,GB66LOZZ91505398411481,2024-05-09 17:45:02,Perú,Perú,115.29,2691.75,6562.91,4913.11,13.05,15.63,492.96
2305,237,Tarjeta,Mr. Roger Howard,CC,38076980,GB56SCMY86225500263632,2024-06-04 16:55:41,Colombia,Argentina,3269.63,4510.61,930.43,1067.87,45.52,18.39,487.52
2306,455,Remesa,Cassandra Roberson,CC,17357059,GB92FKSO26628651559000,2024-07-06 22:11:07,Colombia,Argentina,4709.65,4458.24,3098.02,847.19,47.83,11.27,196.79
2307,506,Tarjeta,John Peterson,CC,27239022,GB45UMPI56210753312373,2024-11-30 11:12:12,México,Perú,882.13,4376.97,3228.07,1799.19,40.65,5.24,185.47
2308,359,Remesa,Veronica Torres,CPF,86942401,GB61THRQ58001993134101,2024-05-06 23:00:02,Argentina,Perú,230.14,4992.58,7071.17,52.86,39.2,11.21,413.84
2309,48,P2P,Amanda Jordan,RUT,34717234,GB44KLRQ91493307894071,2024-06-18 05:22:41,México,Argentina,2586.85,1015.6,8441.43,1228.3,21.71,13.86,73.06
2310,312,Tarjeta,Jodi Garcia,RUT,90032106,GB03MHRA30685576105925,2024-05-21 13:00:18,Chile,Colombia,2983.19,4217.43,416.22,4638.14,7.43,23.5,448.88
2311,34,Tarjeta,Lori Chambers,DNI,62515667,GB40RUEX27771283177331,2024-08-01 05:55:12,México,Argentina,3211.94,728.77,3041.79,3546.79,25.39,2.52,199.06
2312,298,Remesa,Stanley Strickland,CPF,44517036,GB10FROZ81247425399672,2025-01-18 22:48:54,Colombia,Perú,2990.53,2223.4,3649.66,4882.44,24.82,13.9,345.68
2313,476,Remesa,Timothy Reed,RUT,73378925,GB56VVUC05751041528186,2024-05-19 17:31:03,Colombia,Argentina,8039.04,1305.98,7574.45,3432.37,30.15,22.04,202.45
2314,632,Tarjeta,Jodi Chang,CPF,52027148,GB17WFFT60408538427985,2024-03-29 01:23:45,Colombia,Colombia,8481.65,4204.26,4496.3,778.67,47.19,11.56,188.19
2315,971,Tarjeta,Randy Morris,RUT,53807382,GB62SPML50662046759478,2024-02-03 03:21:38,Argentina,Chile,949.29,3926.05,6239.44,2427.83,44.25,19.08,390.03
2316,677,P2P,Ryan Salas,CPF,13182737,GB58ACAR93251655154294,2024-12-30 21:14:14,Perú,Argentina,6789.47,1145.1,8463.16,3767.28,38.96,12.05,222.92
2317,416,Tarjeta,Frank Davis,CC,12682700,GB25KQLV47022628157498,2024-02-07 12:55:42,México,México,5964.32,443.17,4645.37,2484.23,46.86,15.86,80.08
2318,373,P2P,Lauren Moreno,RUT,64024224,GB24JWYE82010285033731,2024-02-27 07:08:07,México,Chile,680.7,852.47,4496.54,4472.69,30.87,11.06,469.33
2319,110,Remesa,Tonya Fleming,CPF,72578565,GB86AEYE52383785596557,2024-08-23 23:08:45,México,Perú,1902.61,4202.53,4802.94,4669.94,25.48,6.26,223.16
2320,766,Exchange,Chris Andrews,CPF,65935671,GB65SUAC47792879126316,2024-04-25 03:08:56,Argentina,Chile,6813.24,2432.05,6152.79,828.69,0.17,22.03,61.95
2321,949,Tarjeta,Dr. Cynthia Harris MD,CPF,20821599,GB91TTRV32939919072885,2024-07-19 02:53:58,Argentina,Argentina,9074.72,4127.51,4574.79,4120.49,32.06,13.95,18.16
2322,550,Remesa,James Dixon Jr.,DNI,92016475,GB36PGGX97697299996711,2025-01-18 22:36:38,Argentina,Argentina,8586.82,1658.62,5287.34,453.98,39.54,7.0,371.58
2323,395,P2P,Taylor Cardenas,CC,19963116,GB71PEAV05493041032241,2024-08-09 22:59:39,Colombia,Colombia,1692.2,464.86,9435.37,4537.03,29.31,11.7,329.58
2324,705,P2P,Amy Kelley,DNI,67995104,GB30GEQA42687352532954,2024-12-06 09:20:16,México,Perú,8363.61,1770.15,8547.65,771.56,45.49,13.53,70.45
2325,689,P2P,Kenneth Mueller,DNI,64466795,GB73QTQK02629604202482,2024-09-30 04:19:19,Colombia,México,9225.46,2358.9,8355.85,1006.93,5.5,5.76,391.66
2326,565,Tarjeta,Erik Flores,RUT,17903598,GB72ZLVC75084792938227,2024-05-21 02:10:33,Perú,Perú,2442.26,4702.26,7037.61,3923.26,43.76,4.79,414.84
2327,949,Remesa,Valerie Becker,CC,24399409,GB95EZZH35036066849756,2024-09-27 19:08:57,Colombia,Perú,784.82,3715.37,6595.97,3573.97,18.64,22.91,50.11
2328,3,Tarjeta,Antonio Green,CC,39946638,GB65OKWG16691821330837,2024-01-28 11:44:38,México,Chile,6205.12,2407.15,2830.82,3952.14,42.81,15.26,30.02
2329,1,P2P,Stephen Rhodes,CC,15414285,GB10BMDW95908263643477,2024-03-09 14:17:56,Argentina,Perú,8606.33,3866.79,8570.15,4376.47,18.38,13.0,486.23
2330,215,Exchange,Joseph Gentry,RUT,61031100,GB64ZCZG53940710716012,2024-05-13 18:33:15,Colombia,México,2465.84,3275.31,2121.88,1486.09,33.81,15.98,364.98
2331,32,Remesa,Natalie Davis,RUT,15575591,GB57VKAX85065082604818,2024-10-02 08:17:39,Colombia,Chile,3129.43,1803.49,3126.48,2344.58,36.83,11.53,298.21
2332,350,P2P,Marvin Gordon,CPF,63931799,GB02DBRP03556176025487,2024-07-02 07:59:47,Argentina,Chile,8884.41,1223.89,5179.85,2603.2,18.62,18.46,50.02
2333,617,P2P,Nicole Simmons,DNI,10825531,GB08JBQA48842393607134,2024-03-02 16:30:55,Chile,Colombia,7465.64,602.75,3240.02,1930.56,45.59,16.37,188.28
2334,94,P2P,Charles Edwards,DNI,18414503,GB26FWYO51867932866541,2024-04-20 19:14:42,Argentina,Chile,6871.44,3656.13,1608.34,3722.65,38.93,17.17,153.95
2335,703,P2P,Martin Thompson MD,CC,67780385,GB39AIAL75710782222809,2024-12-31 06:34:04,Colombia,Chile,7656.19,1884.63,8244.86,2422.32,10.53,7.82,151.41
2336,325,Exchange,Preston Hernandez,CPF,98660982,GB74HAMY78910226757271,2024-08-07 13:03:33,Colombia,Colombia,6584.52,1648.45,7973.76,1237.18,4.56,10.84,19.48
2337,155,Tarjeta,Micheal Keller,DNI,39056830,GB78GBNC55290986808594,2024-11-16 00:41:00,Chile,Argentina,4217.27,2724.15,6224.39,1956.86,44.89,22.11,423.8
2338,259,Tarjeta,Taylor Hawkins,CPF,19243676,GB76EUFJ33005052883376,2024-12-05 10:59:17,Argentina,Perú,3355.04,1717.47,4358.55,1489.02,2.49,10.78,392.66
2339,339,P2P,Robert Robinson,CPF,43038435,GB91NHJS14796815572011,2024-04-01 04:16:25,Chile,Perú,7337.26,4264.33,2930.38,531.1,48.66,7.08,330.0
2340,483,Exchange,Colin Mahoney,CPF,20229497,GB89XVAI48843210360514,2025-01-15 05:50:18,México,México,9598.56,1264.89,3150.52,1347.23,16.75,5.38,191.9
2341,701,Tarjeta,Donald Johnson,RUT,79020407,GB54JPQW93130131549991,2024-03-07 03:19:18,Chile,Chile,5495.77,2088.88,6096.51,175.29,17.73,4.65,78.17
2342,501,Exchange,Mary Stewart,RUT,20615635,GB21JPOL70177931207010,2024-09-23 05:35:58,Perú,Perú,8746.08,1238.57,1844.37,3057.02,9.07,8.1,369.61
2343,826,Tarjeta,Todd Griffin,CPF,69778436,GB19ZYDN60258020396000,2024-10-30 09:03:31,Colombia,Chile,6703.84,1501.0,8657.73,2585.46,35.46,2.49,403.09
2344,270,Exchange,Molly Sanchez,RUT,38807230,GB75KKRY12521641763580,2024-08-26 10:34:28,Perú,Argentina,3017.42,4025.12,6096.19,1042.96,12.15,18.02,297.61
2345,843,P2P,Joseph Grant,CPF,33937843,GB53LEUZ06839803196703,2024-06-21 13:52:33,México,Perú,904.2,4076.34,567.75,1311.51,12.69,16.41,398.83
2346,277,Exchange,Sherry Jordan,CPF,70901664,GB89SQYV89954674334393,2024-10-05 12:52:44,Colombia,Perú,466.19,2779.65,8358.05,2203.07,28.87,17.13,189.74
2347,312,P2P,Carlos Anderson,CC,40297125,GB98YWJR06310765607183,2024-02-05 07:17:43,Argentina,Argentina,5763.44,4673.08,5489.32,3997.71,33.88,4.0,458.39
2348,76,Tarjeta,Christopher Hernandez,RUT,75564190,GB19IWXO00064599733760,2024-12-09 04:48:40,Argentina,Colombia,9483.21,4107.22,7636.36,1558.72,36.03,4.73,99.56
2349,155,Remesa,William Griffith,DNI,69582544,GB48RYOK45852235921539,2024-07-01 00:28:57,Chile,Chile,6253.29,4334.12,5876.92,1459.66,48.81,24.2,343.64
2350,588,P2P,Jennifer Fernandez,CC,38264300,GB31BWMB37932932128593,2024-11-23 02:56:01,Colombia,México,8884.76,1956.32,4235.41,4758.11,48.81,18.71,274.97
2351,180,Exchange,Laurie Delgado,RUT,44108938,GB12XCMI67221753239665,2024-07-27 21:30:39,Argentina,Argentina,1912.97,2303.17,8239.73,1435.75,43.39,21.22,164.78
2352,701,Tarjeta,Christine Walsh,RUT,77032813,GB59FKSX25191349624568,2024-03-29 15:33:24,Perú,Chile,7474.52,285.91,4085.94,1159.68,32.95,19.36,479.54
2353,104,Exchange,Cassandra Dickson,RUT,65391054,GB91RIWG13919625468086,2024-12-15 02:51:45,Argentina,Colombia,5677.99,4810.64,6139.4,1517.97,8.24,2.0,145.86
2354,336,Tarjeta,Samantha Burgess,RUT,51305505,GB35JTNV99564229239477,2024-08-13 07:39:25,México,Perú,3893.0,251.33,9924.02,799.25,36.66,13.3,187.99
2355,765,Tarjeta,Ms. Kimberly Cervantes,RUT,16170752,GB96BMAV28840688185596,2024-03-11 18:49:26,Argentina,Perú,381.6,3060.21,4227.12,4780.56,12.95,0.97,351.4
2356,748,Exchange,Mikayla Cook,DNI,24727376,GB54DTFV72276272470531,2024-06-28 21:26:07,Colombia,Colombia,1278.41,60.89,528.97,2253.97,8.36,14.61,86.02
2357,829,Tarjeta,Thomas Fisher,CC,78011573,GB30KFIE29717010100856,2024-11-26 17:31:48,Argentina,Argentina,850.08,4045.55,6359.87,116.14,6.95,17.27,485.83
2358,473,Tarjeta,Douglas Turner,CPF,95132574,GB59OMHG47296228830232,2024-08-16 20:38:27,Argentina,Chile,6799.08,1357.07,7568.74,3586.94,16.41,20.28,211.52
2359,846,Tarjeta,Jennifer Potter,CC,60907459,GB32HNWW82949907995627,2024-07-18 01:50:23,Argentina,México,2863.89,1774.74,7139.46,3344.12,40.44,8.2,141.96
2360,26,Exchange,Christine Pena,DNI,49348706,GB48HRTC40471306088647,2024-05-13 00:58:54,México,Chile,291.86,4118.57,3313.13,1180.04,3.36,6.48,217.83
2361,81,Tarjeta,Brittany Munoz,CPF,79255795,GB57BHCG69234727939302,2024-04-24 17:17:04,Perú,Colombia,9630.23,3159.27,2054.47,2532.06,33.12,10.44,76.73
2362,599,Tarjeta,Bonnie Martinez,CC,64180579,GB37MAWK88235870345074,2025-01-13 05:55:07,México,Chile,814.93,4897.89,4402.84,1554.32,46.99,1.07,150.32
2363,595,P2P,Christine Beck,CC,48589454,GB10DATH70253095258941,2024-12-14 05:38:16,Perú,Chile,2279.03,3257.24,1696.97,1771.94,36.96,0.8,220.87
2364,160,Exchange,Michael Miranda,RUT,74867821,GB23VZSZ93149570649588,2025-01-07 14:48:27,Argentina,Colombia,4285.77,333.14,9189.04,222.45,31.95,7.84,374.21
2365,754,Exchange,John Johnson,DNI,79560290,GB77QUBP30264051575993,2024-05-13 18:12:01,México,Perú,6108.81,1633.25,2020.0,3409.54,40.25,12.03,120.84
2366,179,Exchange,Damon Reese,DNI,83365641,GB83WTJZ10895152035192,2024-10-08 07:10:22,México,Perú,1112.37,2398.74,5318.82,69.25,39.55,21.73,223.21
2367,894,Exchange,Kurt Phillips,CPF,25299005,GB05RKKB79565629843813,2024-10-01 07:49:59,México,Perú,6577.1,606.36,4245.06,1357.35,0.72,16.26,490.26
2368,645,Exchange,Annette May,CC,48552508,GB62FNZB91360294315457,2024-04-22 09:17:07,Argentina,México,3640.52,3080.7,2394.76,425.71,39.84,4.45,416.28
2369,572,P2P,Patrick Murphy,RUT,99528059,GB40BPMC49782899213932,2024-06-11 20:48:21,Chile,México,4392.97,3615.45,9719.06,4290.93,44.61,7.48,242.47
2370,229,Remesa,Dr. Brian Leach,CC,13498098,GB38QYBD56380188278875,2024-07-09 12:35:12,Colombia,Argentina,6381.98,4250.48,5802.1,2685.14,18.11,20.07,181.59
2371,506,Remesa,Laura Garcia,CC,96910003,GB24WNXT47109085477111,2024-10-25 16:27:03,Chile,Chile,9275.39,2832.93,8243.08,1691.69,8.68,21.84,432.42
2372,482,Remesa,Michael Fernandez,DNI,77246545,GB96KZDC66795188803304,2024-03-21 04:27:57,Colombia,Argentina,6277.33,839.81,8668.07,4704.46,1.34,11.39,397.43
2373,288,Exchange,Alexander Brown,DNI,82025864,GB27ROEY91317371743328,2024-03-13 12:55:24,Colombia,Colombia,5084.94,4584.97,9267.4,2734.22,9.11,0.75,398.84
2374,575,Remesa,Melissa Roberson,CC,72792992,GB58BRCW84678768966668,2024-02-07 08:58:05,Chile,Argentina,5571.92,4825.83,7290.13,4519.72,47.6,3.41,383.25
2375,376,Tarjeta,Caleb Kelley,CC,54406946,GB98OLSC59254540775866,2024-04-22 19:21:09,Colombia,Argentina,124.43,2884.7,3093.84,4957.07,9.52,17.47,224.54
2376,210,Tarjeta,James Brown,CPF,13962086,GB50VDRK11482655879856,2024-04-04 14:23:28,Chile,México,374.93,2452.5,3022.22,2214.37,22.39,14.61,100.71
2377,745,Exchange,Lauren Knight,DNI,83368683,GB05IKRT59496573359933,2024-05-29 17:20:15,Perú,México,3006.07,1878.97,5591.97,2981.34,23.38,13.22,435.42
2378,809,Remesa,Mary Turner,RUT,38900323,GB94GWOA33795577832203,2024-03-10 18:16:25,México,Chile,7959.88,273.71,3987.07,2914.79,16.5,18.99,173.12
2379,430,P2P,Sabrina Jones,DNI,48348224,GB76WCCY66164937066986,2024-10-21 20:31:01,México,México,4252.88,4129.24,8794.02,396.64,38.1,10.5,324.7
2380,532,P2P,Jennifer Lyons,DNI,11653474,GB07AZVY86467959654561,2024-09-07 10:16:20,Chile,Colombia,5346.42,1854.58,652.46,381.31,10.36,11.44,10.51
2381,303,Remesa,Stephen Barton,CPF,82767064,GB82TAZQ74786061361802,2025-01-19 00:26:03,Colombia,Colombia,9963.11,3623.79,7907.64,3607.92,20.13,1.08,308.44
2382,917,P2P,Alejandro Singh,CPF,63560760,GB86IAEW71752909998229,2024-06-20 07:36:58,México,Argentina,6792.27,262.76,7653.15,2022.83,17.5,16.09,18.08
2383,958,Remesa,Haley Johnston,DNI,36914056,GB47IEBZ98342958692873,2024-12-25 00:37:34,México,Argentina,5967.33,2584.46,4566.26,1093.41,44.79,18.61,142.3
2384,329,P2P,Gary Serrano,CPF,18422599,GB96NMKV71993512895711,2024-12-07 21:44:46,Colombia,Perú,507.49,4303.17,579.23,1236.53,16.46,10.71,29.55
2385,26,Tarjeta,Nancy Mendez,CC,55388801,GB94APOY61216996724505,2024-03-05 10:48:46,Colombia,Perú,6587.78,2217.47,6677.24,1701.06,49.58,7.62,376.68
2386,782,Tarjeta,Gregory Branch,DNI,66614586,GB74HAXR73613629155415,2024-02-13 10:37:26,Perú,México,752.99,4064.16,3047.32,3942.55,12.77,9.34,14.09
2387,758,Exchange,Kelsey Collins,CC,98150366,GB77PLDD05420643113275,2024-06-06 04:54:10,Colombia,Chile,5632.12,3740.72,991.98,1246.33,4.94,8.04,143.42
2388,254,Tarjeta,Carolyn Benitez,DNI,21365471,GB71ZFKC86392102056124,2024-12-29 08:41:25,México,Argentina,4030.45,761.88,3319.41,4572.01,36.14,17.07,277.8
2389,968,Remesa,Olivia Fernandez,DNI,87404012,GB56RQFV88204897209103,2024-05-06 03:52:37,Perú,Perú,1605.12,3587.07,5149.75,1703.53,32.36,24.89,160.73
2390,272,Remesa,Lindsay Jimenez,RUT,20799523,GB64LOAF47401963041925,2024-04-08 14:40:06,México,Chile,655.16,3412.48,7846.38,986.22,34.31,7.7,141.11
2391,170,P2P,Curtis Savage,RUT,58117878,GB36QETJ07424554100385,2024-04-15 16:53:53,Argentina,Chile,1301.54,3266.15,1823.07,3825.98,8.15,3.15,468.82
2392,852,P2P,Erin Adkins,RUT,87915648,GB32ONJO68000435979976,2024-02-17 21:28:30,México,Perú,967.6,463.35,6731.36,1135.88,48.51,6.66,415.9
2393,433,Remesa,Aaron Porter,RUT,13869948,GB88RURA33958983976501,2024-11-10 12:51:56,Chile,Argentina,8297.85,1914.45,9767.6,3502.8,29.5,2.0,318.94
2394,680,Exchange,Bryan Alvarez,RUT,75557065,GB04GMSY61541426427794,2024-02-13 13:46:10,Colombia,Chile,5311.53,1347.91,9986.21,3715.37,0.94,5.7,55.98
2395,124,P2P,Kevin Jensen,DNI,34237262,GB73NEOQ97365496000882,2024-07-05 04:25:30,México,Chile,3546.91,1211.44,7764.3,84.58,36.05,3.64,369.66
2396,735,P2P,Samuel Moore,CPF,14733780,GB16BWVM24055574176780,2024-05-22 14:05:56,Colombia,México,2157.28,2771.4,8690.82,1362.99,20.13,3.3,85.43
2397,572,Remesa,Diane Miller,RUT,42284215,GB31LPNB23075631417037,2024-02-05 18:56:33,Chile,Perú,4661.47,3850.64,5184.81,3429.99,37.19,15.34,55.83
2398,365,Tarjeta,Katherine Rogers,RUT,67059058,GB94ZVKQ29714857870222,2024-07-06 10:27:16,Perú,Colombia,3866.51,2811.54,847.21,3025.22,8.87,12.22,26.07
2399,822,P2P,Vicki Hamilton,DNI,73699540,GB02HQYR07322306247174,2024-05-01 14:02:26,Argentina,México,6747.23,4175.71,1164.4,1417.0,27.07,1.38,402.53
2400,658,Tarjeta,Jeremy Medina,CPF,17678789,GB55HTHJ25553784597087,2024-12-07 02:32:58,Chile,Perú,6577.08,2802.61,5663.14,4418.37,49.08,3.21,94.27
2401,291,P2P,Caroline Wiggins,RUT,40924670,GB39PETX59964092463850,2024-09-07 09:37:09,México,Colombia,2533.72,4481.93,9131.75,56.25,12.01,14.4,261.3
2402,301,Exchange,Tara Doyle,CPF,86194326,GB56ONNP00523115041719,2024-06-09 06:22:23,Argentina,Perú,7055.56,2745.45,6207.53,3167.83,37.5,4.26,102.32
2403,299,P2P,Megan Lloyd,CPF,14580294,GB98MKNN11705062446000,2024-06-09 20:00:08,Chile,Colombia,8079.7,1074.89,7030.37,257.12,49.5,0.18,92.01
2404,459,Exchange,Dylan Mills,RUT,78581561,GB49DFYN53188588011108,2024-12-17 19:35:44,Argentina,Chile,6721.76,4290.59,9112.48,4694.7,40.1,10.78,446.43
2405,555,Remesa,Jose Butler,CC,26779473,GB50WXFX20628851587992,2024-06-15 19:37:26,Chile,Perú,7564.33,1597.69,4236.96,2207.75,1.06,10.23,210.51
2406,51,Tarjeta,Christopher Garcia,DNI,20610830,GB62MDMB01702693769094,2024-08-07 21:46:17,Argentina,Colombia,8479.14,2011.48,7613.46,2360.35,2.87,19.11,421.17
2407,862,Remesa,Janice Martin,DNI,93431786,GB46IENP24486779899044,2024-12-28 04:45:44,Colombia,Perú,9144.75,1887.07,5917.15,4085.0,4.07,11.57,458.5
2408,149,Tarjeta,Cory Kim,CC,49719301,GB80JBFK09990653651275,2024-09-22 17:33:51,Argentina,México,3012.5,2641.83,139.03,3807.82,13.0,1.04,487.25
2409,620,Exchange,Eric Hill,DNI,50406154,GB04OJUQ28862605405920,2024-04-09 21:37:18,Argentina,Perú,7324.78,2542.06,8934.87,3537.3,12.3,2.56,185.07
2410,805,Exchange,Michael Wright,CC,55068360,GB85DKGU57742756595863,2024-11-30 13:27:59,Perú,Colombia,9086.2,1777.54,2515.02,512.33,21.63,1.22,353.58
2411,486,Exchange,Beth Byrd,CC,26723910,GB48EPAV78591405691468,2024-10-03 13:16:46,México,México,1537.27,893.17,5044.93,303.7,4.76,15.59,20.51
2412,317,P2P,Arthur Hernandez,RUT,86628678,GB92QLFV94197921394018,2024-01-31 05:58:52,Chile,Colombia,431.36,2477.53,6953.16,4868.53,29.18,12.4,200.48
2413,68,Tarjeta,Bradley Sanders,CC,67153416,GB14ZODZ97813384083720,2024-04-06 10:19:31,México,Chile,8147.04,1629.67,2251.68,2602.21,15.86,23.97,225.13
2414,522,Exchange,Mary Owens,DNI,27327007,GB42OXNK45193493092975,2024-07-30 18:47:52,Colombia,Colombia,1851.42,2152.46,248.61,196.82,15.96,24.18,486.8
2415,217,P2P,Claudia Allen,DNI,40233812,GB60NIMU22476338965408,2024-03-09 04:36:18,Chile,Chile,4241.19,659.91,5920.1,2155.34,27.52,18.51,38.11
2416,158,Remesa,Mr. Raymond Taylor,CPF,59059141,GB80RBHF68134589604800,2024-04-17 07:21:46,Chile,Perú,230.65,2063.84,2386.07,1551.51,49.12,2.2,330.06
2417,946,Exchange,Alexander Torres,CC,54234580,GB11HUXQ17600606622442,2024-03-11 13:40:35,México,Argentina,449.73,3167.33,2397.2,2685.89,29.09,9.5,379.88
2418,434,Remesa,Sarah Clark,DNI,61681798,GB07ZDSH71333684227841,2024-06-24 00:34:14,Perú,Perú,9675.72,3236.95,5616.34,4832.36,47.35,19.06,353.46
2419,191,Tarjeta,Cynthia Hoffman DDS,RUT,50437761,GB38RXAV10130701242453,2024-04-20 00:17:16,México,Argentina,2153.92,1174.74,9056.83,1595.94,32.49,8.6,335.57
2420,46,P2P,James Dennis,CC,82842942,GB63SNMX99365131549403,2024-06-28 15:03:33,Chile,Perú,9726.09,1899.05,9154.92,3506.15,37.29,2.94,35.75
2421,562,Exchange,Sean Thompson,RUT,68775098,GB02CSDF33707087665973,2024-11-11 07:20:31,Colombia,Perú,2709.68,4704.97,9619.19,2651.7,40.38,4.98,216.37
2422,959,P2P,Michael Morris,CC,87661412,GB97DOMJ44717931346964,2024-05-20 04:51:45,Perú,México,8332.52,3234.43,3972.48,943.81,21.45,8.36,117.94
2423,883,Exchange,Ashley Davila,DNI,20923476,GB54BHIT07446643252896,2024-12-14 08:08:21,México,Perú,5760.83,1756.73,8308.82,4897.13,19.69,13.64,68.03
2424,967,Exchange,Vernon Navarro,CPF,46441033,GB55GXBX19210443881928,2024-08-05 14:12:08,Argentina,Argentina,8537.64,2202.42,4086.17,4919.77,34.85,12.91,70.27
2425,891,Exchange,Ronald George,CC,77229639,GB04QSNX09975026895114,2024-02-13 20:36:58,Argentina,México,6422.04,4309.35,991.41,4145.8,1.04,10.15,251.61
2426,478,Remesa,Anthony Rodriguez,CC,50205931,GB17VSOF61461043527741,2024-09-29 20:46:15,Colombia,Colombia,1575.59,1474.89,1837.26,1545.83,49.56,1.43,477.79
2427,364,Exchange,Leslie Carlson,RUT,64117820,GB82UACV78991937045530,2024-10-29 15:49:49,México,Argentina,7804.72,2959.32,1218.98,2141.32,6.12,11.85,128.32
2428,17,P2P,Candace Beasley,CC,34514848,GB18FIIU27898293517501,2024-12-15 08:07:38,Argentina,Perú,8273.02,1365.33,3622.85,3286.48,45.58,20.24,256.89
2429,781,Tarjeta,William Roberts,CPF,32580008,GB72RXMJ99280492558314,2024-10-29 17:40:02,Argentina,México,9127.45,2983.96,4033.02,3703.83,24.88,4.59,115.03
2430,102,Exchange,Elizabeth Keith,CC,62518131,GB60LPDY22736167528531,2024-06-26 05:46:05,México,México,2956.65,1398.13,1398.21,2615.97,4.78,18.71,156.43
2431,749,Exchange,Kevin Smith,DNI,15959579,GB20KBEN72182343286595,2024-06-01 16:44:10,Colombia,Chile,9020.24,62.02,4971.74,1436.58,8.64,13.35,71.72
2432,411,Tarjeta,Laura Stone,CPF,51804691,GB72MYCO06751924261795,2024-10-24 03:03:51,Perú,Perú,2923.93,1234.69,2049.61,3666.8,28.65,16.62,101.0
2433,614,Remesa,Susan Barr,CPF,81091546,GB06HJYF46928351556429,2024-01-23 06:52:08,Colombia,México,5406.54,3135.12,9513.09,846.09,22.44,14.57,344.34
2434,684,P2P,Vicki Oconnell,RUT,47433094,GB95ZRQJ69167211451512,2024-09-27 09:28:06,Colombia,México,9385.16,2900.63,7491.89,3753.72,37.49,4.08,449.44
2435,808,P2P,Diane Jacobson,CPF,80857651,GB72FWCO72841695539145,2024-08-21 06:56:22,Chile,Argentina,6062.75,700.59,6500.8,3279.17,33.24,16.67,133.13
2436,34,P2P,George Arnold,DNI,59351465,GB67EKNR66349023798195,2024-07-31 21:25:25,México,Chile,2064.56,2194.33,7467.37,847.64,3.18,21.28,299.52
2437,640,Tarjeta,Denise Washington,DNI,11999119,GB44LKBJ64011651925725,2024-07-05 20:40:10,Perú,Colombia,601.8,4323.57,6847.78,4081.86,0.25,13.58,461.7
2438,320,Exchange,Dennis Knight,DNI,24264117,GB65MQRW25380147195661,2024-01-31 17:15:29,Perú,Argentina,8575.57,514.22,3194.82,889.72,46.71,22.2,383.48
2439,659,Remesa,Nicholas Rogers,CPF,74610468,GB71QQCM24993422298581,2024-12-12 04:08:08,México,Argentina,7316.82,4707.7,4252.81,1616.2,28.09,7.29,432.83
2440,260,Exchange,Stephanie Fuentes,DNI,27365459,GB97YDFQ86496198475274,2024-09-09 09:14:25,Argentina,Argentina,9383.88,4947.9,5659.73,1989.8,28.77,8.05,234.36
2441,699,Exchange,Tracey Garcia,DNI,64573458,GB69YTWY92351248216002,2024-11-30 13:39:25,Colombia,Colombia,5826.45,2066.29,8199.29,4578.34,2.53,23.9,412.8
2442,435,Exchange,Megan Stewart,CPF,90783892,GB87VLPB96877631287516,2024-10-16 06:06:39,Chile,Perú,9509.19,1529.39,3846.42,1027.18,46.18,11.02,123.51
2443,171,P2P,Anthony Oliver,CPF,88778565,GB29LTBQ52321828501249,2024-12-18 11:27:17,Chile,México,6512.54,4573.87,1661.27,2207.53,26.35,10.67,134.91
2444,5,P2P,Julie Owens,CC,75730375,GB78BLSA63280883879456,2024-02-18 22:53:57,Colombia,México,7380.9,2120.07,9084.37,353.94,44.31,18.7,484.83
2445,539,Exchange,Kristina Hart,RUT,47381162,GB90MEPH83110085236095,2024-07-10 01:15:46,Argentina,Chile,2047.26,539.56,3253.73,2175.18,28.43,23.21,147.12
2446,526,Tarjeta,Laura Collins,DNI,13887710,GB40ACOX65262294588289,2024-12-03 21:25:07,Colombia,Perú,2652.65,2785.14,6502.08,3510.81,43.37,19.65,177.37
2447,686,P2P,Kelsey Weaver,RUT,60522856,GB30DFJF81709919780735,2024-11-12 00:01:21,México,México,8330.25,2449.26,3008.81,1430.87,3.88,21.19,127.31
2448,668,P2P,Mary Matthews,RUT,95150499,GB14RZOG24187237078021,2024-04-01 00:15:29,Chile,México,8230.42,1963.48,2951.72,4924.04,1.36,15.79,88.72
2449,551,Tarjeta,Lynn Watson,RUT,51891397,GB72VOQE03511356920686,2024-03-13 06:12:23,Argentina,Perú,9139.66,1626.83,2481.97,3977.35,45.66,3.15,75.85
2450,163,P2P,Micheal Potter,DNI,40752598,GB46KMYC34143845532862,2024-11-15 05:23:34,México,México,272.0,4278.95,6145.69,1427.08,37.7,2.63,296.72
2451,374,Remesa,Leslie Jennings,DNI,65388504,GB11OMSD28296115363057,2024-11-19 15:04:23,México,Argentina,1535.33,4444.61,308.0,1467.23,19.63,15.2,375.09
2452,348,P2P,Beverly Jones,CC,89021900,GB70WIRY04915062397785,2024-03-24 10:16:54,Chile,Colombia,2205.25,4042.32,2243.1,1715.84,18.93,5.33,297.92
2453,741,Remesa,Adam Goodman,CC,72088268,GB93KJUU25343008582552,2024-06-05 07:31:59,Colombia,Argentina,3077.06,4915.69,6149.35,1859.33,36.66,11.98,206.67
2454,599,Exchange,Anthony Hernandez,RUT,25917117,GB51YCSR90872799359306,2024-12-29 07:08:56,Colombia,Perú,1817.53,2312.12,5959.08,4494.41,19.48,5.52,137.37
2455,811,Tarjeta,Benjamin Lopez,RUT,76540175,GB95GKDU34316696826789,2024-06-01 10:55:39,Perú,Chile,4387.98,4232.24,9050.83,3207.41,46.79,3.93,497.48
2456,358,Tarjeta,Angela Green,CPF,60441889,GB65TFOP26617816606724,2025-01-02 17:21:51,Perú,Perú,6471.86,3960.78,5804.09,3143.13,32.8,6.49,481.24
2457,503,Exchange,Gary Glover,DNI,18159625,GB65MSNZ85673536895242,2024-11-18 03:34:24,Colombia,Argentina,4921.01,2902.13,5605.73,2175.71,0.97,23.69,439.32
2458,651,Tarjeta,Margaret Lopez,CC,49921310,GB27YWAI15582214423585,2024-05-16 16:35:17,Argentina,Chile,6470.24,945.56,9134.44,4152.13,18.4,17.01,217.48
2459,95,Exchange,Kayla Klein,CC,98307256,GB47FRXF85610170805713,2024-05-06 01:16:32,Perú,Colombia,5312.1,1344.36,4890.44,1252.55,22.84,11.75,311.44
2460,975,Tarjeta,Calvin Sims,RUT,80149918,GB66JYHS28608018258299,2024-12-17 22:52:10,Colombia,México,6538.86,4466.53,1264.56,4445.58,41.65,24.07,103.48
2461,164,Tarjeta,Amy Cummings,CPF,83124886,GB51KUAN31155177866866,2025-01-20 07:43:54,Argentina,Argentina,2264.82,990.96,8550.61,475.63,12.86,1.79,493.93
2462,184,Exchange,Alison Hernandez,RUT,24865603,GB85HHJY20647245387240,2024-12-21 15:47:21,México,Argentina,4729.9,3366.11,2717.07,720.25,0.58,20.09,367.74
2463,519,Exchange,Erin Costa,RUT,86543636,GB76XVMQ24589177302601,2024-11-08 06:07:05,Chile,Perú,340.71,2349.34,9949.92,1263.15,17.1,13.1,170.4
2464,295,Tarjeta,Kyle White,CPF,87435857,GB17CNXO11215268779513,2024-05-11 05:06:06,Perú,Colombia,7634.75,1250.14,5748.63,2577.98,33.57,23.29,430.75
2465,28,Tarjeta,Bryan Montoya,RUT,60962243,GB36MGPZ47613003441873,2024-03-06 04:03:23,Chile,Perú,1780.77,4317.61,833.33,3991.74,19.72,16.9,39.13
2466,291,Exchange,Carl Boyd,CC,53862499,GB42NKKU87915163409512,2024-02-18 08:10:31,México,México,2980.98,4688.58,8095.01,2955.72,40.1,2.81,310.37
2467,564,P2P,Daniel Shaw,DNI,72176298,GB18IHIP73223836546905,2025-01-06 21:00:09,México,Chile,2828.74,4051.29,4086.38,2767.26,10.93,17.97,168.96
2468,126,P2P,Johnny Campbell,DNI,56966539,GB66IJBZ65968905998930,2024-11-20 23:54:15,Perú,Colombia,2888.98,2546.91,9581.79,227.88,0.29,2.51,298.4
2469,526,P2P,Pamela Freeman,CPF,15851050,GB56GECI04717342614202,2024-05-07 05:39:08,Chile,Perú,9834.37,827.51,5625.01,2043.68,23.99,15.99,384.41
2470,402,Tarjeta,Danielle Riddle,RUT,16280636,GB07BAJI81664555232764,2024-12-15 07:57:06,Chile,Colombia,423.91,845.79,7728.42,730.79,37.81,9.94,35.18
2471,838,P2P,Vanessa Burnett,CC,64049191,GB70MPOS89034235236875,2024-03-16 12:34:23,Perú,Colombia,4050.23,2016.09,7635.93,2925.12,20.33,17.56,109.51
2472,250,P2P,Eric Gomez,CC,52944391,GB40DAFI57710463998946,2024-04-06 01:10:31,Colombia,Perú,4285.82,3413.1,1390.34,4327.11,28.77,5.12,41.75
2473,787,P2P,Cassidy Bruce,RUT,23608394,GB71NHZN10301167543023,2025-01-18 02:30:41,Perú,Colombia,1807.15,3247.48,8668.03,4927.56,30.58,12.89,387.43
2474,665,Tarjeta,Nicole Scott DDS,CPF,82117388,GB84SQPO65831804191881,2024-11-17 11:47:22,Colombia,México,391.5,4839.32,2119.83,3849.17,9.0,8.67,250.06
2475,316,Exchange,Elizabeth Nelson,CPF,95626333,GB49OUGV03394610323985,2024-06-18 18:31:51,Perú,México,9128.7,673.85,534.6,3646.87,16.49,22.32,458.62
2476,197,Exchange,Harry Zamora,CPF,10474431,GB78FVMB69630367975288,2024-11-05 18:30:21,México,México,8008.84,4189.36,3425.6,4428.36,43.65,0.51,197.3
2477,272,Remesa,Madison Green,DNI,51572636,GB19SCAY00242459222923,2024-10-30 18:21:17,Chile,Chile,9807.34,4286.5,634.59,1286.76,7.73,22.17,495.09
2478,450,Tarjeta,Christopher Ray,RUT,43260055,GB32UKFO12150516906405,2024-12-22 15:01:43,México,Argentina,8982.86,3906.38,1317.0,3494.55,22.46,21.37,55.03
2479,740,Remesa,Gary Mcintosh,CC,99877914,GB49CJVI84770362215939,2024-09-20 00:22:54,Colombia,Perú,4682.55,1405.47,3564.75,3453.55,24.15,0.7,426.02
2480,834,Exchange,Joseph Mitchell,CC,36759081,GB69UNPK72638815198593,2024-07-27 17:01:53,Colombia,Chile,7205.66,4602.64,4519.26,4472.81,32.23,9.07,189.94
2481,364,Tarjeta,Kristin Johnson,CC,56877125,GB43AICQ31454566695954,2024-05-10 13:52:54,Argentina,Perú,9625.56,4473.81,3151.02,703.72,1.39,20.08,410.36
2482,895,Tarjeta,Elizabeth Ramirez,DNI,25268527,GB55XPDC96642418404260,2024-07-25 19:16:17,Perú,México,6940.68,2435.46,212.34,3785.72,15.97,22.58,467.2
2483,297,P2P,Nicholas Grimes,CPF,21017558,GB88QSKE29854017836557,2024-12-16 02:59:59,Colombia,Perú,5207.99,3388.01,9616.34,4388.38,1.57,8.55,93.75
2484,800,Exchange,Preston Nelson,CPF,73426033,GB17OPOT51159586155963,2024-08-03 04:12:46,Colombia,Perú,1841.63,1475.43,5209.06,2095.99,7.48,13.34,310.0
2485,790,Exchange,Jennifer Wilkins,CPF,74296395,GB44RRAC42319915586751,2025-01-07 05:54:40,Chile,México,6447.31,1918.51,6632.79,2793.85,13.79,24.9,124.56
2486,289,Exchange,David Hall,RUT,71045907,GB27QTVK59989111006639,2024-12-28 05:37:47,Argentina,Colombia,441.12,4942.21,9832.5,2473.26,49.78,8.25,227.24
2487,100,Tarjeta,Kimberly Moody,RUT,46464019,GB44FYKX46269370952723,2024-03-02 11:43:50,México,Perú,3420.61,787.99,1407.3,2367.54,22.03,0.03,427.77
2488,713,Tarjeta,Elaine Rice,RUT,69891731,GB42OBLE18977972131729,2024-08-16 19:45:59,Argentina,México,9132.05,480.76,5579.89,2858.41,7.5,1.14,483.46
2489,26,Exchange,Derek Romero,RUT,30218157,GB46MFND39408757772688,2024-09-09 00:06:16,Argentina,Argentina,625.68,3064.96,9945.57,4472.4,10.78,5.03,237.64
2490,332,Remesa,Jacob Jackson,CC,88537830,GB64HRSC18831403433271,2024-07-15 17:48:39,Colombia,Colombia,8284.84,2423.25,249.78,4654.34,35.9,4.01,354.77
2491,124,Exchange,Jay Stewart,CPF,71691754,GB96UCWI11465849368277,2024-05-06 08:50:24,Perú,Perú,2562.76,426.38,4061.12,4723.55,7.56,17.38,43.54
2492,356,Tarjeta,Adam Johnson,CC,27405896,GB88BOEF77194249588845,2024-02-19 20:29:20,Chile,México,2973.03,2641.66,6595.19,754.59,47.34,6.91,197.33
2493,427,Remesa,Michael Bell PhD,CPF,95455596,GB70ERKI27513405377132,2025-01-01 01:08:41,Colombia,México,1203.38,1247.47,8429.85,2839.73,45.1,1.65,19.0
2494,399,Remesa,Sara Kennedy DVM,CC,11479662,GB31CFPL97304599068196,2024-05-01 22:22:26,Argentina,Colombia,5352.21,3153.11,6181.53,2981.42,19.03,16.22,177.56
2495,443,Remesa,Linda Smith,DNI,29781356,GB88CFLP42025877202692,2024-12-16 04:03:02,Chile,Argentina,9666.23,624.37,7455.01,1333.79,40.64,0.66,77.45
2496,923,Exchange,Sandra Cole,DNI,38649534,GB52OECN97283622750025,2024-03-24 02:00:27,Colombia,Perú,6416.58,1463.4,8966.42,3448.43,34.29,22.86,180.37
2497,567,P2P,Marco Burns,CC,13697703,GB93XRKT41499153167831,2024-05-06 06:12:51,México,México,8517.37,3132.09,1983.8,2757.67,34.84,15.06,31.75
2498,702,Exchange,Lauren Rangel,RUT,90502126,GB10FOMW15474453641234,2024-10-17 04:53:57,Chile,Argentina,9086.84,3423.85,4860.94,4515.39,31.69,23.12,428.54
2499,528,P2P,Timothy Owen,CPF,66897361,GB42YNUK10965496996509,2024-04-12 02:02:26,Colombia,México,3471.73,1599.8,6744.08,3400.82,8.34,0.23,260.45
2500,505,Tarjeta,Nicole Glenn,RUT,19347711,GB40PYMI22463946223591,2024-06-05 10:26:58,Colombia,México,7923.11,3159.65,3528.41,4585.51,36.09,10.01,452.01
2501,221,P2P,Angela Dennis,CPF,99000221,GB02HDMC16396288948797,2024-10-08 06:01:17,Chile,México,1026.77,225.29,9666.86,485.79,9.11,1.62,13.08
2502,544,P2P,Kristin Mann,CC,10934218,GB63NRYC60668126825192,2024-12-02 14:18:24,Colombia,Argentina,7536.03,937.8,199.64,2441.3,22.86,22.87,238.22
2503,593,Remesa,Diana Rush,CPF,36355018,GB59YQCG58667311825400,2025-01-16 14:12:32,Chile,Chile,3220.75,417.12,4139.31,1874.09,49.24,1.39,201.24
2504,737,P2P,Ashley Estrada,CC,34943395,GB93SGTG49128651811475,2024-02-06 09:39:07,Perú,Chile,5834.3,3483.08,522.85,1412.03,41.65,9.43,205.34
2505,105,P2P,Matthew Haynes,RUT,24349082,GB58DJMR43926725215437,2024-06-23 14:42:44,Perú,Argentina,3433.97,4054.81,3376.69,3720.24,22.22,4.12,256.98
2506,777,Tarjeta,Charles Stephens,RUT,69314352,GB24QUFJ90603997875285,2024-09-15 03:14:19,Perú,Perú,8840.15,2216.05,2157.04,1361.24,21.98,3.38,423.01
2507,253,P2P,Jacqueline Cordova,DNI,42579066,GB15ILZD37833916401022,2024-08-21 09:09:15,Chile,Argentina,301.84,683.11,6636.76,4118.72,23.72,8.43,181.85
2508,319,Remesa,Joshua Wilson,DNI,52298335,GB61WNJI74841948729930,2024-01-23 19:02:03,Perú,Colombia,1723.23,313.25,2739.64,3138.95,33.74,22.92,262.74
2509,488,P2P,Angela Murphy,CPF,75072344,GB31IOSQ67654137756989,2024-08-20 10:52:04,Chile,Perú,8363.71,740.02,443.13,2805.84,34.16,0.59,221.87
2510,213,Remesa,Angela Byrd,RUT,51840357,GB86EFGH89117063914239,2024-11-08 06:41:23,México,Colombia,1704.81,980.99,8389.49,4426.15,19.32,9.16,340.1
2511,935,P2P,Crystal Mcintyre,CC,85240895,GB58LNPO31473746220108,2024-04-27 05:59:14,Argentina,México,6950.96,1751.13,1986.58,2490.92,3.09,9.7,472.07
2512,227,Tarjeta,David Simon Jr.,CPF,93577365,GB18GSFX77384648988914,2024-06-01 03:46:58,México,Chile,1483.48,3320.86,3137.71,2496.66,37.08,20.9,211.44
2513,45,P2P,Savannah Chavez,CC,70544689,GB27YJSL90191172463148,2024-09-27 04:54:14,Chile,Colombia,6312.75,4685.54,3785.17,1566.96,0.52,17.78,116.74
2514,429,Remesa,Michael Alvarez,DNI,52453527,GB09NSQE93350007757845,2024-08-29 01:49:45,Argentina,Chile,1647.02,2467.89,320.45,2613.03,8.77,19.09,446.68
2515,124,Remesa,Mr. Christopher Davidson III,RUT,89180337,GB22NHZK84071236505872,2024-03-16 22:44:48,México,Chile,4625.25,2087.83,2098.57,2024.49,12.08,24.82,22.14
2516,274,P2P,Alec Hines,CPF,12871767,GB20VJWG99188924812331,2024-12-30 12:05:47,Chile,México,4687.66,3553.89,1146.99,4823.5,11.56,8.01,417.03
2517,380,Exchange,Christina Baker,DNI,69862588,GB78VBXB98973283979603,2024-10-02 19:15:00,Colombia,Colombia,4937.15,3643.57,311.13,3250.42,28.28,17.18,382.11
2518,917,Exchange,Alan Bruce,RUT,40345508,GB45SSWR99405140969909,2024-05-11 21:29:15,Argentina,Perú,1152.18,4012.59,4705.09,1162.03,46.44,24.68,364.72
2519,621,Tarjeta,Robert Vaughn,RUT,78868549,GB40HGHZ65213291245244,2024-02-10 04:51:10,México,Chile,4530.51,1287.18,144.8,1745.99,14.57,7.67,211.2
2520,621,P2P,Scott Watson,CPF,34738434,GB12GQYM96826924707446,2025-01-01 10:38:05,México,Perú,3861.76,1124.36,8317.7,1052.84,16.94,6.9,17.15
2521,826,Remesa,Kathleen Gomez,CPF,50313216,GB31JZJP67423969212997,2024-07-22 04:01:05,Chile,Chile,4265.98,4339.04,3985.76,776.7,17.95,0.68,266.94
2522,211,Remesa,Valerie Johnson,CC,63329150,GB92AJSS17675362283142,2024-12-06 11:00:06,Chile,México,3028.59,3585.6,1119.57,456.4,5.44,24.28,281.39
2523,387,Remesa,Melissa Cox,CPF,76416021,GB45BBMO41870568372505,2024-09-17 14:17:35,Perú,Chile,3687.58,786.17,7490.19,3008.07,20.17,9.05,248.62
2524,124,P2P,Jason Moore,CC,13583922,GB53MEUV93933014259390,2024-09-16 15:26:36,Perú,Perú,4730.47,4055.75,8260.49,410.1,34.72,15.93,344.23
2525,513,Tarjeta,Johnny Francis,CC,37611872,GB23FHMU47563078777596,2024-03-23 21:21:06,México,Perú,3452.38,4502.02,2782.65,4273.62,46.7,23.83,148.1
2526,290,Tarjeta,Michael Larson,CPF,79557806,GB90JYQC46793734966410,2024-06-03 19:07:58,México,Perú,3063.59,3589.82,4658.8,2875.59,24.34,4.78,55.09
2527,637,Remesa,Elizabeth Wilkerson,CPF,76701724,GB42YISX65133799653585,2024-06-10 12:02:29,Perú,Colombia,5592.5,1507.95,4809.36,609.15,2.67,18.55,247.96
2528,439,Remesa,James Stone,CPF,90187876,GB75ABQZ60607663270225,2024-10-15 16:52:48,México,Perú,1513.81,4786.22,8585.28,3048.6,42.29,14.22,57.51
2529,903,Exchange,Eileen Coleman,RUT,26319174,GB81TAJD68199582247278,2024-04-07 02:09:42,Colombia,Argentina,9221.79,3084.65,4043.29,1902.31,22.15,19.4,239.14
2530,621,Remesa,Sarah Woods,CPF,69495284,GB62PTXF18688083376029,2024-04-27 17:50:08,Chile,México,3262.59,507.75,8888.67,2991.95,45.52,1.56,27.78
2531,816,Tarjeta,Barry Morales,DNI,18312074,GB36PCJK69459532708122,2024-04-08 23:55:20,Colombia,México,6309.89,3298.53,4468.2,1252.54,17.54,15.34,259.39
2532,690,Remesa,Brittney Thompson,CC,50389670,GB52RWZY62000927065288,2024-08-26 02:07:33,Colombia,Argentina,9131.15,2258.42,1485.31,1325.47,6.12,9.88,118.99
2533,431,Tarjeta,Elizabeth Harris,CPF,56930812,GB68MYOG63653459160900,2024-03-15 09:16:11,Chile,México,9345.4,1254.18,679.25,4735.87,8.85,6.09,246.06
2534,677,Tarjeta,Elizabeth Odom,CC,79235636,GB68ACZO54178783692825,2024-06-08 12:21:55,Colombia,Colombia,4754.91,3038.54,214.49,2982.98,38.69,18.92,256.4
2535,230,Exchange,Stephanie Burch,DNI,99598404,GB61VUOB68588292168235,2024-04-08 13:34:57,México,Perú,5156.82,950.54,3279.4,3817.71,0.49,17.76,155.55
2536,888,Remesa,Adam Smith,DNI,22499833,GB08QHFN77462139137082,2024-03-10 05:49:54,Chile,Perú,9211.13,560.27,7237.14,1546.31,26.06,2.15,63.72
2537,354,Tarjeta,Dr. Timothy Burgess,RUT,56571856,GB09CXDK05635055602919,2024-03-28 10:31:25,Colombia,Argentina,1228.5,4898.79,5271.23,1793.72,38.16,12.07,96.89
2538,668,P2P,Sherry Berry,CPF,77628376,GB24FHFE88273565473015,2024-05-10 23:18:54,Chile,México,1357.67,4126.0,1322.43,620.99,22.82,7.74,113.17
2539,48,P2P,Michael Gutierrez,RUT,15579269,GB29SXOT22423311580278,2024-07-15 23:10:44,Perú,México,2836.47,4351.56,5286.54,4273.82,9.86,15.12,374.14
2540,310,P2P,John Fisher,CC,23952761,GB73WHOV12825389691241,2024-11-27 02:39:25,Argentina,Colombia,9944.68,4559.9,2082.28,2892.96,43.64,18.27,426.52
2541,22,Remesa,Aaron Davis,DNI,70631985,GB64KENH95624954587368,2024-02-23 10:36:03,Colombia,Chile,4097.78,1286.75,8324.29,3233.35,35.77,18.39,412.74
2542,671,P2P,Colton Payne,DNI,47026524,GB73MYOI14670392655011,2024-12-11 19:16:00,México,Argentina,6449.91,3463.12,5966.65,1173.55,9.16,18.31,211.78
2543,835,Exchange,William Baker,DNI,84917397,GB75JCVA09404837755204,2024-06-05 22:10:00,Chile,Perú,4121.49,4998.73,5023.91,4799.12,28.19,23.96,135.39
2544,19,Exchange,Donald Brown,CPF,16983646,GB79TNMY11229093039895,2024-08-11 11:16:10,Argentina,Colombia,5509.77,4394.42,3073.56,1302.53,42.77,11.59,133.71
2545,30,Exchange,Robert Sullivan,CC,88873669,GB04TPFB13847898863270,2024-08-15 03:26:58,Chile,Chile,4362.09,3238.53,5297.68,3053.51,46.33,15.45,394.6
2546,8,Tarjeta,Janet Nelson,CPF,49300993,GB51GDMS09859641219258,2024-08-13 16:40:37,Chile,México,1884.87,4627.02,7279.92,607.86,40.15,9.88,470.0
2547,432,Remesa,Brian Vasquez,CC,59387383,GB93EXIK82766876265803,2024-06-27 20:55:13,Chile,Perú,9557.79,254.95,3675.91,407.97,39.1,23.74,238.9
2548,974,P2P,Edward Robinson,DNI,56505437,GB11JQTA34428917424894,2024-05-03 04:53:45,México,Argentina,3786.76,1590.15,9448.73,2573.31,27.1,14.68,320.1
2549,669,P2P,Gabriel Dickerson,CC,22281628,GB44PJGI46588186133402,2024-06-15 11:31:39,Colombia,Argentina,2254.38,3997.33,1487.3,806.34,27.09,24.8,105.34
2550,339,Remesa,Sharon Maldonado,CC,29274043,GB46JJXN20445530013638,2025-01-18 11:36:31,Colombia,Colombia,3101.26,376.45,8339.48,4084.99,26.8,2.2,47.96
2551,885,Exchange,Curtis Greer,CPF,76837331,GB44QOQG40831439349213,2024-07-05 07:51:12,Perú,Chile,1395.98,4102.09,3985.65,1166.89,18.96,4.73,116.56
2552,565,Remesa,Wanda Hill,CC,87430288,GB07ROBO73763352114218,2024-06-03 11:06:37,Argentina,Perú,9584.49,3133.6,5521.84,225.67,41.18,7.14,41.01
2553,811,Tarjeta,Brooke Gray,CC,49178336,GB57ZWRY04392727806109,2024-11-30 05:53:26,Chile,México,7384.08,2985.29,8062.97,1862.81,29.51,11.56,418.63
2554,802,P2P,Michael Graham,DNI,91354440,GB52NZIM58654712962087,2024-04-11 07:39:12,Perú,Perú,5734.48,168.0,4379.39,2356.02,29.16,5.7,138.78
2555,310,Tarjeta,Martha Herman,RUT,81146036,GB34DBKF95253517166900,2024-01-29 17:00:06,Colombia,Argentina,5999.33,1942.44,6490.6,1104.87,39.42,1.38,375.45
2556,488,Tarjeta,Jordan Powell,DNI,72581190,GB92KEDJ30242585139831,2024-06-19 20:41:38,Argentina,Perú,6627.19,2654.44,9515.35,177.4,16.24,4.0,367.97
2557,392,Tarjeta,Brittany Williams,CC,59747434,GB62WRVM64696129738392,2024-10-04 14:20:12,Argentina,Colombia,2850.46,4719.39,8313.47,3747.23,17.36,13.25,370.19
2558,980,Tarjeta,Nicholas Anderson,RUT,90267728,GB45UGRH75289154865663,2024-02-28 06:35:16,México,México,9510.87,4970.33,8857.87,4663.28,45.38,17.18,212.59
2559,863,P2P,Steven Walsh,DNI,55573275,GB71NYSN83729497979268,2024-07-25 13:31:44,Colombia,Chile,1722.47,4583.26,8581.05,3858.84,30.62,10.19,331.06
2560,212,P2P,John Dennis,CC,28267006,GB98UGPS88479766516539,2024-01-28 03:12:52,Perú,Chile,4398.72,2803.45,2213.5,143.24,46.98,6.71,313.85
2561,181,Exchange,Linda Graves,RUT,25463437,GB85ZWUB70717211748796,2024-02-09 02:36:54,Chile,Chile,3852.11,1898.86,686.79,1045.92,30.63,14.27,191.17
2562,311,Exchange,Dana Schwartz,DNI,96731780,GB39NROE17284932360675,2024-12-01 20:41:05,Colombia,México,4935.22,714.91,3346.84,2773.08,45.26,22.36,113.21
2563,932,Tarjeta,Benjamin George,CPF,13986725,GB15QQKH64311760302787,2024-11-04 12:16:30,Chile,Argentina,4636.81,805.93,9177.72,4780.43,27.36,7.85,303.87
2564,501,Tarjeta,Samantha Torres,DNI,52861383,GB66RUTM32870883292403,2024-11-05 20:07:38,México,Colombia,6051.99,3205.33,8549.2,714.77,12.45,8.86,92.59
2565,657,P2P,Jessica Lopez,DNI,32035029,GB22SZKY87863041124932,2024-03-16 08:08:39,Chile,Chile,5552.89,1407.83,3071.09,2083.81,0.01,14.92,196.13
2566,759,Remesa,Jeffrey Frazier,DNI,48868472,GB33FAND70637067408073,2024-06-10 21:43:03,Chile,Colombia,5113.79,1234.81,9274.91,3122.43,19.93,16.53,196.07
2567,631,Tarjeta,John Benson,CPF,60724963,GB80GBEJ33379131680621,2024-02-17 22:34:26,México,Perú,1898.8,2282.19,3184.52,1718.95,49.33,3.05,108.03
2568,943,Remesa,David Johnson,CC,19371366,GB68QJSC01809867776956,2024-07-19 15:45:05,México,Colombia,5571.49,2268.31,5741.79,1676.18,48.7,10.72,298.83
2569,504,Exchange,John Gonzalez,DNI,11563299,GB52SWBJ21239834719750,2024-09-01 02:24:07,Colombia,Perú,4032.2,326.32,7945.87,2421.17,45.12,24.5,266.02
2570,124,Remesa,Rebekah Dalton,CPF,83230233,GB76KEIA36184144615488,2024-08-04 15:17:57,Chile,México,3940.14,3598.27,1151.32,1831.7,48.83,4.32,419.92
2571,123,Exchange,Tracy Thomas,DNI,11700851,GB42ZLNH49207942320287,2024-05-06 18:24:34,México,Chile,4335.26,4152.61,1816.29,4827.48,14.93,16.0,139.05
2572,866,Remesa,Mary Mcintyre,CPF,52647873,GB81MDKS33783170113680,2024-07-27 05:44:34,Chile,Colombia,644.44,266.64,1581.56,4204.94,39.88,5.64,241.58
2573,136,Exchange,Tammy Moore,DNI,33096780,GB95TQQG99861183549011,2024-06-04 09:28:16,Argentina,México,8091.11,3516.09,6767.48,4940.99,36.69,7.91,65.23
2574,930,Tarjeta,Nichole Lopez,CPF,94122325,GB97LOGF72143444777966,2025-01-16 17:01:47,Colombia,Perú,3016.5,2350.87,1802.46,4233.16,5.84,2.06,276.69
2575,863,Remesa,Kimberly Miller,DNI,47355122,GB38RZWH31814466560961,2024-03-13 19:40:40,Perú,México,3677.03,3889.15,480.14,3865.17,12.73,9.91,24.87
2576,476,Tarjeta,Michael Henry,CPF,48434327,GB32XQBT25408634293373,2024-08-20 10:19:29,Chile,Colombia,7972.11,2126.23,6718.94,529.33,22.58,9.34,12.66
2577,359,Tarjeta,Connie Bowman,CPF,95145546,GB35EXCB38825656312339,2024-06-10 15:37:32,Perú,Chile,9664.34,961.22,9716.45,4367.55,1.53,11.63,108.29
2578,54,Remesa,Daniel Johnson,RUT,46968675,GB33OXWP53345437653186,2024-02-14 13:51:47,México,Chile,8927.83,4537.16,6504.0,1718.46,41.65,17.05,265.06
2579,94,Exchange,Craig Webb,CC,44160714,GB52JGOH94056764715311,2024-07-13 23:44:08,Chile,México,3984.09,2209.62,3783.77,911.98,14.49,21.82,63.65
2580,647,P2P,Veronica Cooper,CPF,56005344,GB60PDVL73140178282845,2024-08-16 16:25:32,Colombia,Perú,5206.06,4041.24,7367.28,3598.12,11.23,1.72,96.83
2581,666,Exchange,Kimberly Murphy,CC,51746142,GB03XMOD83996712462907,2024-11-16 23:02:36,Argentina,Chile,8457.85,3911.07,7217.96,3434.11,15.66,7.53,146.33
2582,487,Exchange,Kayla Alexander,RUT,48319752,GB86MZVU77433082757106,2024-07-08 12:38:14,Colombia,Colombia,3719.31,2509.44,9051.15,880.99,39.86,14.9,99.92
2583,77,Remesa,Joy Taylor,CC,31177839,GB71PAST94583668014617,2025-01-20 00:56:13,Perú,Perú,5441.67,1114.31,4963.95,3980.74,45.45,17.36,270.32
2584,35,Exchange,Isabella Montoya,CPF,56427737,GB04DLPY51271975628882,2024-07-31 21:54:19,Argentina,Chile,9762.84,2069.63,7313.63,2240.01,38.04,12.39,413.79
2585,894,Exchange,Christopher Hale,CPF,47597110,GB27EKBT38331770974232,2024-05-25 20:22:50,Chile,Chile,1961.61,4070.89,1863.86,2176.96,36.23,18.01,240.71
2586,535,Remesa,Omar Edwards,CC,31472686,GB55LRKP93744778761919,2024-05-20 12:52:04,Chile,Colombia,6191.82,2675.98,6917.04,1220.74,2.27,3.68,28.86
2587,987,P2P,Jamie Johnson,RUT,97307389,GB97HJBQ61923724273771,2025-01-21 10:14:53,México,Argentina,6187.93,2466.93,8800.41,3449.75,47.13,0.18,264.75
2588,42,P2P,George Peterson,CPF,91519271,GB17RHDC89065862787233,2024-04-15 07:36:20,Perú,México,6982.69,4462.6,4023.58,4900.66,15.49,4.86,405.24
2589,126,Remesa,Bradley Horn,RUT,86506115,GB79ZUPF09993884882203,2024-11-08 00:36:45,Chile,Argentina,3966.19,613.84,3667.45,4223.35,24.78,14.86,311.55
2590,204,P2P,Stephanie Erickson,RUT,60310431,GB88LIIK76449748911557,2024-02-18 11:20:00,Chile,Chile,2926.62,4065.3,9691.03,738.89,3.54,18.06,385.3
2591,295,Remesa,Paul Ayers,CPF,50525130,GB36SSYX19368246607499,2024-02-03 06:47:20,Perú,Perú,4357.07,162.17,9594.23,4158.76,40.21,17.44,71.75
2592,309,Remesa,William Dunn,DNI,71256613,GB12QGSS83811515939471,2024-09-22 16:40:51,Argentina,Colombia,2802.47,793.22,3894.83,4065.1,20.03,4.99,473.7
2593,735,P2P,Ryan Martinez,CPF,17162377,GB89HBSO99986483200969,2024-10-05 20:56:27,Chile,Colombia,6215.55,3936.39,3136.76,3584.57,3.98,9.55,194.33
2594,143,Remesa,Kari Garner,DNI,80652551,GB56XLFA21750105190300,2024-08-17 10:28:00,Chile,Perú,895.61,1808.84,1066.86,1129.34,29.15,16.11,153.69
2595,153,Remesa,Nathan Medina,RUT,16934397,GB70IOBC20745520357155,2024-05-13 00:01:52,Perú,Chile,3867.41,2719.42,891.53,3637.79,14.78,10.96,412.71
2596,723,P2P,Sierra Cooper,CC,13784203,GB45KRAA81111970565864,2024-07-23 14:23:34,Perú,Argentina,2488.13,4395.25,3852.23,2567.27,13.82,21.72,451.03
2597,57,Exchange,Robert Watkins,CC,71939184,GB88EILV43537397037413,2024-11-12 20:02:59,Colombia,Argentina,9412.07,3088.27,3135.9,3790.75,36.91,4.2,375.16
2598,241,Exchange,Julie Hansen,CPF,45362742,GB14MCJI60517965279306,2024-12-04 11:02:00,Colombia,Perú,1035.78,3718.59,5647.72,1750.66,24.24,4.89,369.84
2599,986,Exchange,Tracy Weeks,CPF,56218170,GB12FLZT16384249194600,2025-01-21 02:17:41,Perú,Argentina,3818.4,4316.08,3372.35,3662.96,19.19,15.22,172.63
2600,669,P2P,Michael Howell,DNI,84865967,GB27MWMP61341212604573,2024-08-28 18:02:10,Colombia,Colombia,4583.26,3282.33,1706.7,3886.35,48.04,5.44,69.07
2601,164,Tarjeta,Jennifer Ellis,DNI,37947316,GB63UZAT91364344265244,2024-04-06 19:05:16,Colombia,Argentina,4613.21,4073.88,1205.23,2629.38,24.57,6.06,231.0
2602,925,Exchange,Katherine Price,RUT,84656450,GB93BFGF92905963566861,2024-07-04 08:30:09,Argentina,Argentina,1138.14,2884.41,871.81,1082.53,7.88,23.87,21.72
2603,332,P2P,Amy Martinez,CPF,73565788,GB58SEJO93212385411473,2024-08-30 13:50:16,Chile,Chile,3194.32,2235.98,695.17,3615.38,42.94,21.06,343.11
2604,506,P2P,Kelly Robertson,DNI,98976584,GB12FBEV51853694107805,2024-05-28 19:43:44,Chile,Argentina,4666.94,4656.45,8417.8,2920.05,9.47,4.6,46.55
2605,70,Tarjeta,Shaun Joyce,RUT,46944196,GB80EBIR26940347250758,2024-05-02 00:36:52,Colombia,Colombia,2027.52,3436.23,5796.65,4755.06,17.21,7.67,71.09
2606,779,Remesa,Courtney Mitchell,DNI,70226087,GB28KVFL69165055326684,2024-01-23 18:17:43,México,Colombia,9865.82,1129.51,2840.4,471.2,21.06,1.87,345.71
2607,84,Tarjeta,John Coleman DVM,CPF,85176974,GB84OXNI91689184992819,2024-03-16 00:02:50,Colombia,Perú,8990.97,846.78,6250.12,4351.06,32.85,19.3,307.46
2608,163,Tarjeta,Christopher Castro,CPF,86418854,GB87PATS09318746078921,2024-02-16 17:07:51,Perú,Chile,9720.8,1390.69,7578.15,4945.75,30.97,12.18,126.98
2609,468,P2P,Kelly Curtis,CPF,11435378,GB48GNSO54288424393672,2024-05-03 16:58:07,México,Colombia,9787.85,1201.31,3120.68,664.07,25.32,4.66,199.64
2610,729,Tarjeta,Ashley Odonnell,DNI,15766040,GB80YTWA29840372724052,2024-10-01 15:12:04,Argentina,Argentina,6049.87,2757.02,8595.77,4489.46,23.59,7.77,77.49
2611,131,Tarjeta,Tamara Rivera,CC,30464432,GB04IJMR09607917539238,2024-08-05 21:27:08,Argentina,Chile,8445.55,4429.67,6512.43,822.45,3.4,14.6,193.66
2612,150,Tarjeta,Jordan Davis,CPF,49959557,GB08QABI07593861413038,2024-12-02 04:17:27,México,Colombia,566.36,2700.11,7334.98,4077.16,43.68,10.26,408.02
2613,4,P2P,Jason Johns,CPF,27433966,GB64IFHS94941698326057,2024-05-21 16:13:18,Chile,México,2948.67,2605.54,3455.37,4716.04,31.82,21.37,468.32
2614,268,Exchange,Christopher Morgan,CC,92135100,GB62ZNSV85369463106654,2024-09-23 19:37:50,México,México,8573.03,2134.53,2649.33,2403.99,5.08,21.69,457.97
2615,40,P2P,Zachary Johnson,RUT,53614433,GB02PAVF99462695012372,2024-06-20 14:24:08,Chile,Argentina,3590.33,1436.44,3073.87,1612.09,48.13,6.93,339.68
2616,944,Exchange,Ashley Smith,RUT,78263304,GB27MLGM29853561935290,2024-11-30 00:23:30,Perú,Argentina,6967.85,835.77,208.46,1553.24,49.76,8.28,286.69
2617,163,Tarjeta,Aaron Osborn,CPF,51420324,GB07SZUE84424374242986,2024-04-09 07:25:44,Argentina,Argentina,5601.25,885.57,6276.03,3530.13,36.82,3.91,394.83
2618,798,Tarjeta,Ashley Savage,RUT,94462373,GB50BYKA87454531906810,2024-01-26 21:13:49,Colombia,México,2492.17,2916.07,5855.46,1019.83,27.99,19.46,106.5
2619,373,Remesa,Kenneth Robinson,CPF,75035659,GB30SKQF09202444534228,2024-02-21 10:56:02,México,Perú,128.34,284.19,7949.62,2229.45,28.94,23.44,459.92
2620,434,Remesa,Elizabeth Edwards,DNI,13186437,GB08YKZU89368601165773,2024-08-08 01:48:29,México,Colombia,2832.04,3243.98,8925.55,639.24,46.82,9.74,120.51
2621,600,Exchange,Whitney Alvarez,CPF,27379080,GB43XSCW48003982819412,2024-08-21 12:25:11,Chile,Colombia,2880.67,4021.85,8025.27,354.36,22.37,3.9,315.39
2622,747,Remesa,Joshua Green,RUT,67616152,GB13DZDA25194197617651,2024-05-09 04:16:59,Chile,Colombia,8922.7,4269.95,7761.94,3295.07,10.14,12.96,431.52
2623,80,Exchange,Shelby Morris,CPF,94063337,GB93YCDQ20289525865165,2024-11-06 10:38:33,Argentina,Chile,3252.56,3658.78,1776.21,2308.28,39.9,23.67,273.97
2624,517,Tarjeta,Joseph Wells,CPF,89442110,GB54ZBIC48926383973385,2024-06-09 00:21:55,México,Colombia,3542.34,527.1,8356.23,3005.22,28.29,3.58,299.97
2625,891,Tarjeta,Terry Holmes,RUT,96597952,GB05VWGV43216539647150,2024-12-18 19:25:17,Argentina,México,8911.68,3229.1,3528.0,3276.08,4.56,8.53,412.21
2626,118,Tarjeta,Yolanda Vargas,RUT,28785310,GB06AVFS05275449203935,2024-04-23 03:03:09,Chile,México,3842.23,4825.7,2362.49,1141.58,5.8,16.63,291.01
2627,594,Remesa,Olivia Lawson,RUT,32208927,GB17UBJM72068692917502,2024-09-28 14:57:19,Colombia,Perú,2448.26,2715.85,2559.6,4443.73,43.16,15.03,470.68
2628,440,Remesa,Jacob Flowers,CPF,13930042,GB32ORHJ21509195219201,2024-09-20 12:28:21,Perú,Perú,9699.08,3017.32,7420.36,3180.48,21.88,22.09,37.58
2629,554,P2P,Christina Reed,CC,25439290,GB76FXWR31696300297501,2024-02-02 07:04:23,Colombia,México,4918.74,1552.62,3025.18,4118.99,15.13,2.37,277.15
2630,406,Exchange,Craig Conner,RUT,58605029,GB40OJZH27877622584746,2024-06-24 01:05:52,Chile,Argentina,970.34,3880.76,2925.91,57.45,26.63,20.3,105.81
2631,116,Exchange,Lauren Haley,CPF,48478376,GB53PYCT88937686920941,2024-09-26 18:11:03,Colombia,México,5005.11,1452.49,2856.25,1688.11,38.83,5.56,311.34
2632,324,Remesa,Amy Mccann,DNI,99200197,GB88DOBH70525771439136,2024-11-04 10:43:48,Argentina,México,838.66,4799.54,582.52,1327.74,36.69,12.79,305.34
2633,264,P2P,Savannah Moore,DNI,55004761,GB58ZFIT25089688870336,2024-02-29 18:48:20,Argentina,Colombia,3870.11,3173.43,8397.33,4647.66,1.05,22.98,88.99
2634,767,Remesa,Jay Jenkins,CC,20152987,GB76MKAR33341387487903,2024-04-10 20:58:51,México,Argentina,859.17,4070.47,4271.03,1197.39,44.93,2.71,244.75
2635,502,P2P,Justin Wilson,CC,16984958,GB58MNWJ13946230690812,2024-02-25 20:36:42,Perú,México,4399.55,1313.66,5253.87,2297.18,3.07,24.04,299.71
2636,688,Exchange,Robert Washington,RUT,87880065,GB69TRDR77028842448043,2024-08-19 12:57:09,México,Colombia,9749.62,4100.9,9246.07,3905.11,17.43,17.5,68.97
2637,422,Remesa,Joseph Hughes,DNI,38089913,GB75EPHZ05436729025088,2024-08-13 03:09:40,Chile,México,6927.33,3453.81,8609.77,3732.8,33.41,20.43,294.75
2638,385,Tarjeta,Misty Lee,CPF,37613237,GB43OWOC67587424082715,2024-07-15 03:17:44,México,México,2796.36,2616.24,987.83,1987.63,46.1,8.18,95.84
2639,438,Tarjeta,Eric Martinez,DNI,21555428,GB45BKFG72941064417611,2024-10-09 04:46:01,Perú,Colombia,8280.62,4882.77,899.26,4097.5,21.65,5.76,241.8
2640,881,P2P,Ryan Waters,DNI,89509152,GB23FWSJ72571266203297,2024-06-21 14:04:30,México,Chile,4816.92,3873.51,9596.33,3318.18,31.74,15.94,36.62
2641,652,P2P,Shawna Edwards,CPF,37420327,GB74KRAP73190255980042,2024-07-15 03:15:50,Chile,Colombia,1253.68,3537.55,8785.82,933.62,21.42,1.4,447.18
2642,214,P2P,Suzanne Johnson,RUT,78161790,GB34UUET22020101292132,2024-08-26 22:49:18,Chile,Colombia,3392.41,3707.6,5288.62,1912.58,47.4,19.63,375.39
2643,748,Remesa,Jose Butler,RUT,24803869,GB72THAP86970541976071,2024-04-20 08:28:56,Perú,Chile,3275.88,3090.48,3890.71,4006.22,28.9,24.23,242.45
2644,708,P2P,Ashley Burton,CC,54426182,GB62BPNE33407456230925,2024-11-27 11:23:09,Colombia,Colombia,9804.75,618.73,9262.85,648.63,17.04,13.96,64.29
2645,599,P2P,Wesley Williams,RUT,69030371,GB86PYML81139881888145,2024-10-11 08:49:42,Chile,Chile,8500.72,3975.95,5285.83,537.11,17.58,11.05,473.3
2646,738,P2P,Madeline Garcia,CPF,98077249,GB25YPIC88285843483662,2024-03-19 12:57:24,Argentina,México,4767.72,1030.07,1177.95,3215.31,5.8,11.16,157.21
2647,864,P2P,Christina Norton,RUT,31480070,GB77MJPS82708095692668,2024-11-24 04:23:43,Chile,Colombia,8574.86,738.21,1562.23,3232.99,29.08,9.33,75.44
2648,971,Remesa,Jacob Taylor,CC,50093962,GB80XPYE26127351385548,2025-01-01 20:17:15,Argentina,México,5193.34,1921.76,1255.62,852.35,6.1,21.52,145.18
2649,614,Exchange,Elizabeth Watson,CPF,92929726,GB42LFCX48732462765462,2024-11-20 12:18:59,México,Chile,2379.28,1282.59,3255.83,2330.03,18.68,15.06,334.27
2650,871,Remesa,Zachary Martinez,RUT,91768885,GB35TINA87828471555826,2024-06-16 11:06:36,Chile,Perú,9615.57,577.61,4277.11,1008.68,20.98,19.44,150.1
2651,479,P2P,James Farmer,CC,72316157,GB65KGWW19619349572562,2024-04-27 20:04:27,México,México,6918.35,3111.69,8881.47,930.71,43.93,8.04,208.18
2652,863,Tarjeta,Michael Shaffer,DNI,17298555,GB72KXYN48725386268015,2024-07-05 01:09:39,Colombia,Chile,6611.7,2473.64,1481.83,2335.44,36.02,4.11,407.62
2653,747,Tarjeta,Cody Morgan,DNI,99423720,GB13NMYT03042659317108,2024-12-15 10:24:33,Colombia,Colombia,8724.91,2183.28,3426.82,154.53,25.57,19.48,318.99
2654,664,Exchange,Melissa Esparza,RUT,15717495,GB73ZPAA41424792282217,2024-08-03 16:18:44,Colombia,Colombia,9560.7,605.62,7990.7,2298.09,37.71,2.83,172.14
2655,350,Remesa,David Ingram,CPF,15561077,GB25PYVI10825728106416,2024-11-01 04:52:28,México,Chile,3967.55,4715.06,9908.12,2425.02,20.4,1.36,378.89
2656,503,Tarjeta,Edward Rivera,CC,60259492,GB48AKFW28647502468271,2024-11-06 06:33:02,Argentina,Perú,4067.41,1545.3,7132.24,2835.15,25.66,13.59,29.93
2657,292,Exchange,Aaron Butler,DNI,99135461,GB49AGXX82840799632131,2024-10-02 22:41:16,México,Colombia,9250.07,59.87,4703.27,3607.93,34.87,23.53,27.7
2658,136,Remesa,Derek Stevens,DNI,43594908,GB95SCYS81181729734725,2024-12-08 05:12:01,Colombia,Perú,4850.62,664.32,619.4,3739.32,46.23,19.66,301.08
2659,704,Remesa,Samantha Carroll,DNI,50383443,GB67SJRT88108357735620,2024-11-11 08:30:35,Perú,Perú,199.28,64.86,1790.94,4222.7,46.96,17.9,108.45
2660,485,Exchange,Jeremy Tyler,CC,60495911,GB12DALK05684418908223,2024-04-30 14:14:30,Chile,México,3408.78,4431.22,5220.11,2957.71,46.27,19.46,49.83
2661,693,P2P,Jason Mcclain,CPF,74522569,GB07MCWR69622609981656,2024-11-03 04:53:37,Chile,Perú,2673.67,1057.96,7326.88,2006.54,16.49,12.21,396.5
2662,668,Remesa,Brittany Gallagher,RUT,98425291,GB96TWRJ68442110677167,2024-03-13 19:36:53,Colombia,Perú,8434.64,4914.7,1813.17,4374.88,24.2,4.89,77.83
2663,673,Remesa,Melanie Daniel,CC,77039615,GB05AJWZ00585467225121,2024-08-04 13:23:17,México,Perú,3128.59,1539.36,9266.26,4323.33,35.06,6.47,236.64
2664,354,P2P,Samuel Fowler,RUT,46162934,GB95HONU36656211756074,2024-12-17 14:17:47,Perú,Argentina,4037.78,3101.92,2246.26,1206.33,43.9,1.47,429.39
2665,746,Exchange,Ian Hahn,CC,62087303,GB18NJIM39019964991111,2024-12-22 23:08:27,Perú,Argentina,3324.67,3032.19,339.42,2748.79,10.31,16.74,415.82
2666,587,Remesa,Julie Brown,CC,58715672,GB92MIAL62436728844861,2024-04-19 20:44:26,Colombia,México,5861.17,1910.86,6295.62,2986.56,36.7,8.43,75.19
2667,216,Exchange,Melissa Harper,RUT,79932049,GB08MWTM13240882525066,2024-04-15 13:10:01,Perú,Chile,3541.24,1497.46,5448.3,2044.59,32.71,14.58,181.69
2668,708,Remesa,Daniel Everett,CPF,78940802,GB77SBBO68552471977673,2024-10-06 20:28:50,Argentina,Perú,1721.85,956.97,2199.67,1507.79,18.13,8.67,241.96
2669,546,P2P,Kimberly Glover,CPF,20652053,GB68OVIC34257402206770,2024-02-22 02:37:33,Argentina,Perú,5047.99,3429.6,9295.25,2456.99,23.83,4.32,467.81
2670,328,Remesa,Ryan Beck,DNI,67053322,GB02GFDO19657072294552,2024-10-22 21:01:44,Perú,Argentina,7353.73,362.99,6944.11,1778.58,30.58,0.57,139.29
2671,161,Tarjeta,Vanessa Dodson,CPF,10233185,GB44CREU44400874234436,2024-08-15 10:10:13,Argentina,Chile,5193.69,3674.0,5292.47,3889.06,8.32,0.58,300.11
2672,195,Exchange,Jesus Coleman,RUT,61170975,GB27RNYC67948756770991,2025-01-10 17:14:27,Chile,Perú,2234.49,4676.03,7575.72,4906.64,45.41,21.37,167.33
2673,444,Remesa,Anne Jacobs,CPF,84013397,GB11GNBF59832690588870,2025-01-15 00:43:44,Argentina,México,9413.07,3186.21,1378.67,1730.82,2.23,24.38,63.44
2674,296,Remesa,Nancy Richardson,CC,63668324,GB78XEPQ56683520943227,2024-11-27 19:22:27,México,Chile,8928.92,746.33,8555.45,3042.91,1.55,13.11,266.92
2675,435,P2P,Anthony Moore,CC,49356838,GB83ZWBS42342992201688,2025-01-19 01:21:37,Argentina,Chile,3743.53,1963.86,952.19,4655.12,16.39,17.46,402.68
2676,598,P2P,Paul Wallace,DNI,18580520,GB51RBEE21447058979624,2024-06-19 06:14:24,México,Perú,1068.81,618.11,3500.19,2813.87,44.55,3.61,172.06
2677,688,Tarjeta,Louis Jacobs,RUT,49105158,GB73VHUI40744178102714,2024-11-27 17:51:26,Colombia,México,1855.35,3161.58,2103.92,2997.27,6.77,12.35,222.08
2678,866,P2P,Tonya Jenkins,CPF,30880027,GB41DXXZ73926140035044,2024-11-02 19:39:56,Colombia,Perú,6465.77,725.36,257.24,955.07,28.31,11.38,93.78
2679,187,Tarjeta,Heather Melendez,CC,84077450,GB92SXFS06661333282518,2025-01-15 07:56:07,México,Colombia,6240.3,2271.41,3753.63,790.54,44.55,24.14,67.29
2680,547,Exchange,Janet Jones,RUT,76535854,GB41MVZJ48090199396662,2024-06-28 07:04:09,Argentina,Argentina,4131.43,1966.66,9757.43,1974.81,2.59,8.56,102.31
2681,536,P2P,Jose Brooks,CC,30802777,GB96ZVQV55726205931423,2024-05-02 07:26:08,Chile,Chile,4846.14,1415.82,6298.35,3762.15,34.32,2.14,275.16
2682,586,Remesa,Jenna Ortega MD,CPF,26222482,GB76XBCJ01768146694414,2024-11-22 15:40:22,Chile,Colombia,6567.84,4381.9,3371.88,3930.88,44.8,15.82,428.66
2683,988,Exchange,Regina Anderson,DNI,80578142,GB31QODF32828036965708,2024-03-30 13:59:09,Argentina,Perú,7755.65,1952.98,845.43,3145.1,48.5,21.59,125.95
2684,946,Tarjeta,Claudia Hays,DNI,77018940,GB84OTQR01940043919050,2024-09-08 05:16:40,Argentina,México,9129.68,3908.31,7309.44,2944.49,28.62,20.8,189.4
2685,505,P2P,William Soto,RUT,61622509,GB69ADJO66802890437466,2024-02-28 10:06:15,Colombia,Perú,9587.41,2785.35,6590.25,360.07,2.94,18.78,401.34
2686,292,Remesa,Kevin Greene,CC,34170539,GB72JBHM95180025332776,2025-01-14 02:22:47,México,México,1412.87,285.79,6952.46,1371.09,0.61,6.41,443.11
2687,17,Exchange,Linda Lutz,DNI,62093364,GB90HKPH99905214314708,2024-07-05 20:10:57,Perú,Perú,6119.32,2047.39,2522.85,4867.45,34.5,11.16,473.31
2688,607,Remesa,Kenneth Cook,CPF,58341342,GB89OQSS55960752155641,2024-07-02 01:27:50,Perú,México,5109.14,1453.14,9792.18,3002.52,20.06,9.39,417.91
2689,92,Tarjeta,Anthony Smith,RUT,53109419,GB29PRQL47842564840789,2024-11-23 19:32:01,Perú,México,8764.08,1437.25,3135.13,2423.24,17.22,3.31,22.81
2690,695,P2P,Christopher Campbell,DNI,28268858,GB03NJKX22527105791514,2024-05-08 19:40:53,Colombia,México,6106.35,1182.69,8792.49,2117.58,44.44,7.76,213.01
2691,437,Tarjeta,Cynthia Garcia,RUT,95386508,GB09FFOA87746172762964,2024-08-01 00:14:59,Colombia,Argentina,7726.56,567.36,9957.95,4923.51,2.51,1.07,277.88
2692,818,Exchange,Bethany Thomas,RUT,20314077,GB46XXLN82262588281099,2024-03-13 13:41:11,México,Argentina,1328.29,2621.11,9683.22,499.51,1.64,23.98,315.33
2693,86,Tarjeta,Jessica Campbell,CC,58310022,GB46HTAN14180935824876,2024-06-02 22:21:19,Colombia,Argentina,5219.79,2278.12,9413.56,3318.55,43.64,16.32,442.44
2694,126,Exchange,Hunter Dawson,CPF,10148987,GB98KXMN09177456756172,2024-10-09 17:29:44,Colombia,Colombia,6158.21,4822.24,4972.47,3519.74,32.56,1.49,343.25
2695,851,P2P,Susan Ramos,CC,87303380,GB79OBSA79705001836339,2024-08-15 19:39:18,México,Argentina,2982.73,3447.48,1714.44,1303.65,40.8,24.12,26.71
2696,740,Exchange,Hunter Stevens,CPF,75875166,GB15IGYD19617275794322,2025-01-21 19:15:09,Colombia,Chile,9868.13,4736.06,4071.67,4475.03,22.38,14.73,147.32
2697,612,Tarjeta,Levi Thomas,CPF,18172602,GB76QKNO69905126668393,2024-12-30 17:48:14,Chile,Chile,9809.08,129.38,4067.17,2362.97,8.79,24.41,390.43
2698,430,Exchange,Karen Wilson,RUT,55058561,GB14LBMB42979708376059,2024-05-13 16:08:30,Argentina,Colombia,2689.32,3548.72,4089.81,1135.74,48.43,12.77,217.43
2699,959,Remesa,Stephanie Davis,DNI,11221646,GB58PWIK83932433292841,2024-11-08 04:09:01,Colombia,México,5667.29,936.72,9865.02,2981.02,16.16,13.01,27.5
2700,720,Remesa,James Bennett,CPF,67901471,GB94FXPF08420009250678,2024-08-03 01:09:32,Chile,Perú,8346.43,2948.37,1638.99,3531.54,20.0,20.76,403.03
2701,184,Exchange,Ricky Avila,CPF,96584864,GB36VPVH24740659701223,2024-08-14 06:50:32,México,Perú,2880.32,3193.6,227.58,2130.48,8.37,10.15,101.46
2702,858,Remesa,Ann Gardner,DNI,82678718,GB80DZCO25824171571379,2024-07-18 19:33:35,Chile,Colombia,5467.76,1279.63,4920.25,451.17,33.08,8.65,387.56
2703,516,Exchange,Mr. Ryan Murphy,DNI,18093988,GB88CRWV72596228201695,2024-08-23 03:19:04,Perú,México,2710.13,3962.44,1359.6,1728.9,37.09,5.98,307.69
2704,415,P2P,Dr. Jordan Cross,CC,51175027,GB43MLMX49654634060380,2024-06-25 02:34:16,Colombia,Argentina,5583.51,4331.31,4818.17,4276.67,35.24,16.08,317.22
2705,2,Tarjeta,Charles Hernandez,DNI,38541829,GB51ZIBE32539404911942,2024-03-22 12:52:22,Colombia,México,7220.34,1833.37,7010.06,3610.48,21.46,11.89,489.37
2706,160,Exchange,Robert Nguyen,RUT,65664120,GB21OVUJ87527698036232,2024-07-12 21:45:28,Argentina,Perú,9814.52,785.07,9417.96,1854.08,39.3,16.98,400.73
2707,541,P2P,Michael Hendrix MD,CPF,84720902,GB15SYZZ14672715858451,2024-07-13 01:19:23,México,Colombia,3728.82,1098.13,485.72,1827.0,27.06,19.89,63.19
2708,50,Remesa,Jeffrey Marshall,CPF,78653442,GB29GNWD96012374392604,2025-01-04 06:50:04,Perú,Perú,2304.99,4478.55,7639.95,2170.15,15.72,10.0,378.72
2709,963,Exchange,Brett Clark,DNI,27668747,GB89NXRT32138588059034,2024-08-18 00:05:59,México,Colombia,1299.74,3426.01,9618.34,2092.35,33.85,23.42,209.42
2710,968,Exchange,James Cruz MD,CPF,15887711,GB06QINE41135011981958,2024-07-12 22:10:44,Argentina,México,8154.75,1173.36,205.88,2943.43,14.29,12.15,134.79
2711,431,Exchange,George Clayton,DNI,30000233,GB67NMMY14875830930407,2024-11-09 21:54:49,México,México,4668.61,680.6,2827.6,2648.35,48.8,7.73,487.62
2712,403,P2P,Shane Bowman,CC,76226861,GB24FKHC48888883790748,2024-04-09 23:36:08,Colombia,México,7850.15,1702.08,537.04,1933.82,18.75,11.64,411.52
2713,334,Tarjeta,Daniel Jones,CPF,45168392,GB40BNYA58021940680012,2024-09-19 22:09:47,Colombia,Argentina,7398.66,59.07,3524.11,3175.24,28.24,0.51,372.42
2714,138,Remesa,Sherri Callahan,RUT,78356717,GB97OELL36256749938646,2024-09-24 01:22:04,Perú,Colombia,8022.63,3729.74,7301.33,4706.41,15.43,24.96,289.59
2715,340,Remesa,Kristen Molina,RUT,55135105,GB50CECJ31083773778512,2024-03-24 14:03:17,Colombia,Colombia,9365.81,4011.53,1640.54,3174.35,13.52,4.06,334.29
2716,707,Remesa,Richard Miller,RUT,22770111,GB21NGGJ60394365593952,2024-08-07 20:00:46,Chile,Perú,8148.69,1406.51,4571.28,2994.89,35.54,19.94,492.32
2717,311,P2P,Allison Rodriguez,DNI,42758148,GB10FDHC87209220419089,2024-04-10 20:53:56,Argentina,Argentina,627.3,116.71,6814.99,703.91,49.2,11.66,286.44
2718,914,P2P,Patrick Arnold,RUT,52216031,GB61DUYL64067814082106,2024-11-18 19:42:13,Perú,México,2540.09,3581.94,8543.13,4291.02,12.26,6.7,264.64
2719,820,P2P,Derrick Ellis,CC,68131697,GB04QXGY90671790898944,2024-07-05 17:41:04,Perú,Colombia,2818.23,2281.52,4746.86,4584.97,42.82,7.3,208.58
2720,446,P2P,Chase Ayala,DNI,94625472,GB94RNLE33221783415449,2024-06-03 20:54:53,Colombia,Colombia,5892.27,2054.54,5616.3,4385.78,16.93,7.1,434.61
2721,275,Exchange,Dr. Mary Valenzuela DDS,DNI,62346597,GB97RGQO79867136854292,2024-07-06 09:13:04,Chile,México,7308.07,4459.93,8190.83,1544.73,43.17,15.5,262.09
2722,733,P2P,Leslie Grimes,CPF,59382288,GB63EKNG77178552091916,2024-05-30 19:28:19,Argentina,Argentina,5025.91,2723.74,6171.48,761.11,6.84,8.77,268.58
2723,674,Exchange,Laura Frazier,CC,72478525,GB44NZFZ82548620542920,2024-03-25 11:25:10,Colombia,Perú,3287.01,741.06,2061.46,2937.64,15.13,23.28,207.81
2724,414,P2P,Kaylee Fox,DNI,59593556,GB18IBMS11346053280844,2024-08-20 06:31:00,Argentina,México,652.02,1624.7,6080.14,2705.24,49.23,11.63,169.33
2725,784,P2P,Christopher Berger,DNI,27566098,GB55WHCP26285540165338,2024-06-30 17:15:02,México,Perú,1602.75,311.13,2846.23,3640.85,1.8,17.86,421.37
2726,406,Remesa,James Lara,CC,61217222,GB34JDQD34110916063732,2024-08-02 14:45:25,Chile,Perú,3047.12,2763.57,9130.92,4874.87,19.02,4.23,309.01
2727,122,Remesa,Kelli Moon,CC,16293522,GB71OUDU36642800093179,2024-02-20 08:22:36,Perú,Chile,3807.92,4935.67,5121.08,1266.45,18.46,18.07,107.8
2728,818,P2P,Christine Adams,CC,93990250,GB13OAUF05093785419296,2024-08-25 16:46:02,México,Argentina,8151.48,2975.61,9438.24,1397.13,15.94,11.47,40.09
2729,374,Tarjeta,Richard Wilson,DNI,69365542,GB15XUFX71403158313867,2024-04-26 19:58:29,Perú,Argentina,3749.12,4385.03,1646.33,2701.04,39.89,18.82,411.5
2730,1,Exchange,John Davis,CPF,82037958,GB27WIMU98138070059937,2024-02-23 10:03:13,Chile,Chile,8150.41,2618.43,793.47,4473.76,46.33,22.36,75.26
2731,200,Exchange,Erica Williams,DNI,60489811,GB61OLSR73789382712807,2024-04-05 11:29:52,Chile,Argentina,459.43,4115.91,3090.85,4516.3,20.28,15.74,329.35
2732,966,Tarjeta,George Rodriguez,DNI,66212569,GB56XGXR73406171258995,2024-08-14 11:57:25,Colombia,México,2932.65,4928.77,6018.84,964.17,9.61,23.79,336.88
2733,310,Exchange,Jacob Jones,CPF,98340516,GB77ZPOE17282049800884,2024-10-29 09:37:39,Perú,Colombia,7387.2,454.12,9080.99,198.52,49.91,10.41,489.46
2734,645,P2P,Kimberly Johnson,CPF,90347078,GB04GQDV96133837398027,2024-09-21 16:53:21,Chile,Perú,2627.15,3769.85,7418.74,2940.78,35.74,5.16,131.44
2735,60,Remesa,April Butler,RUT,69060868,GB38ZCIG11679133663674,2024-12-12 13:06:10,México,Argentina,2724.27,4028.91,8777.4,4792.73,8.21,6.56,270.1
2736,236,Exchange,Mrs. Holly Moran MD,RUT,52670323,GB53KSJT28636122191522,2024-03-31 19:08:59,Perú,Perú,9923.84,996.06,6258.97,4440.08,1.17,5.6,322.26
2737,196,Remesa,Alison Johnson,CC,51291887,GB53HLEF29059127772345,2024-05-22 10:46:02,México,Chile,8726.21,3643.31,645.75,2697.42,14.12,17.17,271.43
2738,818,Remesa,Tyler Smith,CC,57880079,GB35ZDKB38667079123133,2024-03-11 01:04:15,Chile,Colombia,1386.24,4714.21,1866.44,2277.68,9.34,5.86,318.68
2739,579,P2P,Mr. Steven Sanchez MD,CC,49000583,GB72MFRG64851174801215,2024-06-11 22:45:49,Argentina,Chile,9251.08,1428.24,8533.42,1894.32,27.3,24.36,267.02
2740,366,Tarjeta,Robert Shaffer,CPF,58691540,GB84GPWA27065190511119,2025-01-01 15:48:56,Chile,Chile,6656.69,1682.58,3269.58,3909.27,24.99,17.67,492.68
2741,161,P2P,Dale Bradley,DNI,70528776,GB41HMLP45046169756630,2024-03-19 10:44:14,Argentina,Chile,9159.93,2959.04,2192.59,758.36,31.29,9.34,474.7
2742,825,Exchange,Allison Higgins,RUT,29098585,GB25OGUH91305016491618,2024-08-09 11:47:46,México,México,1893.3,4609.18,1990.67,1948.4,36.43,10.69,483.23
2743,877,Remesa,Laura Chapman,RUT,55354764,GB36NYEO04841553577181,2024-10-06 03:36:13,Colombia,Colombia,167.71,3680.19,7377.92,2404.88,2.67,24.58,46.64
2744,692,Exchange,Samantha Graham,DNI,72848106,GB85TNQP20239685617949,2024-09-30 17:10:49,Perú,Argentina,3388.5,3625.39,1313.49,2745.13,15.51,12.32,21.56
2745,203,P2P,Robert Novak,CC,95641076,GB94XRYM17755143257082,2024-05-05 11:55:13,Argentina,Colombia,6855.17,2995.98,7268.86,3062.4,20.06,17.27,298.64
2746,681,Exchange,Jessica Patel,CC,26767809,GB27UTKS94926380975845,2024-12-22 15:32:14,Colombia,Argentina,5459.81,3238.15,492.85,3055.19,49.42,7.7,58.62
2747,522,Remesa,Peter Andrews,CC,56308989,GB03BPOR81659901821293,2024-10-05 11:27:37,Perú,Chile,8045.34,766.46,324.38,669.16,40.22,18.08,163.58
2748,918,Tarjeta,Cristian Watson,CPF,58625895,GB84IORA86696813788986,2024-04-16 18:48:47,México,Perú,5415.26,3137.09,9774.64,3964.67,39.8,11.22,448.49
2749,627,Exchange,Robert King,CPF,55691040,GB64EECP06945548423976,2024-05-10 18:59:10,Perú,Argentina,884.94,4809.24,7773.23,3877.23,49.9,24.24,126.25
2750,93,Remesa,Chloe Johnson MD,CC,39752364,GB94GUKX99206552938827,2025-01-09 10:04:27,México,Perú,2353.9,2225.29,4003.73,76.25,16.2,24.93,173.27
2751,696,P2P,Kevin Valdez,CC,46249842,GB42JYSK34372412523182,2024-12-05 20:25:07,Argentina,Perú,3090.09,2756.79,9556.82,4204.51,29.91,5.43,91.48
2752,477,Remesa,Frank Brooks,RUT,93393961,GB13WJHV77398915259157,2024-06-05 06:34:12,Perú,Perú,4604.76,3127.38,3135.78,1996.42,23.18,3.59,108.45
2753,671,P2P,Michelle Gutierrez,DNI,34805557,GB46UXNB81127957692734,2024-11-15 00:45:09,Colombia,Colombia,3305.53,2057.38,5981.28,3990.53,41.58,3.07,380.1
2754,72,Exchange,Sean Holmes,CPF,79522636,GB03RTCL71300277462094,2024-06-25 23:23:34,Perú,Argentina,4144.22,3152.41,3280.71,1993.79,40.6,14.62,209.28
2755,161,Remesa,Benjamin Poole,RUT,27259709,GB31FXCA38298517852236,2024-12-24 16:22:56,Argentina,Argentina,8358.0,686.5,2268.28,111.04,3.43,0.82,396.99
2756,822,Remesa,Nicole Barnes,DNI,90987283,GB51UPEJ67203915404068,2024-09-13 16:44:37,Perú,Chile,1702.53,1588.87,3918.34,1984.54,38.14,23.17,446.26
2757,922,P2P,John Byrd,CPF,48758908,GB73AKJC32066218751644,2024-03-05 03:20:20,Colombia,Colombia,3207.11,2126.82,1085.35,1733.35,25.01,6.59,425.35
2758,843,Remesa,Scott Willis,CPF,44002878,GB86QGGC04286269951877,2024-02-18 01:34:11,México,Argentina,3196.77,4842.04,7925.92,4960.48,7.16,18.1,370.9
2759,121,P2P,Bonnie Woods,DNI,76276457,GB53PXZD39538982630783,2024-08-11 00:32:36,Chile,México,4634.61,198.9,4221.02,1160.12,33.12,14.74,330.19
2760,987,P2P,Jacqueline Golden,RUT,83499392,GB92VJUN38109543741257,2025-01-15 18:27:24,México,Chile,8869.03,1320.44,6253.65,3445.51,29.85,20.03,213.34
2761,358,P2P,Joyce Rivers,CC,51593989,GB48XLZD40522560273578,2024-07-10 23:03:19,Chile,Colombia,1681.61,174.06,8436.12,4923.69,7.82,18.41,150.27
2762,170,Remesa,Mario Griffin,RUT,60776742,GB97FFHE66985433194094,2024-06-27 07:12:41,Chile,México,7968.23,717.25,9348.28,3293.47,44.38,11.06,62.45
2763,797,Tarjeta,Terrance Baker,CPF,73063114,GB40DWIS17910977813276,2024-04-18 11:21:51,Chile,México,4376.76,3942.8,1977.42,4599.84,20.41,14.54,66.56
2764,624,P2P,Cindy Rice,RUT,71928382,GB43LYRK95675021887527,2024-05-12 07:12:02,México,Colombia,2695.47,3695.09,7875.11,3644.22,48.85,21.13,247.41
2765,934,Tarjeta,Mark Monroe,CC,68848865,GB08PHMM99598951347649,2024-04-27 21:54:13,Argentina,Chile,8461.02,3282.49,790.94,4573.06,15.5,13.11,53.1
2766,161,Exchange,Amanda Melendez,CPF,35688279,GB83TQZV08962263163486,2024-08-23 08:54:58,Argentina,Argentina,7666.14,1452.98,2397.74,2270.73,23.9,1.19,292.31
2767,506,Tarjeta,Robert Figueroa,CC,38278067,GB56AHOW97327214990740,2024-12-07 05:06:43,Colombia,Colombia,1738.88,779.29,785.88,889.91,40.39,6.73,344.38
2768,839,Tarjeta,Lisa Russell,RUT,40352839,GB83CXRF33095952024529,2024-06-14 06:08:31,Chile,Chile,9064.09,383.69,1896.46,4548.95,36.46,2.38,275.05
2769,841,Exchange,Austin Cummings,CPF,76621371,GB17FUEX01726630132506,2024-09-07 16:29:35,Colombia,Chile,6281.55,3191.24,4527.32,795.34,9.97,6.32,284.9
2770,273,Exchange,Randy Perkins,CPF,88468147,GB35GOTM05960732500947,2024-03-18 06:33:18,México,Chile,8178.33,803.33,3346.58,2496.76,2.21,15.47,366.43
2771,993,P2P,Lauren Sullivan,RUT,39364591,GB34FJQY60588588224401,2024-10-27 04:59:34,Colombia,Colombia,2508.9,2488.18,2316.18,4828.49,5.81,5.69,193.8
2772,950,Exchange,Melissa Rodriguez,RUT,82520411,GB95JGBX11995563385723,2024-02-23 20:18:34,Chile,México,6226.79,1185.16,521.84,1194.07,23.85,11.02,88.88
2773,486,P2P,Jodi Simpson,DNI,75927195,GB56MUNG89657107114021,2024-03-28 07:09:53,Colombia,México,5284.75,1282.79,4094.25,604.17,38.91,10.73,285.34
2774,367,Exchange,Cynthia Davis,RUT,17290554,GB86NATJ22040191509391,2024-05-07 13:12:47,México,Colombia,4565.89,3402.15,8967.09,2525.87,36.86,11.91,202.61
2775,808,Remesa,Ryan Coffey,RUT,67986589,GB65NRBM55431629361387,2024-08-31 16:30:17,Argentina,Colombia,4341.05,2545.65,1815.03,345.59,48.83,21.67,58.49
2776,184,Remesa,Ronald Burton,CC,32773908,GB72PTUA23210772679637,2024-04-17 08:29:50,Perú,México,9939.21,3497.95,1876.32,4705.91,32.24,13.17,93.07
2777,329,Remesa,Derek Curry,RUT,75300040,GB64CYOM12434748980123,2024-04-05 21:19:18,Perú,Chile,2659.84,3740.17,431.72,830.07,18.39,8.77,71.36
2778,38,Tarjeta,Brian Cox,CPF,45582863,GB54YKMK93973675257003,2024-10-31 00:02:52,Colombia,Colombia,9685.2,4822.32,5118.99,1898.37,3.53,19.0,83.92
2779,611,Tarjeta,Jeffrey Jacobs,CC,68932351,GB85TQIT97150841250829,2024-08-02 02:41:17,Chile,Chile,1334.67,558.23,6807.58,311.1,7.92,23.78,110.18
2780,339,Remesa,Emily Bryan,RUT,82525265,GB68HVPR61002107041790,2024-05-28 18:10:45,Perú,México,4724.02,537.57,7513.37,938.75,2.92,20.7,59.11
2781,259,Tarjeta,Vanessa Hunt,CC,99839184,GB51LGBM48084031922327,2024-10-16 23:10:26,Perú,Argentina,3763.25,1919.05,9529.2,1152.46,5.6,24.95,304.4
2782,219,P2P,Todd Frost,RUT,78891569,GB55MIAI98511133098570,2024-07-19 19:39:30,Chile,Argentina,4809.86,4756.55,6725.1,2766.81,49.08,17.63,486.53
2783,460,Tarjeta,Jodi Robertson,CC,82773418,GB06FWBW91834377607985,2024-12-10 22:47:15,Perú,Chile,8582.32,2738.05,7355.32,119.9,15.89,1.95,144.5
2784,641,P2P,Melissa Mitchell,RUT,25645843,GB05HUFV39321939022851,2024-12-15 21:27:45,Perú,Chile,2893.4,4909.01,8321.56,2889.55,33.56,18.78,152.7
2785,16,Tarjeta,Wesley Zamora,CC,11846872,GB84GOXP91791642009028,2024-02-29 01:11:00,Colombia,Chile,6969.55,3255.82,8853.31,3971.07,2.79,19.89,450.13
2786,357,Tarjeta,Robert Allen,CC,87567605,GB52HJXC93588393883319,2024-02-29 02:12:11,México,Colombia,2534.47,2634.98,7572.89,2831.87,17.64,5.16,235.29
2787,212,Exchange,Charles Bentley,CPF,59229339,GB77TOYM76441328508707,2024-05-08 13:19:06,Chile,Argentina,5807.29,753.6,1975.38,3004.73,2.81,8.85,35.69
2788,500,Tarjeta,Katie Rivera,CC,50202338,GB42EPLO97546942348904,2024-02-28 23:31:07,Perú,Colombia,9031.86,4770.39,9982.39,1614.14,14.01,0.41,342.1
2789,612,Tarjeta,Robert Evans,CPF,51229301,GB57HIPJ18435364500522,2024-02-28 05:15:55,México,Chile,5946.23,1583.96,8744.55,166.18,15.29,18.18,173.73
2790,279,Tarjeta,Mary Aguilar,RUT,19532580,GB10NJNG86579312850804,2024-08-31 08:33:32,México,Perú,7124.72,1898.82,3726.92,996.56,40.96,20.93,357.4
2791,79,Remesa,Julie Schwartz,CPF,26444069,GB77EVXW66827948233646,2024-12-14 17:07:13,Chile,Chile,3617.32,2086.21,2554.84,1545.68,36.29,10.38,325.48
2792,322,Exchange,Lance Little,DNI,92485846,GB71BDNI60663821206860,2024-12-30 17:47:28,Argentina,Chile,2259.78,3717.65,7784.71,4858.7,20.94,2.06,379.52
2793,999,Tarjeta,Anna Roberts,RUT,86184880,GB49CORG49134749857818,2024-09-28 02:49:16,Colombia,Perú,172.4,4743.01,2535.18,2029.67,49.06,19.46,250.5
2794,560,Tarjeta,Megan Rodriguez,DNI,19225999,GB63RHBJ00515404646345,2024-10-20 18:15:37,México,Colombia,1498.7,1302.48,8261.41,3124.79,43.92,2.92,391.51
2795,138,Tarjeta,Alexis Carpenter,CPF,65246820,GB30RYSS59155539358249,2024-05-10 14:25:03,Colombia,México,9587.04,4405.56,8107.75,3801.74,17.51,11.03,454.7
2796,961,Exchange,Ryan Owen,CC,21333305,GB18ZSKX26888347003386,2024-06-15 17:30:04,Perú,México,3264.99,1689.02,4521.36,4731.43,48.26,1.31,77.91
2797,920,Exchange,Patrick Lam,CC,36296123,GB07WAIG70174954831864,2024-07-26 23:35:18,Chile,México,9323.3,4096.01,7113.64,676.47,21.75,11.14,178.21
2798,202,Remesa,Scott Huang,RUT,49720366,GB09NKOS13768558354841,2025-01-09 16:31:52,Colombia,Chile,3103.26,1309.17,1272.54,119.25,35.59,3.25,77.06
2799,220,P2P,Sarah Robinson,DNI,37178365,GB81HLEN91132363083373,2024-04-24 03:19:17,Argentina,Chile,6192.78,1823.38,5798.01,4318.8,22.09,5.96,76.94
2800,56,Exchange,Teresa Moore,RUT,42531932,GB17FMOR82450208378661,2024-06-23 06:18:39,Perú,Colombia,913.64,2934.88,2872.11,1598.28,32.86,17.24,485.03
2801,594,Exchange,Amy Jones,RUT,50284282,GB87ONRS18219821922655,2025-01-08 02:23:58,Chile,Perú,6227.43,1949.54,9183.06,1732.14,7.26,7.28,280.21
2802,146,Remesa,Brian Kane,RUT,26934505,GB62CYQP67442124879242,2024-09-19 05:25:08,Argentina,Chile,9092.18,3488.53,3010.84,2402.89,46.74,12.03,278.3
2803,784,Tarjeta,Michael Smith,CC,94637367,GB83IMLD12353248607291,2024-08-17 04:53:59,Perú,Chile,7750.84,4541.33,1372.79,2896.32,15.21,4.75,221.2
2804,504,Exchange,Jared Carney,RUT,59591477,GB57ETPM90075785930369,2024-07-01 23:46:37,Chile,Chile,5968.14,1053.86,5624.03,4691.53,32.38,6.35,240.19
2805,674,Exchange,Melanie Gay,RUT,10339336,GB68DDCW70937722067645,2024-12-02 04:22:24,México,Colombia,4045.7,4921.78,6742.97,608.42,5.01,21.04,55.47
2806,897,Tarjeta,Benjamin Ruiz,RUT,70287988,GB74YDKQ65827648251264,2025-01-01 13:36:25,México,Colombia,4271.9,2476.31,494.33,1001.13,25.23,16.04,104.68
2807,578,P2P,Jeremy Oliver,CPF,76502678,GB62KOPD61046289633766,2024-05-03 22:29:30,Perú,Argentina,485.78,3600.18,5916.72,3891.57,5.74,9.08,339.83
2808,883,Tarjeta,Jane Patterson,CPF,21208479,GB24RJDF69599338430391,2024-12-16 01:40:32,Colombia,Colombia,2316.32,2896.92,1630.6,4773.41,49.64,14.4,133.35
2809,710,Exchange,Brad Orozco,DNI,55793471,GB21PBRA99598538127984,2024-04-25 13:27:10,México,Colombia,7766.41,2905.71,3998.28,100.6,46.77,11.19,356.31
2810,657,Remesa,Sandra Roach,DNI,26650816,GB24WXUX15014725675205,2024-08-07 16:26:22,Chile,México,8746.38,4282.34,8487.47,4380.07,31.23,8.81,308.23
2811,464,Remesa,Erik Richards,DNI,79980361,GB24DWUF21464312118346,2024-03-20 06:04:29,Argentina,México,3699.14,2659.51,3149.24,725.37,10.64,2.22,127.79
2812,801,P2P,Alyssa Mcknight,DNI,75027675,GB61IQRW89757614016951,2024-02-12 23:03:32,Chile,Colombia,2696.1,2440.78,344.98,4135.41,39.64,1.58,108.63
2813,548,P2P,Megan Johnston,RUT,66174840,GB28SOTD54418917211054,2024-07-12 12:30:49,Colombia,Chile,9219.54,2850.43,5990.89,914.06,8.84,17.71,266.29
2814,879,Tarjeta,Diane Powers,CPF,58552549,GB81FLED06459660805004,2024-06-03 14:05:23,Chile,Argentina,8689.73,3564.17,9516.07,2998.29,40.46,24.17,103.04
2815,301,P2P,Paul Bruce,CC,84216030,GB71UJYK72016701085035,2024-07-12 21:54:13,Chile,Colombia,1080.14,4182.39,7601.47,3180.92,13.25,17.42,349.46
2816,122,Remesa,Trevor Perkins,CC,59277230,GB94AJFE88543046211868,2024-02-20 18:02:37,Chile,Argentina,9262.33,1082.59,1775.97,2567.59,24.26,10.48,379.88
2817,600,Tarjeta,Gary Edwards,CC,18456610,GB85DGLG12317841639186,2024-08-26 01:10:43,Argentina,Chile,6273.95,4408.83,6763.89,554.56,3.76,3.53,441.75
2818,963,Remesa,Shawn Hansen,CPF,84365401,GB83GSYR28225614988674,2024-07-22 02:48:40,Perú,Chile,2377.18,3746.37,3902.12,582.97,32.21,24.6,272.62
2819,765,Remesa,Emily Jones,CPF,30055429,GB69BNDT48879454227444,2024-04-14 07:22:26,Colombia,Perú,4187.64,72.5,287.8,4771.63,38.28,12.31,362.32
2820,898,Exchange,James Huff,CC,15119251,GB23MMLL90218821307791,2024-06-10 16:23:56,Perú,Argentina,4879.47,834.52,2986.67,1490.17,33.24,23.47,242.61
2821,119,P2P,John Duffy,CC,83559765,GB34YVMC25900986495338,2024-02-20 14:34:04,Perú,Colombia,3328.48,1347.69,9899.8,1235.5,40.76,18.32,124.75
2822,633,Remesa,Karen Walter,DNI,86620745,GB63DKJT96623504806786,2024-12-09 02:47:52,Chile,Colombia,6406.46,193.12,1999.16,2888.83,4.45,18.18,405.93
2823,403,Tarjeta,Olivia Livingston,RUT,40056597,GB19MUOD17152061878749,2024-01-23 11:41:36,Chile,Argentina,7012.05,2612.0,1927.52,3984.62,11.1,19.09,408.23
2824,900,Exchange,Timothy Morales,DNI,20883334,GB68WTVY64300379430001,2024-08-02 07:07:19,Colombia,Colombia,5730.73,4690.98,2880.63,3883.72,18.13,7.09,384.71
2825,227,P2P,William Simmons,CPF,96298600,GB08PRFC50712365031155,2024-05-19 05:16:52,Argentina,Chile,6635.87,2221.76,4442.53,920.83,39.13,21.4,294.86
2826,679,Exchange,Jamie Brown,DNI,68224968,GB84NIRP85458390638367,2024-11-25 20:47:08,Colombia,Colombia,8657.62,4726.05,1137.54,2550.62,48.03,12.5,118.67
2827,378,P2P,Laura White,RUT,65053676,GB56CYTO41640286243567,2024-11-02 22:39:58,Chile,México,6727.69,979.47,9511.19,4972.23,4.86,6.42,382.1
2828,702,Tarjeta,Sarah Michael,DNI,52368395,GB81YGXB31123707770282,2024-10-17 01:02:15,Perú,Colombia,6913.98,2420.26,534.15,584.35,40.33,2.09,352.76
2829,146,Tarjeta,Ryan Ortiz,RUT,44732009,GB41KHSU25946483955341,2024-11-04 00:15:36,Perú,Chile,7745.01,2042.6,8911.59,4214.13,9.04,20.08,371.24
2830,897,Tarjeta,Heather Morrison,CC,74121119,GB52AVQE28169537969254,2024-09-30 02:08:30,Colombia,Chile,1385.75,55.94,1090.99,4428.87,25.76,14.13,431.3
2831,730,Remesa,Thomas Campbell,CPF,82060744,GB89HFLE64427855604654,2024-04-08 20:40:53,Perú,Chile,9707.93,2018.47,5864.62,701.74,20.76,8.36,175.41
2832,906,P2P,Valerie Stein,CPF,79443640,GB07WMDK76840351558354,2024-02-17 16:58:13,Colombia,México,4372.08,1158.55,3783.09,1801.06,48.29,6.48,270.82
2833,483,Tarjeta,William Ballard,CC,26810046,GB74SVGE87079432365344,2024-10-31 17:21:56,Chile,Perú,1234.28,4776.47,2924.9,2534.53,16.3,18.0,372.33
2834,19,Tarjeta,Jerry Gray,DNI,78560347,GB08JWKO03588060089138,2024-02-15 08:11:15,Colombia,Colombia,9278.15,2163.65,9052.02,1396.33,28.05,5.34,38.04
2835,118,Remesa,Suzanne Guerrero,DNI,20718654,GB12LBIM64595759405933,2024-11-25 06:14:54,Colombia,Chile,7868.27,4286.35,7264.33,1399.91,1.8,8.13,419.51
2836,621,P2P,Donald Page,CC,21945310,GB31BJTD16496556873715,2024-07-03 08:05:42,Perú,Colombia,2882.74,590.87,9267.23,2086.95,20.73,7.16,275.87
2837,142,Tarjeta,Rebecca Hamilton,DNI,12993508,GB11SOJW82626689772712,2024-06-29 12:10:39,México,Chile,6558.8,1730.62,5844.59,4016.82,8.0,1.97,193.47
2838,389,Tarjeta,Peter Hill,DNI,84691732,GB05HPSY37128092608351,2024-06-20 14:18:44,México,México,1812.88,2769.68,9038.2,2623.83,24.2,14.73,430.16
2839,631,Exchange,Mary Ford,CPF,72924287,GB03FPNC89551311750365,2024-02-15 12:16:51,México,Argentina,2196.32,3709.39,4627.86,1520.18,9.33,23.64,68.92
2840,538,Tarjeta,Lisa Moore,CC,56193665,GB94CLFZ61772117574364,2024-05-27 15:40:22,Chile,Perú,6698.05,570.36,4678.74,4145.09,10.12,7.08,244.68
2841,126,P2P,Elizabeth Levy MD,DNI,27592397,GB84POCF99012236483363,2024-12-20 07:28:15,Chile,Argentina,4173.05,4941.23,5892.83,2988.59,15.74,23.88,383.47
2842,37,Exchange,Tyler Hill,DNI,37854294,GB30REST69080772279687,2024-10-22 09:43:15,México,Argentina,2458.4,2556.32,7824.79,2596.34,15.15,21.58,32.28
2843,111,Exchange,Jason Barrett,DNI,49464336,GB60PMNH73144819444856,2024-08-07 06:34:17,Chile,Colombia,2119.83,798.77,870.83,1989.12,4.29,24.99,113.88
2844,318,Exchange,Linda Roberts,DNI,87239789,GB90TVEF34464091968907,2024-09-18 09:02:32,Perú,Chile,1237.41,4795.0,4618.95,4138.54,47.68,22.51,144.46
2845,937,Exchange,Stacy Morales,CPF,21449678,GB30TFUI99785204310711,2024-10-19 16:59:14,Argentina,México,4975.91,1464.67,2510.79,3852.05,36.34,7.5,228.74
2846,337,Remesa,Randy Johns,RUT,99448106,GB19ENIY72833654113971,2024-06-09 22:05:56,Argentina,Colombia,5414.63,2219.17,1272.53,4960.8,48.34,20.16,149.29
2847,161,P2P,Lee Rocha,RUT,71247650,GB04GNIE43449823627461,2024-02-07 01:19:39,Colombia,México,8606.55,4772.29,5060.57,1015.31,11.67,6.49,194.18
2848,544,Remesa,Melinda Parker,CPF,89068449,GB04OODN57283344671949,2024-08-05 22:40:22,México,Chile,1993.36,4508.11,3800.97,3293.99,13.68,7.59,61.59
2849,199,Remesa,James Jenkins,DNI,79522456,GB84MELF24294220711599,2024-12-03 01:10:47,México,Chile,5643.58,1104.82,5691.09,2278.79,38.55,0.03,190.91
2850,996,Tarjeta,Debra Fox,CC,35354759,GB22IHDG03791912695723,2024-08-26 19:17:19,Colombia,Colombia,4082.79,1904.03,898.36,225.39,35.83,4.65,183.77
2851,278,P2P,Robert Wolfe,CPF,93456468,GB71MMMF37985182773204,2024-09-12 08:58:23,Chile,Perú,6973.18,2911.55,4011.98,2203.93,7.53,19.45,78.15
2852,595,P2P,Brandy Parks,RUT,39517784,GB56ZALD84399497998558,2024-08-01 22:27:05,Colombia,México,8688.73,1763.98,5030.32,3852.76,37.94,2.22,288.53
2853,581,P2P,Ann Rivera,DNI,83550507,GB44HUGV68938206590683,2025-01-17 11:21:04,Chile,Colombia,3839.18,3947.01,7621.81,3886.89,38.74,7.41,486.43
2854,353,Exchange,Donna Bishop,CC,82253491,GB18HEPX74977669636469,2024-10-17 15:23:51,Chile,Argentina,7334.52,3819.68,938.32,4385.15,39.11,17.76,443.55
2855,10,Exchange,Henry Stewart,DNI,91381707,GB69HCMD64318952485012,2024-01-30 03:44:20,México,México,6321.69,622.7,6262.56,3421.77,39.08,24.76,405.18
2856,519,Remesa,John Ware,RUT,22718436,GB73RSZS75244612807387,2024-08-15 20:32:39,Argentina,Argentina,1623.46,2209.25,8707.88,4477.71,18.98,10.45,204.15
2857,726,P2P,Tiffany Cortez,DNI,70551011,GB77IOEK96898091442032,2024-08-30 20:59:58,México,Colombia,7931.68,520.82,6487.88,3561.92,15.15,8.31,414.96
2858,965,Tarjeta,Misty Baldwin,DNI,25711007,GB78DTJY76249810940981,2024-12-21 23:06:26,Argentina,Perú,6165.77,1190.3,8192.65,4539.41,22.08,4.5,421.26
2859,167,P2P,Randall Hodges,DNI,30336434,GB88ABFT71125648550298,2024-07-19 21:10:56,Colombia,México,7449.71,4005.24,5505.96,4709.93,27.82,19.98,29.36
2860,69,Tarjeta,Katherine Shields,RUT,94171100,GB81RHUJ84456813169595,2024-07-22 04:11:14,Colombia,Perú,9873.56,4969.41,756.42,1003.32,31.92,6.0,246.17
2861,766,Tarjeta,Carol Rodriguez,CC,14971174,GB58ELVU63050679059128,2024-06-12 08:05:04,México,Argentina,4207.64,3200.48,3710.61,1260.77,8.96,4.69,170.27
2862,881,Tarjeta,Brandon Brown,DNI,88099011,GB25LXUU08527182176399,2024-08-26 22:38:59,México,Colombia,2894.45,691.14,6535.72,2335.07,20.29,2.2,409.8
2863,892,Tarjeta,Derrick Brown,CPF,21105966,GB15RXBN56686333384639,2024-08-11 01:39:50,Chile,Argentina,5857.69,2853.75,6350.48,4108.23,42.93,2.88,19.9
2864,87,P2P,Aaron Curtis,CC,89129756,GB49IRZC64250662014852,2024-05-14 13:57:22,Chile,Chile,726.79,4655.87,1919.42,2377.82,3.92,3.37,209.23
2865,539,Tarjeta,Sara Alexander,RUT,77219090,GB23NVCQ91892436381066,2024-07-05 14:12:58,Chile,Argentina,9882.52,4797.23,404.47,4805.94,42.9,20.02,302.98
2866,29,Tarjeta,Jamie Moyer,DNI,46689733,GB59QBUP81849323606022,2024-10-02 13:49:02,Chile,Argentina,4028.72,2627.6,1512.08,4146.4,9.37,3.3,266.65
2867,616,Remesa,Karen Chavez,CC,93611925,GB16YOBU87840734161190,2024-10-09 16:07:48,México,Perú,672.52,1999.26,5481.03,151.37,17.0,2.18,354.71
2868,187,P2P,Craig Williams,CPF,50803471,GB63GJEI05450308707649,2024-11-26 11:37:01,México,Colombia,1995.49,852.68,7678.22,4049.02,28.8,7.68,92.37
2869,438,P2P,Andrea Bradley,RUT,73799774,GB58FUBR70769065611804,2024-12-08 11:11:48,Colombia,Perú,9043.98,586.91,9655.53,795.02,18.12,11.78,491.25
2870,25,P2P,Rachel Lynch,CPF,74725363,GB36HSKI58304551089893,2024-07-19 13:45:21,Colombia,Chile,5575.31,2827.08,8462.81,2041.45,45.64,22.56,437.36
2871,817,P2P,John Myers,RUT,51002689,GB95QGPR82115112183716,2024-05-02 14:47:08,Perú,Perú,3023.65,4108.02,9471.48,2312.64,26.76,14.69,370.27
2872,700,P2P,Cheryl Bishop,CC,65069754,GB93TBXP60497028866354,2024-11-01 19:23:02,Colombia,Chile,2650.24,3290.95,6609.71,2901.61,14.05,20.16,182.99
2873,166,Remesa,Mr. Jason Wood,CPF,70942563,GB55RQUR75687693260898,2024-12-03 14:18:21,Chile,Argentina,2801.75,4239.61,4075.25,2397.33,22.0,22.8,169.78
2874,612,P2P,Jennifer Morales,RUT,99718510,GB88YSLV15214620162480,2024-11-09 13:02:09,México,México,1921.52,4436.54,5828.13,4047.1,20.01,6.78,14.9
2875,471,Exchange,Jeffery Hernandez,CC,78557695,GB44LRVB32413512101656,2025-01-01 18:57:40,Perú,México,4678.18,4505.1,1904.8,591.62,33.24,10.42,160.4
2876,629,Exchange,Tammy Austin,CC,97637631,GB95ZISE03406785092921,2024-08-22 14:19:37,Colombia,México,7895.01,4718.94,8099.75,2665.4,32.23,3.35,43.39
2877,12,P2P,Austin Burton,CPF,42258588,GB26KXCS27360417106801,2024-02-12 09:16:53,México,Argentina,2651.91,218.92,5658.68,4189.84,3.1,12.14,466.42
2878,400,Remesa,Michele Morrow,DNI,68106108,GB50UAKN69509862237945,2024-02-16 16:41:39,Argentina,Perú,1320.42,3324.48,6156.88,446.39,11.98,10.33,421.0
2879,424,Exchange,David Taylor,CC,13266432,GB92JJMT31590034378628,2024-03-23 06:18:50,Argentina,Argentina,5841.69,859.55,4911.93,965.37,4.13,9.8,316.73
2880,895,P2P,Dan Costa,DNI,31540134,GB69ZABB37931862473810,2024-03-24 22:34:18,Colombia,Chile,9149.8,514.49,6697.73,2759.96,46.25,6.44,337.8
2881,997,Tarjeta,Lisa Martin,CC,81315063,GB66IUSF51798498464369,2024-07-24 02:46:12,Argentina,Perú,4282.74,4899.16,8348.41,630.6,28.81,18.4,142.56
2882,998,Remesa,Susan Martinez,DNI,74650685,GB42YBOF72456123188679,2024-06-05 21:11:43,Argentina,Chile,5267.4,3415.65,5264.2,2013.88,35.12,23.03,327.42
2883,943,P2P,Jeffrey Anderson,RUT,37640163,GB87BEIA32560009766573,2024-08-28 09:19:27,Argentina,México,8473.62,2836.68,6213.87,3056.65,41.13,14.92,61.56
2884,891,P2P,Dr. Adam Vasquez MD,RUT,21495078,GB68XBIT24686392553822,2025-01-10 23:10:23,Perú,Colombia,7353.09,2187.62,5263.76,4377.74,47.4,6.67,260.39
2885,968,Remesa,Emily Ross,CPF,70258094,GB93MRUQ78229375515120,2024-01-24 19:14:20,Perú,Chile,6971.69,1175.28,6337.21,866.33,4.62,18.95,449.89
2886,457,P2P,Susan Mclaughlin,RUT,33442989,GB19QLGJ64809255633006,2024-11-18 01:30:34,México,México,9863.65,2255.71,3013.55,1029.48,48.26,18.95,246.86
2887,222,Remesa,Rebecca Vaughan,CC,92405842,GB40VKJI41398711249650,2024-03-14 20:04:51,Argentina,Chile,4235.03,3579.8,684.0,3003.61,9.72,18.26,396.13
2888,818,Remesa,Amy Jones,CC,89554764,GB75BLVU05260441914439,2024-07-19 08:43:08,Colombia,Colombia,7640.37,4584.0,4770.42,4899.05,7.59,21.0,360.91
2889,683,Exchange,Tyler Roberts,RUT,28820646,GB78ZHZG34791185366130,2024-10-12 07:07:25,Argentina,Perú,4438.62,1435.45,7726.5,2058.29,34.83,13.98,342.4
2890,53,Exchange,Gabriel White,CPF,28079475,GB83ZBPR88549122696753,2024-05-17 17:42:37,Perú,Perú,1709.0,3524.85,9533.85,2588.37,43.47,8.8,135.46
2891,551,Tarjeta,Wendy Moon,RUT,42226111,GB93SJMD01072055310434,2024-03-11 01:56:55,México,Chile,9541.59,4171.87,1617.17,2892.13,2.17,6.66,299.9
2892,382,Tarjeta,John Garcia,CC,77339985,GB29PETL49411553488690,2024-08-18 21:21:23,Chile,Argentina,7189.22,2188.19,6763.78,308.48,36.5,6.42,225.36
2893,859,P2P,Michael Johnson,RUT,25154794,GB82GCJS21666787756823,2024-12-08 12:18:23,Perú,Perú,2597.67,3856.96,6605.18,3141.1,14.6,7.19,99.27
2894,204,P2P,Shelly Maynard,RUT,45488830,GB15JBOU39417342614589,2024-01-23 14:39:13,Perú,Chile,7973.01,2162.41,1670.48,2186.34,16.34,14.18,21.79
2895,336,Remesa,Patricia Henry,CPF,45593431,GB44QHDQ07272076173959,2024-08-23 00:11:59,México,Perú,6311.27,1437.79,2848.13,4277.49,43.33,23.38,385.29
2896,435,Tarjeta,Joshua Robbins,RUT,67937249,GB65DFIK54844137725996,2024-08-04 23:10:34,Colombia,Colombia,7141.62,3692.42,9171.53,3952.01,13.88,14.43,436.75
2897,119,P2P,Thomas Anderson,CPF,79682165,GB90EMHP64423328961351,2024-03-19 15:19:44,Perú,Perú,4870.08,4931.18,3303.47,4277.56,32.61,4.15,117.56
2898,783,Exchange,Jessica Phelps,CPF,57229231,GB80SVOW72956836135630,2024-09-08 15:28:24,Argentina,Argentina,4839.57,1314.54,191.24,2693.1,17.88,3.21,430.14
2899,474,Remesa,Dillon Ramos,CC,86381238,GB98KQZY58564138523344,2024-10-09 09:21:40,Perú,Argentina,2401.52,489.73,3770.54,304.89,27.4,4.42,298.8
2900,539,Exchange,Joseph White,RUT,31152000,GB06GOIW93133724624495,2024-02-12 02:26:18,Perú,Perú,9916.16,2024.41,2111.07,3311.35,7.65,3.3,459.74
2901,818,Exchange,Joe Horn,CPF,33606634,GB23NUOO52216157424236,2024-05-16 11:18:13,Argentina,Argentina,2250.22,3486.15,4713.84,3775.14,26.47,15.88,302.14
2902,12,Exchange,Vincent Miller,CC,34531418,GB13DQOD45175505777527,2024-07-30 23:20:32,Chile,Argentina,7584.54,3535.5,4838.73,2021.86,1.72,8.94,203.05
2903,375,P2P,Paige Jones,DNI,52662557,GB39NDMR68260461251283,2024-02-03 23:23:58,Argentina,Chile,3903.15,2116.74,5116.73,4399.18,5.2,12.0,273.67
2904,590,Tarjeta,Kimberly Brown,CPF,14931704,GB70DLEX09442166944445,2024-05-12 03:33:27,Colombia,Colombia,1850.07,1118.97,5027.65,4091.99,38.95,20.01,123.09
2905,845,Remesa,Kristen Contreras,DNI,32593412,GB23IAQU29625192805864,2024-08-23 17:18:41,Colombia,Perú,1781.84,901.08,9716.95,4524.93,32.81,3.51,95.82
2906,502,Exchange,James Wheeler,CPF,75599769,GB05NKSN37021309894713,2024-11-09 14:00:55,Argentina,Colombia,9262.59,4548.17,208.46,2136.1,29.77,13.34,360.49
2907,68,Tarjeta,Holly Key,CC,52214849,GB86VKQK01328488567628,2024-08-12 04:23:40,México,México,2974.74,3887.91,1879.28,4931.92,14.5,19.1,329.59
2908,772,Exchange,Frank Cooper,RUT,19771506,GB37BPTD60218427207330,2024-11-28 06:13:32,Chile,Perú,5893.58,1321.45,1834.69,1971.49,1.54,6.99,182.91
2909,672,P2P,Katrina Cooper,DNI,82065386,GB32GYBF45855824376912,2024-05-14 12:28:54,Colombia,Perú,7805.8,924.9,2569.18,3615.2,25.38,24.93,184.13
2910,998,Exchange,Mariah Lindsey,CC,27055010,GB04QQRM49765233869861,2024-12-31 05:53:27,Argentina,Chile,942.67,2350.21,1613.3,2619.76,8.77,9.37,30.25
2911,158,P2P,Mary Craig,CC,54535537,GB90JPUJ71882722394220,2024-02-01 13:23:43,Argentina,Colombia,8791.31,1610.8,972.87,2259.84,36.66,21.57,341.46
2912,75,P2P,Edward Warren,CPF,31329249,GB22MYMZ10420526451490,2025-01-09 13:58:04,Chile,Argentina,6548.71,1584.06,2237.53,4690.85,2.54,13.28,326.12
2913,544,Remesa,Jenna Herrera,DNI,32639930,GB44CMTR45117608064721,2024-10-18 20:28:02,Argentina,Argentina,2010.96,4087.88,3850.04,2638.26,13.27,3.84,174.98
2914,634,Exchange,Dennis Keith,DNI,63594811,GB86XYSO86764187829172,2024-06-30 03:48:18,Argentina,Argentina,8254.53,2596.55,798.47,1512.05,19.19,20.16,84.68
2915,465,Exchange,Jacob Smith,RUT,62697285,GB89VOPC77672449343450,2024-11-17 19:49:39,Chile,Argentina,807.25,804.02,4378.08,2921.23,32.24,2.15,487.5
2916,24,P2P,Robert Hughes,RUT,19414150,GB62IXJL17460477598938,2024-10-27 15:36:50,Perú,Argentina,5770.06,1853.94,4494.94,1277.37,40.29,16.96,391.28
2917,456,Tarjeta,Emma Richardson,CC,39543232,GB52DMBC09483079926758,2024-12-01 01:14:48,Perú,Perú,4614.03,2858.86,9013.02,2050.76,20.69,12.21,266.45
2918,591,Tarjeta,Brian Washington,CC,91450572,GB10NEQC12011975023253,2024-05-15 07:03:21,México,Perú,9444.27,4487.75,4334.51,3172.08,36.29,9.26,250.35
2919,357,Remesa,Karen Smith,DNI,34328900,GB03DBCT35494404003467,2024-06-19 09:16:34,Perú,Argentina,1428.62,1901.81,9637.11,3847.34,42.88,18.18,180.23
2920,218,Exchange,Juan Baker,CC,95203235,GB59TLLF98589275286554,2024-04-20 06:05:03,Argentina,Perú,799.73,1700.65,3109.01,2264.96,14.96,22.23,268.35
2921,349,P2P,Cindy Smith,CC,50347299,GB39EWAS48283955199505,2024-07-29 21:50:15,México,Argentina,7110.93,2441.89,6083.15,3703.17,26.05,21.86,383.59
2922,140,Tarjeta,Brittney Brewer,DNI,13280580,GB74BEMA38919407909274,2024-02-08 18:27:07,Perú,México,5021.57,1499.61,4361.17,2704.91,21.07,14.66,289.44
2923,39,Remesa,Terry Medina,DNI,33695987,GB35RIEJ42188341985832,2024-08-13 12:22:24,Colombia,Perú,114.85,3432.4,3724.68,3605.36,21.75,13.7,147.25
2924,638,Exchange,Jessica Gutierrez,CC,72637419,GB55NHNM25251800867467,2024-12-17 01:20:00,Chile,Argentina,7459.17,1651.96,3549.54,4989.34,26.88,14.26,13.63
2925,396,P2P,Samuel Gilmore,CC,25144577,GB41NSUJ35090576348934,2024-01-30 00:27:54,Argentina,Chile,5737.66,1887.83,7269.2,4668.78,49.72,17.36,390.38
2926,836,Tarjeta,Shannon Henderson,CC,87330631,GB46QEDC65348328484102,2024-02-16 21:59:04,México,Perú,8888.92,318.42,7656.6,1483.13,26.68,4.08,372.61
2927,558,Tarjeta,Kristina Parks,DNI,65105781,GB04RPDO60601015735954,2025-01-10 11:21:19,México,México,9046.18,3494.32,6045.83,1731.1,7.96,22.27,481.98
2928,836,Exchange,Samuel Sutton,RUT,49894016,GB61HLEY40369058718123,2024-01-25 17:51:53,Colombia,México,8903.71,2610.05,8924.08,704.75,1.67,13.62,428.91
2929,528,Tarjeta,Patricia Hill,CC,56987194,GB50SNWY97636583875682,2024-08-28 00:30:10,Chile,Perú,9845.15,1748.72,5515.9,4813.95,32.44,3.56,59.87
2930,765,Tarjeta,Andrew Bautista,CC,22291241,GB37MTOW06735333552907,2025-01-02 10:12:31,Colombia,Perú,1013.62,1665.44,3346.53,92.92,35.25,17.34,261.61
2931,516,Remesa,Cassidy Rodriguez,CPF,30491394,GB93EFHT34582885860410,2024-09-29 09:34:15,Argentina,Argentina,1569.35,381.27,7475.61,3173.5,18.78,8.77,324.15
2932,456,Exchange,Jennifer Francis,CC,83247193,GB57HHJZ68038191939791,2024-04-16 08:27:01,Chile,Colombia,2779.97,2911.5,3172.71,2471.18,17.16,8.45,340.48
2933,468,Tarjeta,Terry Cook,CC,13297766,GB17QWNR90684808355093,2024-08-23 11:35:01,Perú,Colombia,4577.33,4526.79,7515.78,4929.54,12.52,18.02,262.71
2934,729,Tarjeta,John Zimmerman,CC,12408146,GB80HOHX10112295611222,2024-01-24 06:59:41,Perú,Perú,1210.5,193.47,6419.17,2883.67,25.69,22.68,126.25
2935,453,Tarjeta,Jeremy Rodgers,RUT,50499326,GB81WZGI42148833194064,2024-02-04 02:56:35,Perú,Colombia,1247.87,2289.36,5359.52,2103.26,19.49,9.88,145.09
2936,309,Remesa,Marissa Martinez,RUT,27815858,GB77UCHX06280063259164,2024-04-06 08:24:00,Argentina,México,5309.54,4353.78,801.66,3361.43,31.54,0.6,293.26
2937,242,Exchange,Kelly Hernandez,CPF,76547311,GB68WDHQ03039289235708,2024-06-08 21:34:16,Perú,México,4961.78,4809.82,1080.25,1841.93,20.62,21.71,39.24
2938,628,Exchange,Dawn Allen,CC,13926210,GB82LEML29819504169908,2024-10-24 12:56:08,Chile,Argentina,1071.56,2321.32,432.04,1357.11,1.32,4.89,471.05
2939,757,Remesa,Amanda Garcia,DNI,96628062,GB97ASYB11546007584850,2024-02-03 22:59:14,Colombia,Argentina,6242.26,3282.31,4609.18,1125.68,23.92,22.53,386.02
2940,54,P2P,Amy Rogers,CC,58474941,GB75NVEP79324243110302,2025-01-14 01:58:25,Colombia,México,6620.81,3471.3,8070.76,3162.04,5.82,12.43,359.7
2941,4,Exchange,Janice Salazar,DNI,31314635,GB16AEDO44452551961085,2024-12-10 11:33:11,Argentina,Chile,8987.0,420.24,7610.36,3270.09,49.01,6.82,24.41
2942,698,Exchange,Amanda Bell,CPF,81008383,GB55ETJO51623733576572,2024-07-03 09:36:57,México,Chile,2196.08,3685.55,7008.38,3518.9,27.88,6.35,412.05
2943,833,Remesa,Angela Hart,CPF,41843056,GB19NBXJ83258002175974,2024-03-18 17:21:31,Argentina,México,501.86,3768.94,4560.75,1373.21,32.1,2.32,112.16
2944,903,P2P,Kimberly Herman,DNI,61703254,GB02MROS80673563933058,2024-10-25 00:11:24,Argentina,Perú,6535.2,735.91,8231.19,2206.89,3.71,24.98,217.87
2945,520,P2P,Barry Hamilton,RUT,98433594,GB89NUQF62775439334783,2024-03-02 11:06:13,Chile,Chile,1024.49,3547.68,1523.49,2502.76,46.73,22.54,204.02
2946,986,Tarjeta,Rebecca Keller,CPF,57022667,GB53NELQ41344689091299,2024-12-24 19:08:33,Perú,Argentina,5078.41,346.77,4032.28,4312.42,25.61,6.34,202.23
2947,481,Exchange,Eddie Becker,DNI,83636892,GB14JRJE51538064447092,2025-01-12 12:48:32,Argentina,Argentina,3286.44,4465.86,3269.37,3662.34,3.76,15.1,24.4
2948,213,Exchange,Anthony Kelly,RUT,42376160,GB36QJSX73304241701064,2024-07-08 15:40:14,Chile,Argentina,7782.23,3989.44,6767.95,3751.65,28.58,6.68,81.28
2949,602,P2P,Alisha Chapman,CC,32906325,GB29OUTT25973184524560,2024-10-27 19:54:07,Perú,Argentina,4873.64,4958.79,6776.26,4807.39,47.7,22.5,247.13
2950,158,P2P,Bridget Sanchez,RUT,90856263,GB13QLRX29682102088504,2024-09-24 21:13:38,Perú,Perú,2243.73,3425.69,5550.32,4849.17,13.94,8.95,357.11
2951,489,Tarjeta,John Allen,DNI,39609615,GB77OLDT34463929172191,2024-10-02 05:02:14,Argentina,Colombia,7562.97,4739.6,5344.05,878.63,7.55,4.74,413.07
2952,554,Tarjeta,Kelly Moore,CPF,69682848,GB08SMMG45062465985853,2024-06-29 03:13:34,Perú,Perú,6820.08,4530.16,8509.36,2830.98,7.16,0.08,78.12
2953,762,Tarjeta,Maria Hansen,CC,59858259,GB21DAEH60296480979308,2024-11-15 19:59:58,Colombia,Argentina,3372.51,3345.0,337.98,263.76,41.6,21.03,391.83
2954,136,Remesa,William Thomas,RUT,50245743,GB08ELPP86405072126205,2024-12-30 19:51:54,Perú,Chile,8896.15,3393.48,8398.62,146.76,38.36,1.9,124.72
2955,215,Tarjeta,George Booker,CC,44302383,GB07BZCZ92431579835771,2024-10-28 02:17:22,Colombia,Chile,2539.39,4815.84,5914.78,758.51,48.24,9.26,471.88
2956,468,P2P,Nicole Logan,CC,16045582,GB89ISDH43749047289274,2024-11-15 07:42:05,Argentina,Perú,7185.08,4704.45,225.18,2733.26,3.06,11.37,336.49
2957,860,Exchange,Samantha Stout,CPF,74786214,GB02SNWZ20944203143222,2024-12-21 01:33:49,Chile,Colombia,6398.48,1874.77,935.16,3134.46,49.68,7.6,71.42
2958,825,Exchange,Sarah Hampton,CPF,32511714,GB73WHOH35226788364612,2024-10-15 12:13:54,Argentina,Colombia,9185.21,383.89,4054.28,1365.36,22.59,10.24,138.64
2959,460,P2P,Patrick Wilson,DNI,10688240,GB22ECFP41153758582166,2024-07-21 18:15:36,Perú,México,3649.67,2557.27,4766.2,1216.77,4.12,17.72,408.57
2960,326,P2P,Jason Baker,RUT,82727293,GB68VVCV30524358063783,2024-10-13 08:45:36,Perú,Chile,6687.72,1353.9,3373.88,3992.59,8.89,20.56,75.09
2961,340,Tarjeta,Jessica Thompson,RUT,13610005,GB98FJGN09749849163362,2024-04-05 05:25:47,Colombia,Argentina,239.75,1043.71,7201.37,2200.49,46.54,18.59,117.9
2962,190,Remesa,Richard Robinson,RUT,79144421,GB68HSCJ39181735177127,2024-02-05 22:37:07,Perú,Colombia,5584.53,3851.81,6443.37,2128.38,42.07,14.4,11.09
2963,50,Remesa,Matthew Taylor,CC,38540451,GB24LIBZ02676524125186,2024-08-28 04:39:39,Perú,Perú,2564.85,1910.77,8541.63,3492.07,15.22,1.2,273.81
2964,402,Tarjeta,Denise Wilson DVM,RUT,50886866,GB36PMKY04016800169260,2024-04-29 07:19:18,México,Perú,5942.17,4402.31,1307.99,1443.38,47.4,6.32,314.1
2965,645,Exchange,Brittany Ortiz,RUT,16255136,GB02XROP74491126180618,2024-10-07 16:38:12,Chile,Perú,3963.71,3146.76,7495.89,591.74,31.23,18.92,395.24
2966,525,Tarjeta,Katrina Thomas,DNI,37195924,GB24BYSV95368041148042,2024-05-07 17:28:07,Perú,Chile,9896.11,1924.15,499.28,4532.73,1.87,1.43,45.19
2967,117,Exchange,Leslie Miller,RUT,96682193,GB70UWIW35485377472336,2024-11-07 10:09:07,México,Perú,7678.23,2207.41,4766.02,4086.92,43.53,11.16,333.34
2968,722,Remesa,Dean Marshall,DNI,72444334,GB43BKZD86032942310449,2024-11-14 00:19:13,México,Colombia,5792.07,4100.08,4997.37,4829.22,17.46,7.83,252.07
2969,352,Tarjeta,Ryan Ford,RUT,30603220,GB27QZGV75604662282352,2024-10-15 17:37:11,México,Chile,7082.39,1875.27,9761.67,3112.76,9.88,10.17,173.12
2970,949,Exchange,Mr. Michael Baker DDS,CPF,24605923,GB76GXIL90347563855269,2024-04-23 11:28:17,México,Chile,7120.48,2287.59,967.63,1601.01,36.05,23.0,38.24
2971,163,Remesa,Jacqueline Hunter,CC,42460130,GB17KTPR14207971193490,2024-07-07 15:38:34,Perú,Argentina,112.96,3098.16,3488.25,2246.36,22.47,14.49,245.73
2972,397,Exchange,Taylor Sawyer,RUT,52439851,GB30POFO69843044527868,2024-05-23 18:14:28,Perú,Perú,5036.87,1763.21,128.87,3245.22,13.8,20.17,491.42
2973,769,Remesa,Stephen Foster,CPF,82234780,GB97NSIP45299240282985,2024-06-15 05:14:34,Argentina,Chile,3971.11,3697.76,7096.59,231.01,9.58,22.47,21.88
2974,270,P2P,Kayla Smith,CC,65437497,GB86WXXV90279155416291,2024-12-18 09:53:08,Colombia,Argentina,9712.03,3515.21,6198.39,3627.0,17.35,23.14,327.01
2975,284,Exchange,Rebecca Barajas,DNI,14767244,GB21FCJL17378024454987,2024-02-06 15:35:42,Colombia,Chile,9097.76,129.04,7699.17,4045.31,41.9,16.1,212.56
2976,91,Tarjeta,David Molina,DNI,37104766,GB79UIAZ82283445809925,2024-04-25 18:54:31,Chile,México,1665.87,4455.6,6178.86,4034.84,3.89,12.26,66.14
2977,912,Tarjeta,Stephanie Rogers,DNI,72573825,GB70GRQW49228781453171,2024-09-06 00:13:21,Colombia,Perú,3996.66,618.02,4717.51,4485.66,5.47,19.99,306.38
2978,913,Exchange,Lori Gonzalez,CPF,13861800,GB45JBHD91656752669927,2024-07-14 07:52:05,Argentina,Colombia,3218.35,4196.27,302.17,3133.96,2.3,17.89,385.39
2979,334,P2P,Micheal Kelly,CC,80124513,GB19LRAP34592072695307,2024-05-24 06:33:04,Perú,Perú,6537.52,3438.71,1271.35,651.85,40.05,13.44,236.82
2980,434,Remesa,Daniel Dennis,RUT,86859814,GB15LJUG89656728327952,2024-02-23 21:19:34,México,Argentina,4155.26,505.66,3264.15,1106.0,44.48,19.98,38.7
2981,434,P2P,Colin Tucker DDS,DNI,41668633,GB72KUIF94012501659948,2024-02-03 02:57:32,Colombia,México,1521.1,4589.28,8146.6,3261.76,32.06,4.13,428.77
2982,131,P2P,Jerry Clarke,RUT,92476208,GB94KPQN82680110957825,2024-09-30 14:58:18,Chile,Argentina,3183.42,1597.52,8467.98,3160.16,35.59,13.42,219.2
2983,910,Exchange,Darren Bell II,DNI,79764726,GB49VZIH72005490696145,2024-09-08 23:13:23,México,Colombia,1722.4,2336.66,7937.93,2163.08,30.34,6.9,58.43
2984,49,Exchange,Elizabeth Holden,DNI,13012773,GB89APRP20498940573069,2024-10-23 22:42:00,Argentina,México,6252.24,1314.52,2986.92,3452.51,25.85,21.52,114.93
2985,434,P2P,Tracy Brooks,DNI,54254929,GB41GDES33917930165697,2024-03-04 09:23:37,Argentina,Chile,7506.42,322.85,508.08,2817.21,40.02,23.19,34.0
2986,814,Exchange,Melissa Abbott,CPF,83232260,GB53XHWS97000063723696,2024-09-24 07:03:47,Perú,Chile,8097.77,615.16,1726.25,1108.5,11.75,6.79,268.38
2987,495,P2P,Kevin Murray,RUT,35055838,GB28NAUJ02890807351187,2024-12-28 06:44:42,Perú,Argentina,9300.26,4591.87,3166.29,2178.38,5.27,13.91,23.33
2988,464,Tarjeta,Shelby Medina,DNI,80830680,GB96PYVB39695534461074,2024-12-22 13:28:21,Perú,Perú,3265.04,3097.8,1700.63,4000.87,11.19,5.52,417.24
2989,188,Tarjeta,Stacey Rodriguez MD,CC,14337212,GB43RXWC85192837722908,2024-03-19 18:04:36,Chile,Argentina,9891.79,1951.06,6450.15,4467.47,15.14,23.55,356.54
2990,844,Exchange,Susan Murphy,RUT,48056312,GB43UPXV86799225900140,2024-10-30 11:48:47,Argentina,Colombia,454.51,1010.63,220.49,3736.96,39.11,8.55,220.28
2991,666,Tarjeta,Alexander Rodriguez,DNI,38550372,GB77GLQM09667524215904,2024-02-20 23:04:49,México,México,8902.66,1568.49,6707.92,1049.63,8.55,12.95,240.75
2992,69,P2P,Colleen Duke,RUT,55552419,GB84XTIO02377989377061,2024-11-04 16:16:01,Argentina,Colombia,5915.15,1182.22,1882.07,1735.89,41.35,20.49,266.9
2993,761,Remesa,Jonathan Fields,CPF,58249214,GB70MBKX00890407856475,2024-03-13 14:42:25,México,México,3146.95,3958.8,9173.59,2110.47,36.56,17.31,142.29
2994,420,Exchange,Anthony Young,CPF,37779051,GB45HEVK48271555530337,2024-11-19 19:10:29,Chile,México,491.49,2061.04,3798.49,3394.51,6.22,24.77,170.4
2995,580,Remesa,Jennifer Nelson,DNI,60610202,GB14XPXT51877844341189,2024-06-23 19:31:13,Perú,Colombia,3890.17,1820.26,2261.41,2262.36,39.05,17.67,264.9
2996,986,Remesa,Raymond Moore,CPF,37714371,GB06LMYE24419755018087,2024-11-08 09:00:55,México,Argentina,1555.56,1526.32,6366.7,2300.4,5.79,15.9,22.72
2997,414,P2P,Kristopher Mullins,DNI,21920712,GB31DGKG64706802039955,2024-08-15 02:48:33,Argentina,Argentina,4240.79,4471.52,4256.76,429.69,2.99,8.71,182.16
2998,370,Exchange,David Crosby,DNI,26485076,GB11QFHF41447051328335,2025-01-22 07:12:44,Colombia,México,3692.18,4142.51,7304.21,4153.89,25.06,7.91,54.23
2999,353,Remesa,Michael Jacobs,RUT,97890660,GB65XGUA02973794985717,2024-02-21 20:55:13,México,México,2264.61,2944.44,7174.83,4389.59,10.49,19.64,178.46
3000,244,P2P,Victor Davenport,DNI,33151394,GB82YYTA61640883784709,2024-05-14 05:11:55,Argentina,México,5417.83,3602.55,7295.43,1452.19,15.01,3.72,428.37
3001,515,P2P,Debra Quinn,CPF,63060526,GB25DCAD93485993343193,2024-03-10 06:05:28,Colombia,Perú,1213.82,1847.99,9325.11,1029.63,20.3,18.51,285.12
3002,194,P2P,Gabrielle Smith,DNI,16845914,GB37ANYO04062266096628,2024-02-19 13:15:53,México,Chile,1450.29,3824.47,9538.38,1997.02,37.52,2.6,430.43
3003,924,P2P,Shaun Fisher,CPF,71178069,GB37KADA98266808110853,2024-08-05 18:38:26,Argentina,Perú,9098.37,2949.77,6234.51,3004.97,11.13,5.9,348.53
3004,404,Exchange,Mr. Christopher Cooper DVM,CPF,57430025,GB65SPSO75011134636266,2024-05-25 02:08:29,Perú,México,3139.36,4674.38,7003.85,1790.78,12.5,7.84,365.97
3005,361,P2P,Cynthia Spencer,DNI,68422430,GB83DFLQ91514300849253,2025-01-21 19:44:50,Colombia,Colombia,4563.61,3819.22,5679.76,2755.02,5.42,19.54,244.08
3006,213,P2P,Ryan Holt,RUT,89312393,GB88JHTU39128174854452,2024-12-04 03:46:49,Perú,México,521.03,1734.3,2152.97,2046.8,47.13,0.32,391.12
3007,714,Tarjeta,Marcus Lee,CC,85831162,GB92MHPA53336777537506,2024-12-16 08:46:54,Argentina,Perú,2882.92,955.59,8160.15,2988.3,28.7,8.79,498.84
3008,558,Tarjeta,Carl Perez,DNI,99286168,GB19YVJU70932964495685,2024-11-29 12:40:55,México,Chile,7562.2,2512.98,6423.58,3928.06,17.43,21.13,256.46
3009,4,Exchange,Mallory Payne,DNI,98397004,GB62VOGM17850102861568,2024-06-27 22:15:00,Colombia,México,4235.31,2174.29,3967.42,1585.79,41.5,11.33,230.64
3010,140,Remesa,Angela Sanders,CC,52141001,GB17FSXA17401419013745,2024-08-10 02:29:55,Argentina,Colombia,5531.21,4712.62,1859.41,331.64,11.07,22.91,165.38
3011,132,P2P,Tanya Velazquez,DNI,16048208,GB11TBRV85797535534964,2024-07-15 20:03:53,Colombia,Perú,4175.92,2356.31,4379.86,2410.53,30.5,6.91,47.21
3012,177,Remesa,Joshua Hernandez,DNI,61414310,GB14RSHJ10204230125305,2024-05-15 15:26:13,Perú,Perú,167.39,562.83,5160.11,3464.75,2.02,13.11,162.23
3013,444,Tarjeta,Timothy Coleman,CC,27238885,GB09DLAV72049719984925,2024-11-24 21:41:55,Argentina,Chile,1023.86,353.75,1696.15,59.31,47.93,21.89,137.51
3014,388,Remesa,Lisa Davis,CC,64309057,GB56VHLW58368358254293,2024-08-20 06:45:41,México,México,7227.21,3680.35,6121.69,1064.06,5.18,17.65,110.74
3015,582,Exchange,Jessica Nelson,CPF,59982523,GB19DVKL06624997764166,2024-07-31 15:14:08,Perú,Perú,3347.59,844.64,7816.38,2738.83,3.12,24.23,462.28
3016,367,Tarjeta,Maria Berry,RUT,52105840,GB62RBLP93107243634211,2024-08-25 10:26:07,Argentina,Chile,1877.36,1556.37,8367.56,491.11,8.53,20.96,111.58
3017,140,P2P,Heather Morgan,CPF,74946938,GB66NJOE10890788169644,2025-01-02 19:43:09,Colombia,Chile,6679.01,4521.59,1940.75,1477.52,37.23,1.04,408.25
3018,188,Tarjeta,Michelle Wade,CC,71944295,GB40WLPG84147122716545,2024-10-13 09:37:37,Chile,México,5386.07,946.56,3077.37,3798.96,28.45,7.07,354.07
3019,11,Tarjeta,Theresa Reeves,RUT,16496716,GB83XOMR58587529759934,2024-04-26 16:36:23,Colombia,Chile,5981.61,685.11,2033.37,4890.09,4.96,19.48,23.87
3020,941,P2P,Peggy Thompson,CC,83901932,GB35AJFJ59441308804440,2024-11-30 19:04:15,Colombia,Argentina,5245.17,1279.01,650.15,1630.43,36.47,12.96,125.64
3021,368,P2P,Joan Mcclain,DNI,99920067,GB38QTJG68566906033426,2024-06-09 21:17:19,Chile,Argentina,9865.5,2974.6,3949.62,2947.97,10.7,15.45,10.65
3022,641,Tarjeta,Michelle Martin,CPF,18087357,GB03AZDY51886694991169,2024-03-08 02:10:47,Colombia,Perú,1014.26,4977.9,1239.99,1013.1,16.79,17.14,61.09
3023,125,Remesa,Kimberly Hanna,CC,91947759,GB52TBDD61224939073044,2024-08-04 05:48:12,México,Argentina,6870.53,1041.2,433.88,800.29,10.38,15.64,257.18
3024,458,P2P,Jesus Bryant,DNI,54399600,GB97FFAV62542014325835,2024-09-17 16:35:13,Perú,Chile,6808.65,163.84,1665.72,2905.15,12.87,4.86,54.14
3025,625,P2P,Ruben Fletcher,CC,95281745,GB97WFBZ15670585253939,2024-09-13 11:41:25,Argentina,Argentina,3247.56,1788.95,1900.91,2221.06,38.35,8.59,154.79
3026,535,Remesa,Kyle Alvarez,CC,72014026,GB15LTMH89769629312562,2024-11-05 10:19:49,Chile,Colombia,335.08,3822.51,5210.85,2270.45,49.27,5.41,175.36
3027,704,Exchange,Glenn Davis,CC,16089359,GB81IXST66931177280051,2024-09-23 13:59:34,Colombia,México,3270.4,808.42,6162.06,2866.41,28.62,7.83,159.66
3028,871,Exchange,Tony Peterson,CC,71760330,GB09ZGHF09030192540386,2024-06-23 21:00:37,México,Chile,7003.23,964.5,7096.84,2662.81,8.87,17.94,418.99
3029,324,P2P,Adam Donovan,DNI,97695216,GB03UCKX28875890434222,2024-04-28 21:10:23,Colombia,México,8469.66,3345.6,9715.13,4115.41,33.61,0.95,188.11
3030,840,Tarjeta,Jenna Wagner,CPF,40486221,GB56GCLK61241073945004,2024-01-25 10:53:42,Colombia,México,8868.96,947.3,115.64,2808.92,26.63,12.23,91.91
3031,202,Remesa,Martin Garza,CC,56892221,GB49XZAW65763297012591,2024-10-06 09:29:04,México,México,1898.74,2207.78,363.01,2410.86,7.07,15.75,498.53
3032,796,P2P,Levi Sandoval,DNI,11592521,GB60NCQU40463930530406,2024-11-09 01:30:47,Perú,Colombia,3683.96,758.43,7579.26,2736.97,38.5,8.42,398.5
3033,503,Tarjeta,Rebecca Lester,CC,51249182,GB31OSQG72520825628992,2024-03-15 00:53:40,Chile,México,231.92,2289.14,3136.08,2649.78,6.18,17.03,395.38
3034,930,Tarjeta,Amanda Phillips,CPF,61441470,GB27LJKO87687799006804,2024-08-05 08:47:32,Chile,Argentina,8349.41,1636.33,3644.36,1331.8,9.28,16.66,289.98
3035,755,Tarjeta,Julie Payne,CPF,45288960,GB05RHPU06411891361418,2024-02-13 13:56:17,Argentina,Colombia,2804.9,1141.88,4280.58,3213.57,39.68,1.06,56.8
3036,532,Remesa,James Snyder,RUT,95556666,GB26YTKC51305838636468,2024-03-28 16:25:51,Argentina,Chile,1601.86,1148.02,842.24,4184.99,36.22,4.12,456.26
3037,301,Tarjeta,Danielle Hill,CC,65839503,GB82TZBP01088597637965,2024-09-02 22:39:23,Perú,Perú,3785.71,3223.76,1409.42,1414.01,12.14,12.97,216.15
3038,22,P2P,Adrian Burke,CPF,94205296,GB82CGLV41708389757325,2024-07-11 00:21:22,Perú,Argentina,3817.21,1524.91,412.24,138.91,5.87,16.11,223.03
3039,194,Tarjeta,Jill Williams,CC,80285543,GB31TGIK79179292392356,2025-01-11 09:43:38,Perú,Perú,3287.67,783.52,8893.79,4351.29,44.48,12.08,250.3
3040,519,Remesa,Sherri Proctor,CC,70345845,GB57PCVW08405694324114,2024-12-17 13:31:21,Argentina,Colombia,679.32,2509.89,4370.73,192.04,22.69,6.45,171.27
3041,611,Tarjeta,Mrs. Kathryn Trevino,CC,64553721,GB54BSTK17412277753555,2024-05-20 05:14:18,Argentina,México,2763.4,2257.12,6944.54,380.27,40.81,4.89,308.26
3042,70,Tarjeta,Teresa Lindsey,DNI,27668408,GB24LHTV05437973821437,2024-02-08 12:33:02,Argentina,Argentina,8754.61,2972.7,8782.99,748.53,8.37,22.42,173.05
3043,889,Remesa,Rebecca Prince,RUT,27061710,GB79TJCB95852998907080,2024-03-01 14:57:25,Perú,Perú,1446.25,3307.98,1052.63,3734.88,41.23,24.75,48.98
3044,936,P2P,Carla Thomas,CPF,72493015,GB39EOEZ57794369528366,2024-05-16 13:55:20,México,Chile,5856.59,3045.43,3980.28,4346.45,10.92,23.05,208.39
3045,691,Exchange,Jared Beasley,CPF,18626300,GB52DCIK96810375264197,2024-05-08 13:05:57,Chile,Chile,7411.29,3267.55,2812.1,2944.55,25.6,3.05,493.12
3046,302,Remesa,Marissa Franco,CC,23015394,GB87GUFV73594801665547,2024-10-07 21:52:55,Argentina,Chile,9114.82,3248.48,5928.61,4687.42,39.81,7.81,435.29
3047,674,Exchange,Brandon Spencer,RUT,60499888,GB75USVY86939848610834,2024-08-02 09:23:42,Argentina,Colombia,5089.6,2855.77,3512.27,702.58,40.26,23.59,352.36
3048,599,Exchange,Dr. Amy Harris MD,CC,34815844,GB77DKGR16612572493629,2024-03-24 19:29:02,México,México,9260.1,829.35,7962.45,2548.41,7.61,20.29,220.85
3049,326,Remesa,Alexis Cooper,RUT,26568692,GB14XUGT73738174525601,2024-10-09 05:39:25,Chile,Argentina,7479.97,4252.51,6696.75,258.56,10.32,10.52,175.06
3050,247,Exchange,Matthew Singleton,CC,69114452,GB76KMJX31349531458685,2024-10-05 16:05:55,México,Perú,1393.15,650.49,1379.65,4194.87,23.2,23.93,446.32
3051,260,Tarjeta,Alexis Rodgers Jr.,CC,98460803,GB91SSTJ03764485589899,2024-04-13 04:09:59,Perú,Chile,9769.77,1468.65,5142.25,917.85,49.22,1.43,397.49
3052,477,Exchange,Thomas Wilson,CC,61276828,GB76CKXA31914539352199,2024-04-09 05:26:43,Perú,Argentina,6495.91,2180.0,4905.67,329.63,32.41,2.99,444.33
3053,411,Remesa,Colleen Meadows,CC,65689570,GB91RFUO37298558295679,2024-06-23 03:16:18,Argentina,Chile,8992.3,2565.21,3419.12,2372.88,0.74,10.61,278.79
3054,292,Remesa,Katie Warren,RUT,33988449,GB61ILAJ98320863844340,2024-11-03 13:18:52,Argentina,Perú,9935.65,3988.01,1080.31,2845.09,43.05,3.17,494.85
3055,672,Exchange,Steven Hernandez,CC,69818230,GB72MABG42530231826998,2024-11-11 01:18:19,Colombia,Perú,3005.51,395.05,6919.18,1806.42,42.97,20.5,205.32
3056,16,P2P,Crystal Snow,CPF,65501337,GB11UWOB04754982222452,2024-11-04 14:23:58,México,Argentina,9900.81,1299.63,7598.69,4237.97,49.63,21.81,74.34
3057,338,Tarjeta,Carol Wagner DDS,RUT,47976185,GB05DYUU91407537497690,2024-03-22 18:28:41,Colombia,Argentina,1234.97,1966.86,5703.13,3947.45,46.58,1.7,226.73
3058,662,Remesa,Michele Doyle,CPF,69825217,GB12MGHH90818193217075,2024-11-15 15:42:30,Colombia,Chile,6251.93,4771.97,693.38,4068.73,35.8,1.52,441.46
3059,801,Remesa,April King,DNI,17407778,GB74KISI30162284372384,2024-07-20 03:22:18,Chile,Perú,3722.81,387.72,320.71,3036.93,21.73,12.97,238.86
3060,303,Remesa,Leslie Anderson,DNI,73464093,GB42GZXB27946689221354,2024-05-01 07:16:04,Argentina,Perú,8568.75,4492.21,2380.81,3647.57,25.3,15.71,110.76
3061,131,Tarjeta,Tamara Martinez,CC,90391306,GB20LYNP73939626909109,2024-03-22 22:41:38,Perú,Colombia,3125.45,2640.83,9233.78,4318.96,7.65,7.32,161.94
3062,84,Tarjeta,Rebecca Mendoza,RUT,26041490,GB22NTGO59573300317019,2024-12-04 13:12:16,Colombia,Argentina,9733.62,4092.52,7909.35,3990.68,35.82,7.35,151.43
3063,187,Tarjeta,Debbie Floyd,CC,34290607,GB78LXVF37380307529916,2025-01-18 06:04:26,Colombia,Chile,310.15,2961.36,1146.38,150.84,37.64,21.89,116.06
3064,19,Remesa,Kevin Pope,CC,81066755,GB76ASEA16031747682256,2024-03-31 14:45:17,Chile,Colombia,9595.23,2510.65,1608.47,4245.03,49.72,16.29,176.15
3065,408,Tarjeta,Troy Lewis,DNI,55454934,GB26AZAD27776314368412,2024-04-14 09:57:34,Chile,Colombia,2491.37,4295.27,2435.17,1056.3,23.48,18.14,250.11
3066,545,P2P,Jennifer Miller,CC,71387109,GB16GTXO30172596262954,2024-02-10 09:13:39,Perú,Argentina,2960.72,3406.74,834.78,4620.53,35.83,0.87,198.46
3067,308,Tarjeta,Terry Smith,DNI,71446601,GB71DOJV10829538920801,2024-05-17 05:29:29,Argentina,Argentina,8437.9,4986.8,5165.31,4197.74,44.28,21.28,271.07
3068,978,Remesa,Jennifer Johnson,DNI,58473498,GB77UTAU20582453188925,2024-04-06 03:35:23,Chile,Perú,9457.87,239.75,3120.15,3484.98,28.04,4.08,167.57
3069,13,P2P,Kimberly Blanchard,CPF,61881375,GB85EPEV21538380432720,2024-07-21 01:34:13,México,Chile,7705.31,2387.88,2704.64,851.78,34.38,1.45,262.32
3070,755,Tarjeta,Patricia Boyd,CPF,42143968,GB55KTEX98980525953834,2024-10-29 20:14:52,Argentina,Chile,896.3,461.53,3627.73,4476.69,38.27,7.51,338.05
3071,648,Exchange,Greg Barnes,CPF,58777938,GB57VWCT60854113604876,2024-07-20 19:33:13,Perú,México,8992.68,4105.56,9661.22,2434.41,26.08,12.33,426.23
3072,909,Exchange,Jillian Nelson,DNI,84184955,GB85KNWT35523930991232,2024-12-06 13:04:13,Perú,Perú,9295.27,4822.61,5558.83,4790.34,11.43,4.67,476.69
3073,8,Remesa,Julia Vasquez,CPF,77424830,GB84MLAD84932782595656,2024-03-14 23:56:35,Colombia,Perú,5928.64,2247.32,1584.43,4213.25,12.9,23.87,153.87
3074,290,Remesa,Andrew Walker,DNI,91829626,GB92KJXJ92692221832630,2024-03-13 16:20:52,México,Perú,5328.18,2181.49,6438.98,4863.99,22.86,13.14,54.03
3075,143,P2P,Paul Allen,DNI,84603196,GB76KPAZ03774701424352,2024-06-05 09:43:56,Argentina,Colombia,4898.93,4584.14,5710.43,3056.29,4.86,11.6,215.27
3076,954,P2P,Blake Wang,RUT,11643270,GB98CCGL73603888686299,2024-04-14 18:43:03,Colombia,Chile,4626.64,1634.97,5656.6,2926.92,28.03,2.53,225.15
3077,57,Exchange,John Gibson,CC,10131776,GB89FMRM84269927154662,2024-02-06 06:02:07,Argentina,México,3993.27,4912.04,4404.91,2827.95,45.95,2.15,58.12
3078,554,P2P,Charles Tanner,DNI,71856305,GB16OGHC13048558929489,2024-11-18 17:24:33,Colombia,México,3718.92,4706.61,2178.14,4929.04,31.2,14.14,57.79
3079,699,Exchange,Julie Summers,CPF,66152562,GB14QNMR83160712453204,2024-11-16 06:59:05,Chile,Perú,4316.75,2786.41,300.24,550.27,17.39,4.02,478.61
3080,206,P2P,Breanna Wilson,CPF,93138397,GB09AWHV97191420676878,2024-03-01 18:57:13,Chile,México,8198.39,4014.02,742.96,1922.67,39.83,6.89,438.41
3081,581,Tarjeta,Sarah Mcclure,DNI,61032738,GB58VACC61199745629169,2024-02-11 15:23:51,México,Argentina,2756.48,2152.05,6782.27,2786.45,42.76,9.28,357.36
3082,460,Exchange,Emily Hill,CC,80735310,GB10APKY62407683118236,2024-05-16 23:20:59,Chile,Chile,6082.87,1801.96,1495.23,2413.25,37.74,10.23,261.75
3083,289,Tarjeta,Brett Howell,CC,93209069,GB57RVVQ91161287170599,2024-03-08 22:53:40,Chile,México,4211.0,2951.42,6985.43,4235.87,8.25,10.22,386.71
3084,739,P2P,Alicia Hopkins,RUT,21013131,GB52IRRG95807957718106,2024-09-06 19:30:58,Argentina,México,6150.53,4894.82,5210.11,663.53,8.5,15.86,291.44
3085,372,P2P,Joseph Nelson,RUT,77672261,GB02TJRS89101432438016,2025-01-17 02:47:26,Colombia,Perú,6694.23,4443.68,9533.36,4391.03,45.69,18.12,95.85
3086,784,Remesa,Kenneth Owens,CC,44477765,GB07WWLI63873533363411,2024-05-27 16:22:59,México,Argentina,1218.83,624.84,5019.01,1979.47,15.73,1.04,222.93
3087,285,P2P,Catherine Sloan,CC,19457734,GB78WUHC61951639292085,2024-12-27 06:06:51,Argentina,Colombia,9698.31,3536.19,113.1,4929.18,22.51,9.91,137.96
3088,603,Remesa,Pam Mccormick,CPF,92128311,GB39GFTJ59897051539064,2024-02-02 02:16:17,Colombia,Argentina,2626.09,4781.19,6807.95,2348.59,7.02,15.16,48.47
3089,375,P2P,Megan Nelson,DNI,52426855,GB07CKVT63098067234403,2024-10-25 14:38:18,Perú,Argentina,6493.39,1178.89,2875.93,854.85,30.95,2.0,208.13
3090,392,Remesa,Alexandria Martin,CC,12014942,GB03NIQJ66659525241900,2024-07-25 21:14:28,México,Colombia,4265.97,3255.87,8330.49,1201.85,12.26,17.79,312.66
3091,859,Tarjeta,Douglas Taylor,DNI,15741242,GB17ORHI15913566821430,2024-08-16 13:31:40,Argentina,Colombia,2977.48,1267.16,2222.62,3930.35,37.25,23.48,64.92
3092,90,Exchange,Austin Smith,CC,52302951,GB78DSPE85890435264704,2024-12-31 23:50:58,Colombia,Perú,3722.78,3033.04,5073.67,4459.44,4.28,12.55,118.1
3093,835,Tarjeta,Tammy Johnson,CPF,94297252,GB73OREF62210276667886,2024-12-30 15:40:47,Perú,Perú,2536.38,119.26,5009.56,4753.99,45.96,12.73,299.24
3094,546,P2P,Heather Campos,CPF,75890565,GB92YDQV15901095620723,2024-03-02 17:37:06,Colombia,Argentina,8572.67,4553.75,8374.55,4920.51,25.85,17.95,467.43
3095,315,Exchange,Antonio Young,CC,52976511,GB70GSWD84601799879373,2024-08-17 09:17:12,Colombia,Argentina,9675.88,232.54,4436.54,1584.08,9.59,12.8,351.1
3096,568,P2P,Gwendolyn Rodriguez,CC,91020058,GB77RBQC71684058868438,2024-07-11 21:20:22,Chile,Argentina,6584.83,3591.51,2679.67,90.72,20.23,24.65,492.66
3097,923,P2P,Morgan Graham,CPF,80168237,GB30NAOU86574856800809,2024-12-05 13:36:21,Argentina,Argentina,1776.47,2550.87,9190.71,1570.88,26.0,9.8,273.55
3098,73,P2P,Justin Forbes,RUT,19298179,GB61TXDI17755246711097,2024-08-03 01:16:54,México,Argentina,2267.88,1190.25,491.87,3736.69,0.97,10.87,126.53
3099,560,Exchange,Abigail Cohen,DNI,50754553,GB65ZZSZ95104539117501,2024-04-28 20:47:30,Argentina,Colombia,346.45,1706.9,2764.42,4231.35,32.09,3.47,143.84
3100,850,Remesa,David Estrada,CPF,17906246,GB21JEEK45359296849235,2024-09-18 15:43:10,México,Perú,2092.42,675.37,9015.09,4104.34,12.34,23.96,490.9
3101,290,Tarjeta,Tristan Smith,RUT,63566202,GB92QZVQ19461132534998,2025-01-13 19:03:59,México,Chile,8594.57,2805.55,6269.08,764.9,21.8,16.7,24.36
3102,105,Tarjeta,Sandra Johnson,CC,12474950,GB80DSBJ10115924876293,2024-06-17 02:00:06,Perú,México,5154.62,4629.27,4752.19,2109.25,8.03,19.81,38.12
3103,780,Tarjeta,Robert Daniels,CC,75881339,GB21RTOH98363993763461,2024-03-20 20:47:18,Perú,México,7259.92,2242.4,2753.55,3298.59,19.94,12.25,430.71
3104,249,Remesa,Ryan Parks,RUT,93100930,GB86YHGO28954034026439,2024-10-26 09:41:25,Colombia,Colombia,7909.69,1300.9,8178.16,286.25,13.97,11.07,94.18
3105,325,Exchange,Garrett Scott,DNI,65001775,GB20ZPID86525596490674,2024-11-07 09:00:50,Colombia,Perú,8913.03,1400.8,1114.76,1959.19,22.37,5.81,458.34
3106,864,Tarjeta,David Griffith,CC,27183878,GB30EFNI05406508838046,2024-08-16 15:21:20,Perú,México,5404.69,1558.8,8538.03,1822.66,45.0,1.96,86.19
3107,745,P2P,Curtis Smith,CC,97602710,GB87CNTY05732544130792,2024-11-07 23:28:45,Argentina,Chile,8515.68,3625.78,4211.86,3281.81,27.76,0.61,230.55
3108,541,Tarjeta,Richard Peterson,DNI,76687350,GB63QVRE71385523114034,2024-03-13 06:56:51,Argentina,Perú,5215.45,1007.95,1988.33,882.41,3.77,20.47,349.23
3109,199,Exchange,William Jones MD,CPF,32949310,GB35QVJG69966065666651,2024-05-17 11:04:57,Perú,Colombia,9740.43,2422.34,7893.85,1957.35,20.14,0.15,182.44
3110,580,Exchange,Dalton Casey MD,CPF,44874788,GB02RLOF15666457485821,2024-12-29 18:14:57,Colombia,Chile,6105.1,2176.3,6680.13,817.96,41.97,5.75,26.28
3111,643,Exchange,Cameron Briggs,RUT,57720630,GB11LVKD14948904894828,2024-06-20 01:28:52,Perú,Chile,9162.89,4796.39,4332.61,2651.74,37.18,5.1,384.44
3112,934,Exchange,Bethany Johnson,DNI,42989337,GB20WZQZ70520576927612,2024-12-24 09:49:54,Chile,Colombia,3625.85,2600.22,1384.0,385.23,47.34,0.03,145.68
3113,379,Remesa,Mr. Matthew Barton Jr.,RUT,88139985,GB27RFHU93902403089406,2024-02-23 14:39:59,México,Perú,7445.38,3687.53,3710.93,3649.48,39.47,14.98,352.85
3114,366,P2P,Dawn Torres,DNI,59005232,GB70IQLU30675096054257,2024-12-20 05:13:25,Perú,Chile,9566.58,4111.54,4005.69,3289.64,11.16,4.71,177.06
3115,329,Remesa,Duane Mercado,CC,46417510,GB66INYE55587106156505,2024-03-03 10:47:23,Colombia,Chile,1850.34,2329.72,3368.17,2195.27,41.77,8.74,59.49
3116,565,Exchange,Brandon Perkins,CPF,66490563,GB43IEHT45199530952422,2024-07-21 12:17:58,Chile,Argentina,588.99,1431.33,2454.74,1570.61,24.11,1.62,99.29
3117,161,Exchange,Jason Jackson,RUT,20398894,GB19LKRO24247696857248,2024-12-19 06:10:41,Perú,Chile,418.94,1163.85,8828.72,629.53,28.87,13.83,448.33
3118,95,Exchange,Kristen Thompson,CC,94291827,GB49IHZS20586851430277,2024-07-01 10:42:23,México,Argentina,7395.86,3178.39,452.23,1748.58,0.17,18.66,357.73
3119,213,P2P,Shelby Chan,RUT,25499808,GB56EMCT09261850851465,2024-04-11 08:02:39,Colombia,México,163.02,1599.35,9117.31,3141.69,3.81,12.61,218.63
3120,255,Exchange,Barbara Alvarez,CC,44880317,GB44OXBG02382028378236,2025-01-09 08:56:06,Perú,Argentina,9784.76,1260.14,6576.09,1387.53,26.68,15.91,109.03
3121,48,Remesa,Jesus Lewis,CPF,79936564,GB90FNRT66554428109591,2025-01-13 10:42:00,Chile,Chile,7728.01,848.21,4943.81,1138.22,2.95,4.64,405.41
3122,875,Remesa,Joseph Jones,RUT,27117461,GB04DCNN73061211089705,2024-11-17 11:17:29,Colombia,Perú,1064.17,4914.28,1488.07,4561.54,23.79,9.45,270.88
3123,35,P2P,Matthew Wallace,CC,18596959,GB93CLAF56618769639100,2024-09-03 19:59:40,México,Argentina,420.7,3976.9,3003.57,4693.25,41.05,0.86,274.22
3124,511,Exchange,Seth Jenkins,CPF,95911463,GB16SJYA33578178810194,2024-02-16 12:52:04,Chile,Perú,8415.82,4218.04,308.19,1410.21,19.04,18.35,55.3
3125,345,P2P,Antonio Warner,CC,60181437,GB82LABA65050785519931,2024-06-16 16:36:02,Chile,Perú,3251.2,162.85,8427.86,62.05,5.56,14.35,119.02
3126,340,Exchange,Megan Andrews,DNI,99972049,GB91NNOR96633549424062,2024-09-05 16:06:51,Perú,Chile,8399.39,4035.79,2942.08,1844.49,28.77,14.38,414.99
3127,224,Exchange,Eileen Sanchez,CPF,72010282,GB52EEUQ97877280099288,2024-12-30 07:00:43,Perú,Argentina,3247.53,3926.17,4237.04,4734.09,22.2,11.26,55.4
3128,152,P2P,Sarah Christensen,RUT,23316253,GB78TOTL04497980497412,2024-10-06 04:43:59,Chile,Argentina,2444.68,4181.89,5381.78,2255.91,8.38,21.35,354.76
3129,66,Remesa,Mark Lewis,DNI,79656713,GB37LDVJ16618446813009,2024-03-09 12:44:53,Perú,México,6787.06,2148.33,3598.7,2567.57,15.99,18.64,483.69
3130,458,P2P,John Hardin,RUT,54154018,GB37STLL67447454262124,2024-09-29 09:10:22,Argentina,México,8063.19,958.72,8562.44,3785.28,3.26,5.18,481.48
3131,1,P2P,Laura Nguyen,CC,39941925,GB33KINC03602705942995,2024-06-16 11:24:18,Perú,Argentina,2438.23,4595.52,1344.81,425.1,48.56,23.42,425.47
3132,294,P2P,Jasmine Parker,CC,21790703,GB18ZNCM02860435187531,2024-07-07 19:46:58,Argentina,Colombia,5974.24,4415.44,2828.88,3584.4,28.59,8.04,20.23
3133,568,Exchange,Larry Collins,CPF,85429293,GB84QAHK88153400426401,2024-01-25 05:31:55,México,Colombia,6510.23,302.63,7173.21,2732.42,18.09,0.59,18.73
3134,947,Tarjeta,Monica Manning,CC,89389180,GB05QTUA37838357465447,2024-12-31 22:51:46,Perú,Argentina,4770.89,4820.76,7782.78,1698.25,1.73,23.92,148.23
3135,724,Exchange,Kathleen Burch,RUT,25694697,GB31CAMI27696276431144,2024-03-18 00:15:44,Argentina,Chile,3811.35,3451.77,4462.3,3774.84,39.31,18.24,57.38
3136,54,Exchange,Brittany Roberts,RUT,41655747,GB52TPML09298375716531,2024-06-16 02:33:17,Colombia,México,8175.49,4150.72,7500.24,2682.37,13.14,21.91,95.52
3137,270,Remesa,Michael Hampton,DNI,30574553,GB96SXUP96296477432652,2024-04-25 11:52:16,México,Colombia,7145.76,4154.66,7725.47,938.39,26.68,7.02,456.74
3138,798,Tarjeta,Michelle Rogers,DNI,20128245,GB92KGIH85213739330534,2024-09-12 08:59:08,Colombia,Argentina,6229.1,4683.36,8227.68,3671.76,32.02,22.25,471.19
3139,121,Exchange,Alicia Olson,DNI,97211958,GB81ZEAF95850489426850,2024-12-12 16:04:47,Perú,Chile,516.98,1400.18,8050.66,1129.24,11.87,13.63,391.91
3140,973,Tarjeta,Christina Grimes,RUT,45842652,GB15KMTI33397741082016,2024-02-23 11:46:02,México,Colombia,9290.23,3297.21,2777.51,1658.37,33.48,15.35,454.35
3141,830,Tarjeta,Kaitlyn Vincent,CPF,11714509,GB68QQCJ55935170372950,2025-01-22 05:12:26,Argentina,Colombia,9354.15,2028.32,205.71,886.98,25.43,19.27,116.7
3142,373,Tarjeta,Dr. Joel Shea,CC,10985061,GB96HRGN13724839444275,2024-12-28 04:41:48,México,Colombia,9228.44,3845.5,8229.03,3374.0,34.38,23.26,221.57
3143,252,Remesa,Gary Rowland,RUT,23709439,GB42VDNK97120800950980,2024-10-26 08:07:30,México,Colombia,9661.72,2555.1,9400.61,2635.93,18.22,5.54,195.8
3144,687,Remesa,Janice Hicks,RUT,30794679,GB71PPSD04854390460018,2024-04-17 04:32:41,Perú,Argentina,7403.65,4534.23,9964.7,4834.0,30.46,18.26,74.1
3145,474,P2P,Nicole Colon,CPF,97507067,GB37NQWG29112305551737,2024-12-01 04:54:39,Colombia,Chile,5652.02,3812.47,7758.53,3198.32,21.66,14.44,310.71
3146,668,Tarjeta,Luis Browning,CPF,20743402,GB87CPVB18529338907980,2024-07-31 08:35:33,México,Perú,8668.21,1801.29,6506.17,753.35,22.55,23.03,400.84
3147,791,Exchange,Kathy Ford,CPF,13317157,GB75FQOG80138223996822,2024-11-25 06:21:33,México,Colombia,6040.89,4772.51,2002.99,164.49,20.61,13.82,415.35
3148,545,P2P,Bridget Yates,CPF,16826630,GB91RLBG60303604013564,2024-12-13 11:24:00,Chile,Argentina,2130.97,3479.35,7090.02,4105.66,25.76,24.6,198.09
3149,427,Remesa,William Jennings,CC,47352116,GB90HUJP63672297228418,2024-05-16 07:49:55,Argentina,México,4926.67,1281.35,434.16,2469.43,21.19,8.28,349.68
3150,266,Remesa,Patrick Lawson,CPF,81606316,GB85YPGJ29795431179242,2024-11-28 10:27:03,Perú,México,8515.28,4062.23,5956.46,2647.98,27.28,2.61,195.97
3151,186,Tarjeta,Elizabeth Anderson,RUT,17582479,GB59NMBZ00022872881760,2024-05-24 17:20:13,Argentina,Perú,2575.45,4500.14,3124.2,3126.81,17.05,15.9,374.04
3152,543,P2P,Nicole Thomas DVM,CPF,33868316,GB97CSHG55251342264469,2024-05-08 22:27:27,Perú,Argentina,2920.03,4109.83,7776.46,621.75,5.09,18.31,203.8
3153,885,Exchange,Ronnie Douglas,CPF,23914017,GB08OKWT26609181089133,2024-04-12 23:54:31,Chile,Argentina,3253.79,1503.52,5655.79,662.92,0.31,17.84,137.77
3154,893,Remesa,Mary Barron,RUT,92955037,GB64XKKX55917892439546,2024-02-29 03:03:49,México,Argentina,466.9,4590.1,5570.64,1574.76,45.97,19.32,448.92
3155,202,Tarjeta,Bradley Walton DDS,CC,83147488,GB22MYKA93501525335385,2024-09-17 04:31:48,Colombia,México,4336.0,2455.85,6041.68,129.24,3.56,2.24,169.74
3156,689,Tarjeta,Barbara Paul,RUT,92084797,GB92ACAX34922520613415,2024-11-16 10:03:52,Perú,Chile,2373.99,1293.1,6621.22,4277.38,47.98,24.9,282.7
3157,301,Exchange,Lisa Salazar,CPF,76607613,GB13LUDM00555353839872,2024-08-30 21:28:26,Perú,Argentina,4460.98,4351.84,3002.72,2812.65,20.07,18.89,43.24
3158,489,Tarjeta,Corey Cameron,CPF,50132042,GB52DORZ54959956357583,2025-01-13 05:06:34,México,Colombia,3684.26,4527.8,4083.91,2766.47,12.42,3.51,274.26
3159,717,Tarjeta,David Bright,CPF,17014851,GB66LTHH85163502029570,2024-04-07 00:04:39,Colombia,Argentina,4988.78,4601.47,9870.7,4904.67,23.41,1.15,240.91
3160,175,Tarjeta,Elizabeth Powell,RUT,34998731,GB30RKEW18779205365232,2024-07-08 23:41:40,Perú,Perú,2581.66,3721.6,9528.77,3168.13,7.07,10.04,364.86
3161,499,P2P,Dr. Mary Sanders,RUT,23147111,GB77GVRW11653542420728,2024-02-18 03:17:21,México,Chile,8315.63,4946.16,2449.05,583.9,25.75,4.39,35.64
3162,784,Tarjeta,Joseph Lynch,CC,29571807,GB45OYKN60914173800340,2024-05-10 18:13:21,Colombia,México,2226.59,447.6,2047.22,276.23,15.39,8.44,51.65
3163,11,P2P,Michael Lopez MD,RUT,10220853,GB82SYHV54342851925134,2024-07-01 21:53:10,Colombia,México,8553.49,628.64,1198.56,1491.21,32.44,5.61,52.75
3164,789,Remesa,Robert Cook,CC,74679869,GB40NFLQ56896806932843,2024-08-03 07:52:15,Perú,Perú,9056.08,3330.77,8011.97,4471.14,18.59,22.43,236.1
3165,13,P2P,Heather Lynn,CPF,52234138,GB45BQAM40739459376945,2024-05-11 14:02:51,México,Perú,3367.71,2216.82,3608.65,2290.71,49.94,4.14,123.77
3166,179,Exchange,Jesse Phelps,RUT,11034473,GB77ZBPW39232332584068,2024-02-29 04:25:26,Chile,México,8687.01,4750.86,5056.98,3916.24,28.02,16.09,91.93
3167,622,Remesa,Tammy Hernandez,CC,50889589,GB80QBGN72126886167436,2024-08-04 18:21:59,Argentina,Chile,222.65,2993.01,6281.69,2687.5,39.66,2.31,125.66
3168,329,Tarjeta,Steven Alvarez,CPF,30768028,GB81ZXXN40978544728197,2024-06-02 13:48:12,Chile,Chile,3098.37,1912.57,286.45,2881.13,12.54,23.83,222.89
3169,508,Exchange,Candace Schaefer,DNI,82634942,GB98SRLK97892222878966,2024-02-17 17:05:29,Chile,México,3432.62,2871.14,2709.84,3555.35,44.72,17.86,15.68
3170,206,P2P,Shane Allison,RUT,63931406,GB36HFAY88712954219769,2024-11-28 07:05:12,México,Chile,4611.3,4323.89,9520.76,2356.12,38.64,10.63,331.91
3171,559,Tarjeta,Darius Sanchez,CC,81390697,GB42UOUZ43566258353980,2024-11-19 10:39:01,Perú,México,3191.98,3344.83,2938.17,2234.87,43.05,7.3,151.4
3172,91,Remesa,Jose Diaz,RUT,78636983,GB40XYZX74679833946184,2025-01-22 05:38:31,Chile,Colombia,9017.7,2849.35,4462.72,3858.2,17.87,12.46,398.0
3173,948,P2P,Peter Ortiz,CC,48891754,GB66JRDT04099649225957,2024-06-25 00:20:21,Perú,Colombia,1052.83,1756.12,8362.35,2314.89,17.32,21.94,202.42
3174,392,Tarjeta,Kathleen Lucero,DNI,67452135,GB58RFFY48198939168277,2024-09-09 18:46:38,Argentina,Perú,9696.84,3085.48,5921.95,4877.94,30.64,21.56,460.57
3175,271,Tarjeta,Laura Thompson,DNI,40437973,GB84SWWS74823855464432,2024-02-05 12:44:07,Colombia,Colombia,185.53,4320.69,4896.3,2670.43,22.07,12.22,286.09
3176,296,P2P,Daniel Clark,RUT,56886713,GB42GHFY02701103757214,2025-01-11 20:56:58,Perú,Argentina,4161.58,372.01,6162.42,2121.34,39.92,20.25,275.45
3177,781,P2P,Gary Miranda,CPF,68619040,GB38ILUS82823595948043,2024-11-10 18:41:18,Argentina,Colombia,2155.36,4888.15,8863.96,1356.69,8.3,23.57,146.51
3178,568,Tarjeta,Emily Moore,RUT,62334600,GB79IAGV30301425022555,2024-06-29 01:01:47,Perú,Chile,790.5,4041.05,9196.42,2920.28,11.78,24.11,147.66
3179,355,Tarjeta,Rebecca Williams,CC,22014093,GB60CHNL34952866475798,2024-12-23 17:11:39,Argentina,Perú,366.57,2762.84,8526.89,4700.67,14.42,8.38,162.62
3180,121,Remesa,Stephanie Webster,CC,80440756,GB03QQSU05117011267955,2024-04-28 13:01:09,Perú,Colombia,4292.11,1073.21,1892.04,2072.81,24.22,19.0,467.21
3181,78,Remesa,Christopher Nichols,CPF,34682012,GB97UWBI98125291431088,2024-09-12 03:16:36,Perú,México,8309.37,4222.01,8500.62,3965.89,8.5,18.43,378.03
3182,102,Remesa,Jeffery Lynch,RUT,49881591,GB26ECZN61074598818602,2024-03-26 22:36:04,Perú,Perú,3074.83,477.84,7789.29,4361.6,46.12,24.14,150.5
3183,444,Exchange,James Rodriguez,DNI,11544431,GB94MNIK87912983831258,2024-10-25 12:24:27,Colombia,Chile,1719.21,2167.42,8913.18,3225.53,24.86,4.86,46.7
3184,869,Exchange,Melissa Mcdowell,CC,51130776,GB30ILWA68827451903611,2024-03-11 16:55:20,Perú,Colombia,3872.23,4787.74,6722.82,3292.0,48.22,8.88,203.02
3185,286,Remesa,Denise Wright,CPF,88209381,GB93BTRL98400289802607,2024-01-27 13:30:33,México,México,2759.54,2765.46,8830.7,70.46,46.92,0.65,64.54
3186,564,Exchange,Karen Thompson,DNI,91664316,GB87SDLD52498566509130,2024-07-16 04:58:14,Argentina,Chile,4544.77,2969.58,8206.64,4452.62,24.91,16.02,416.21
3187,674,Tarjeta,Anthony Rodriguez,CC,44363836,GB79YWZD54727955562093,2024-02-13 13:45:32,México,México,793.66,3559.04,870.93,2655.98,3.73,10.52,331.03
3188,739,Remesa,Alan Hudson,CC,26089151,GB86WPZQ69861053575857,2024-09-18 07:44:40,Chile,Chile,3922.56,2329.33,6940.5,1959.11,11.82,13.03,270.03
3189,604,Remesa,Keith Mejia,RUT,78652428,GB33KYPV56976979370208,2024-12-08 04:46:27,Perú,Colombia,1814.17,3581.88,6190.93,2717.79,38.38,0.28,11.02
3190,398,Remesa,Donald Day,CC,10215451,GB86EXPH51532042507295,2024-09-03 22:55:03,Argentina,Perú,3227.02,663.01,784.27,2946.46,9.3,23.49,104.49
3191,689,Tarjeta,Timothy Nielsen,CPF,61948937,GB33TSMK28694528164517,2024-06-09 10:51:23,Chile,Perú,3044.73,3660.21,7846.95,4628.75,10.65,22.66,412.15
3192,969,Exchange,Whitney Juarez,DNI,38002150,GB95VTSA81736987170618,2024-11-21 08:06:35,México,México,8775.76,330.31,7135.65,4337.71,20.72,18.87,296.08
3193,521,Exchange,Donald Young,CC,38848971,GB35HIGR17456755855812,2024-05-23 02:43:06,Argentina,Chile,9213.41,1142.69,2132.25,3495.78,32.61,3.94,319.2
3194,523,Remesa,Stephanie Evans,CPF,10187149,GB60ZWJR57235207846057,2024-03-19 10:19:15,Perú,Perú,1570.37,4838.82,5794.83,1664.47,22.91,1.66,459.39
3195,282,Remesa,Stephen Glass,DNI,48883923,GB82PGWD67586741372856,2024-12-01 16:40:55,Chile,Perú,6517.15,246.65,6706.28,3187.74,17.98,11.01,419.78
3196,100,Exchange,Todd Moreno,RUT,91539990,GB12BHTP25421960211787,2024-05-15 04:38:41,Chile,Argentina,4070.21,775.21,6752.22,1207.35,26.4,10.46,170.73
3197,595,Exchange,Alison Wade,CC,93212906,GB03ZGLS78473266357348,2024-09-04 11:13:48,México,Colombia,3334.34,717.43,4740.35,3474.39,24.39,11.83,259.23
3198,731,P2P,Jason Shepherd Jr.,CC,56927802,GB72XATV79748299825893,2024-05-11 08:45:37,Chile,Chile,4742.29,4120.1,6821.57,350.82,34.25,9.98,367.33
3199,382,Tarjeta,Matthew Simmons,CC,43923755,GB97KBKQ75861071534372,2024-09-26 13:12:14,Chile,Chile,2367.35,1793.76,2755.56,4260.57,33.77,21.22,14.25
3200,121,Exchange,Ryan Stanley,CC,20065331,GB94CMOB02483709130528,2024-06-25 12:54:37,México,Perú,2831.96,2878.71,535.98,3231.31,9.62,24.81,50.5
3201,117,P2P,Juan Jackson,CPF,89317364,GB34RVMC55312507859014,2024-01-29 16:18:43,Colombia,Perú,1354.31,4715.79,1403.25,1945.47,17.42,6.71,157.91
3202,596,P2P,Lauren Medina,CPF,25300148,GB39ZSRE45345412169591,2024-04-18 19:13:28,Colombia,Perú,5498.05,1742.35,5369.02,2665.38,37.34,20.64,236.22
3203,2,P2P,Kayla Roman,RUT,28494399,GB41XOKF24590063573385,2024-11-26 23:33:36,Colombia,Colombia,1956.27,236.24,628.99,4251.93,33.91,3.27,353.27
3204,387,Exchange,Matthew Wright,DNI,84044763,GB14QRYG07780431591210,2024-05-31 08:32:10,Argentina,Colombia,7363.61,4666.56,4580.71,1527.19,23.39,20.27,384.95
3205,720,Exchange,Ashley Calhoun,RUT,45882109,GB32XGUK45251070804142,2024-12-14 06:07:42,Chile,Argentina,2984.5,4438.81,9029.78,1973.78,35.63,1.78,55.02
3206,696,Exchange,Alisha Todd,RUT,40964531,GB65EJEM63229698507922,2024-07-31 08:37:44,Argentina,Chile,9013.22,3423.94,9507.45,891.27,28.69,0.62,239.74
3207,543,P2P,Christopher Ellis,CPF,85108037,GB65SJOI00645243669676,2024-12-21 17:36:36,México,Chile,7059.25,2924.26,5629.53,1096.83,3.31,3.42,465.77
3208,585,P2P,Hailey Turner,CPF,12091317,GB34CLIP08096729892873,2024-07-14 02:04:05,México,Chile,7865.89,3069.87,1741.18,2953.39,9.02,12.97,121.39
3209,623,Exchange,Natalie Brock,DNI,81354793,GB60CIKG43370747664290,2024-08-04 17:44:27,Chile,Colombia,8060.92,1360.17,8387.8,4624.19,15.58,23.29,266.67
3210,659,Tarjeta,Jennifer Jones,CPF,24425661,GB82HFNI66764856716243,2024-07-10 10:59:35,México,México,3135.31,1160.36,8680.05,2339.97,13.25,5.85,461.31
3211,202,Tarjeta,Curtis Wright,CC,64342512,GB64VTFH85808121489262,2024-08-19 19:46:01,México,Argentina,8156.52,774.51,514.34,711.76,47.75,24.84,169.09
3212,812,Exchange,Shelly Cochran,CC,76606660,GB51PFQU20328237232804,2024-02-22 17:49:18,Argentina,Argentina,4878.79,3612.24,4965.14,677.05,4.35,13.88,262.87
3213,335,Tarjeta,Diana Murray,DNI,48823676,GB30UIMU05014269944476,2024-05-17 16:06:27,México,Perú,6046.53,3640.66,299.74,4705.55,30.19,24.91,125.42
3214,698,P2P,Ana Moreno,CC,70967596,GB39XMCT53314938409349,2024-01-29 09:25:32,Perú,Argentina,8937.77,3206.5,6116.42,2116.36,49.81,12.13,448.65
3215,918,P2P,Tina Ritter,DNI,20956668,GB53TVRL23569814569451,2024-03-11 15:11:57,Colombia,Chile,589.11,4699.62,762.87,3090.22,1.33,6.31,128.26
3216,237,Remesa,Jacob Robinson,CC,51765650,GB94PGVE41659588948771,2024-04-10 00:28:48,Argentina,Chile,7513.31,1500.25,8919.96,1938.54,23.96,24.72,387.46
3217,569,Remesa,Brian Reid,DNI,98966120,GB45HVJT78713321623932,2024-03-27 17:10:28,Argentina,México,8167.63,4049.85,1797.5,4298.16,48.12,7.44,122.59
3218,559,Tarjeta,Barbara Ford,RUT,41058405,GB77UKHG91202770900594,2024-10-15 11:59:20,México,Argentina,5652.3,4424.05,386.66,2457.09,10.2,6.94,421.99
3219,317,Exchange,John Prince,DNI,16287516,GB05MEBO93993463814120,2024-11-01 22:24:15,México,Argentina,3810.41,1288.21,8897.19,268.47,17.39,8.65,453.34
3220,155,Remesa,Jennifer Brooks,RUT,98846644,GB05PLNU32621080355777,2024-07-04 17:18:03,México,Argentina,7253.96,4057.62,1412.98,2803.11,19.6,6.92,443.62
3221,127,P2P,Ebony Sanchez,RUT,63361186,GB73DWDU90133342480707,2024-10-17 00:04:36,Perú,Perú,4995.9,4802.95,6570.8,4008.82,13.59,23.99,71.66
3222,190,Tarjeta,Laura Larson,CC,39027690,GB15DRHY15419611335124,2024-12-22 01:43:39,Perú,México,9812.84,1296.59,1683.89,323.72,22.84,8.67,324.94
3223,834,Remesa,Andre Carroll,CPF,24703893,GB92OZKU90813704468956,2024-10-12 20:19:29,México,Argentina,3568.24,3193.33,7529.81,3737.13,5.59,12.17,200.95
3224,88,Exchange,Angela Jarvis,CPF,46896855,GB63JJZO17408670997079,2024-04-26 22:41:35,México,Colombia,4468.38,688.98,6292.61,650.86,29.48,22.41,444.91
3225,828,P2P,Tony Dougherty,RUT,21513465,GB85YXHK40456596115096,2024-05-30 18:57:04,Perú,Colombia,1165.57,1624.63,8334.98,1984.31,2.59,23.56,438.51
3226,6,Tarjeta,Melanie Cunningham,DNI,98794924,GB16ZKDE09720708276997,2024-02-13 09:51:01,Perú,Perú,9967.61,3202.0,7221.79,4638.42,48.09,21.29,288.11
3227,335,Remesa,Eric Cook,CPF,45485194,GB63YNTZ39780978786337,2024-08-23 22:09:26,Chile,Chile,1089.97,349.54,8650.07,723.15,40.19,5.21,227.57
3228,832,Tarjeta,Tracy Ruiz,CPF,36755551,GB19CCGT78298587378848,2024-10-08 22:00:45,México,Chile,5459.75,4949.74,2665.82,1966.05,25.35,24.83,437.06
3229,410,P2P,Aaron Ortiz,RUT,95109302,GB54HUMO30601849155043,2024-03-10 13:54:26,Perú,Perú,4541.72,4958.17,8790.54,443.96,15.59,16.34,29.55
3230,819,P2P,Lisa Johnson,CPF,17278795,GB19TQFG52261797048274,2024-04-25 15:01:59,Argentina,México,9250.1,3762.95,1706.49,2007.99,34.35,9.8,237.04
3231,519,Tarjeta,Ryan Brown,CC,58200432,GB81DGYN83687387345634,2024-05-27 01:19:18,Argentina,México,7960.16,2830.71,3164.19,1769.99,33.66,10.71,454.86
3232,119,Exchange,Peter Olson,DNI,16525213,GB77WNAM82593972125302,2024-09-04 00:02:41,México,Argentina,8272.91,781.78,2130.92,3326.06,0.54,14.89,73.0
3233,216,Exchange,Mark Martin,CPF,29073266,GB70MLUI18633549997407,2024-10-08 23:55:36,Argentina,Argentina,2928.57,385.1,6206.56,3520.26,28.77,17.02,402.27
3234,671,Exchange,John Thomas,CC,99914909,GB64SZNW25624743190573,2024-02-07 01:23:05,Perú,Chile,8561.72,177.96,7231.14,4510.2,23.67,9.6,486.85
3235,200,P2P,Edwin Jackson,CPF,83804986,GB88MPRJ27070576541657,2024-05-26 21:37:35,Perú,Colombia,1227.72,3934.73,4142.82,2999.15,33.78,11.67,469.06
3236,544,Tarjeta,Marc Flowers,CPF,26060707,GB72IQPY44932125961257,2024-12-04 11:00:49,México,México,2811.75,267.06,5718.19,722.09,23.35,10.95,48.26
3237,331,Tarjeta,Anthony Kramer,DNI,52127302,GB74VEDT14102329933696,2024-03-22 11:21:25,México,Argentina,6891.37,762.39,8898.77,4248.53,41.21,2.17,453.31
3238,27,Exchange,Evelyn Warner,DNI,35694649,GB33EHKD08310932768142,2024-10-26 23:36:14,Argentina,Colombia,2522.33,2166.09,916.58,179.17,43.75,13.7,370.46
3239,786,P2P,Micheal Hernandez,RUT,43775109,GB28ITYL91332972415058,2024-12-23 14:29:36,Perú,Colombia,480.52,2609.98,4638.7,4078.9,19.48,10.84,364.86
3240,591,Exchange,Marissa Gill,CPF,34828978,GB78LVNA32660570147048,2024-12-06 02:17:46,México,Chile,5857.54,1754.25,5627.37,2705.23,12.31,20.42,279.69
3241,385,P2P,Kristy Paul,CC,55327043,GB84QQXS39803510824249,2025-01-01 07:57:34,Argentina,Chile,4723.32,4952.4,7018.55,1696.96,19.89,21.14,24.3
3242,592,Tarjeta,John Thompson,DNI,73000571,GB39XGRA00370799753571,2024-09-01 22:17:56,Colombia,Colombia,8672.71,62.89,3430.72,4213.22,0.94,10.33,360.1
3243,718,Tarjeta,Susan Brown,DNI,60566623,GB42AFIX99113836909606,2025-01-21 21:29:15,Argentina,México,719.38,3270.27,2627.15,4190.0,23.85,19.9,429.55
3244,843,Tarjeta,Robert Payne,RUT,19716104,GB59AGLG76311441317489,2025-01-18 19:01:14,Chile,Perú,2146.78,4054.18,9063.73,614.52,23.1,24.25,85.01
3245,536,P2P,Jennifer Dixon,DNI,38157564,GB19IZIS52588249053654,2024-06-25 01:03:17,Argentina,Chile,7804.34,1957.06,6872.26,4903.55,8.38,6.88,185.33
3246,196,P2P,Tracey King,CC,79334343,GB90KTDF49092866000380,2024-08-27 02:57:18,Chile,México,7719.35,1017.72,1900.85,3711.77,45.88,16.0,259.2
3247,134,P2P,Lauren Smith,DNI,92170479,GB67WKKE91441038551540,2024-02-07 06:36:11,Perú,Colombia,6336.44,3330.45,1619.54,4833.0,0.76,20.96,46.49
3248,851,Remesa,Christine Berry,DNI,38907637,GB12JCBV07186963516814,2024-11-05 21:14:18,Perú,Chile,4069.94,3597.97,1263.68,569.09,46.69,16.79,320.69
3249,721,P2P,Bryan Mcgee,RUT,94028476,GB11BEXT97335137040030,2024-06-09 01:38:07,Chile,Perú,4680.78,4148.81,5222.12,1625.83,0.79,0.74,369.59
3250,833,P2P,Thomas Thomas,DNI,34524801,GB68INHO55672634880345,2024-08-11 13:44:36,México,Chile,6502.99,2953.14,4505.34,3376.02,14.0,22.31,65.87
3251,181,Tarjeta,Paula Jenkins,RUT,53387968,GB57GSGO07177060198980,2024-06-30 16:59:52,Colombia,Perú,6509.42,3653.16,1364.27,3393.57,39.78,21.95,475.12
3252,994,Tarjeta,Susan Smith,DNI,68285090,GB44OBNJ18380733743256,2024-10-23 05:54:49,Chile,Perú,2840.07,340.46,9868.74,4862.15,29.72,0.17,334.23
3253,133,P2P,Sonya Welch,DNI,31769835,GB95MKJX34811003504497,2024-11-16 22:05:46,Perú,Argentina,7127.98,2759.83,8143.47,4770.36,31.94,9.74,433.57
3254,998,P2P,Michelle Jones,CPF,26574121,GB51GTUJ46318229850860,2024-11-27 20:29:25,Chile,Argentina,7861.36,4728.75,2301.13,4795.41,18.78,13.58,347.39
3255,654,Exchange,Lauren Martin,DNI,36845579,GB55LXSV29957262356950,2025-01-10 21:04:49,Argentina,Argentina,3466.31,1921.41,9316.03,4668.49,44.49,21.52,426.45
3256,305,Exchange,Sara Ferguson,DNI,54177680,GB96ZXHW87480400908029,2024-11-18 07:15:53,México,México,7348.7,2920.65,3808.49,1510.68,16.43,24.72,152.01
3257,857,Remesa,Cody Silva,DNI,79154383,GB06OUMA73716270460300,2024-08-04 15:15:32,Colombia,Argentina,4249.98,1060.27,4813.34,4339.77,20.51,2.05,281.95
3258,409,P2P,Sydney Zamora,RUT,68794078,GB41BAHL64554410566542,2024-04-25 13:27:45,Chile,Argentina,6615.34,4641.69,2902.22,1683.51,48.18,21.72,344.17
3259,990,Exchange,Charles Evans,CC,68586850,GB06FYKM72565800385294,2024-03-25 00:08:56,Argentina,Argentina,8722.62,1121.7,4008.59,3655.15,28.79,19.5,452.89
3260,514,P2P,Ann Espinoza,DNI,27575004,GB39ITCU52656140593560,2024-09-01 16:35:50,Argentina,Perú,3745.2,2464.92,3859.23,646.72,23.27,18.83,160.62
3261,588,Tarjeta,Mark Mcbride,DNI,51116733,GB19SCZK49923514966564,2024-11-25 00:14:24,Chile,Perú,9622.82,1733.4,3031.35,1892.68,12.08,17.9,485.2
3262,66,P2P,Kayla Mendoza,CC,90135917,GB15VJLH80794810193134,2024-04-10 17:25:40,México,Perú,9087.6,4949.87,6328.56,4333.58,48.4,22.15,465.6
3263,774,Exchange,James Cox,RUT,23289457,GB40SJZC24958793509986,2024-08-04 13:21:42,Argentina,Colombia,9508.28,155.48,2601.03,4264.97,27.99,13.14,132.31
3264,703,Exchange,Melanie Kelley,CC,98141544,GB45WDBN16269850469407,2025-01-03 09:59:32,Chile,Colombia,8511.63,1196.7,4884.67,3510.95,32.11,7.84,49.71
3265,921,Exchange,Lisa Ramos,DNI,82613234,GB75KQUQ44749888571790,2024-09-20 08:44:29,Perú,Argentina,8535.65,1981.68,5225.94,4276.27,15.23,4.54,456.58
3266,733,Exchange,April Bonilla,CC,82244980,GB77CXHK75945837124749,2024-03-12 13:00:20,Colombia,Perú,4363.41,1090.33,2831.13,2123.76,5.45,0.92,180.96
3267,898,Remesa,Mary Harris,RUT,21998875,GB56NQJY24662040959574,2024-07-05 23:54:58,Colombia,Perú,6503.09,3336.12,4405.48,860.69,21.58,0.95,483.35
3268,504,Remesa,Jacob Sanders,CPF,41547507,GB12LEEC55068789318563,2024-07-02 12:33:55,Perú,Colombia,9617.76,2537.36,9612.49,3424.86,35.65,1.24,308.14
3269,942,Exchange,William Monroe,DNI,94605922,GB38MIDK53889578262207,2024-10-21 01:28:00,Perú,Colombia,7019.38,3741.32,7100.11,4211.67,38.14,19.57,321.54
3270,472,Tarjeta,Teresa West,CPF,42974783,GB06VAXG84691314933041,2024-04-07 00:48:28,México,Argentina,2652.67,3323.76,3466.62,3577.69,37.18,13.31,125.54
3271,76,Exchange,Lisa Nguyen,CC,39371661,GB89VDZA56772645164001,2024-10-06 23:19:41,México,Argentina,4033.18,367.13,8272.97,2601.54,8.68,16.33,138.36
3272,509,P2P,Hannah Walls,CC,20286612,GB57BUOH64462479633999,2024-04-20 05:00:27,Perú,Colombia,7993.66,3357.05,7476.59,4994.08,38.6,22.55,12.95
3273,920,P2P,Lori Barron,RUT,27349469,GB19JEXE06702732910929,2024-09-29 19:31:56,México,Perú,7457.52,463.96,5512.87,4295.16,33.33,21.17,130.5
3274,898,P2P,Jason Hill,CC,95190308,GB51VVIR84516394505662,2024-06-25 18:08:30,México,Colombia,3389.95,2608.84,3860.79,814.1,27.07,9.96,354.05
3275,820,Exchange,Tammy Jimenez,CC,92157557,GB55YKYF39076092617591,2024-02-15 01:14:53,Colombia,Chile,9808.24,1459.07,6021.14,1628.98,10.16,12.03,215.86
3276,286,Tarjeta,Joshua Cortez,CPF,50474280,GB91MMLK59838943316388,2024-05-14 01:51:57,Colombia,Colombia,119.88,3213.29,8615.74,4704.13,10.3,13.5,364.56
3277,316,Exchange,Jose Watson,DNI,65547471,GB10ZFWU12667577762900,2024-09-01 22:15:39,Colombia,México,9186.98,3773.42,7141.61,1248.57,49.54,0.99,422.12
3278,915,Exchange,Kelly Oconnor,CC,44323992,GB40XFVJ17303524080442,2024-10-01 06:31:37,Argentina,México,7675.18,2563.58,9163.73,2634.67,14.99,23.48,232.32
3279,178,Tarjeta,Kevin Ortega,DNI,79466109,GB29NODU33800626442927,2024-03-13 04:09:51,Chile,Perú,4661.52,2611.68,8339.41,3487.78,37.64,22.96,357.23
3280,376,P2P,Linda Jimenez,CPF,60318188,GB39HAOD80843143373466,2024-04-13 11:50:57,Perú,Chile,7158.88,2916.47,1439.18,2512.67,37.41,5.24,263.59
3281,482,P2P,Corey Alexander,DNI,31533150,GB91WYLV99057109309572,2024-06-06 16:46:03,Argentina,Perú,1748.85,3096.05,7192.94,1705.28,46.79,16.25,252.22
3282,752,Remesa,Courtney Ryan,DNI,64811663,GB14URTW60894640458028,2024-06-24 23:54:49,México,Argentina,1787.99,1980.72,5717.73,480.65,17.73,11.51,492.61
3283,747,Remesa,Kari Johnson,CC,19572137,GB78FPRQ63692673586832,2024-02-22 23:34:24,Colombia,Perú,3045.87,4455.9,4353.86,4272.22,26.05,5.76,216.1
3284,400,Exchange,Jennifer Morgan,RUT,61068701,GB76MGEB59152571440032,2024-08-14 14:40:37,Argentina,Colombia,4883.84,2285.14,1509.59,3157.95,22.26,11.08,328.83
3285,94,Exchange,Anne Anderson,DNI,42899528,GB33XFWO34105961759338,2024-10-20 15:42:47,Perú,Argentina,8198.01,3609.1,3996.04,430.41,9.42,4.54,355.41
3286,117,P2P,Charles Beck,RUT,56190521,GB64HCOT44020026450618,2024-11-29 19:23:22,México,México,3146.79,1373.98,1105.15,1792.15,33.97,4.59,167.27
3287,16,Remesa,Charles Johnson,CC,83879749,GB84WESR92072530213787,2024-12-27 08:05:41,Colombia,Argentina,9646.84,4716.93,8886.17,4447.41,22.26,10.0,175.09
3288,668,P2P,Dale Rivera,CPF,16648425,GB91YLDB42672215537209,2024-07-27 23:07:08,Perú,Perú,6419.95,4462.74,8589.33,3134.21,34.49,9.88,453.72
3289,386,P2P,Michael Woodard,DNI,82795180,GB13PRFD04999464331572,2024-04-23 06:38:16,Chile,México,3728.96,425.61,623.02,4913.2,43.27,20.67,315.91
3290,392,Exchange,Gail Bell,DNI,72457800,GB34LGBN57299423947013,2024-05-05 07:45:10,Perú,Perú,2911.07,209.6,8364.68,118.44,47.93,18.59,229.46
3291,872,Tarjeta,Erica May,DNI,47529919,GB07ZQSK15049343607767,2024-05-01 12:05:29,México,Argentina,6133.0,1679.69,3381.93,4412.99,0.99,4.81,323.65
3292,423,Tarjeta,Wendy Hicks,DNI,83552520,GB07OOBT64585109284666,2025-01-13 13:32:43,Argentina,Perú,5886.0,3109.72,7954.82,4136.53,29.21,18.2,356.64
3293,467,Tarjeta,Mary Lee,DNI,75591751,GB58BAZM93700444680925,2024-08-21 12:38:43,Colombia,Chile,3947.15,401.22,200.26,101.73,2.71,3.72,307.97
3294,542,Remesa,Brian Hoffman,CC,25784330,GB28IVZZ27499191563829,2024-01-30 04:00:56,Chile,Argentina,4967.87,1743.61,7029.94,2173.79,12.2,16.05,75.44
3295,813,P2P,Kimberly Pearson,CC,52201566,GB73LYIV68496538432881,2024-10-02 00:34:01,Chile,Colombia,5560.86,1780.66,2405.57,202.12,24.31,18.56,52.02
3296,419,P2P,Jennifer Tran,DNI,72830335,GB28XJNA66563572957500,2024-10-17 23:07:45,Perú,Colombia,7813.42,3470.59,4040.43,2493.49,35.67,6.67,187.6
3297,532,Exchange,Robert Brandt,DNI,57322216,GB33JHVE86554157061366,2024-08-06 22:14:59,Argentina,Argentina,2697.02,3736.83,9852.66,2919.61,32.37,14.38,313.69
3298,779,Exchange,David Torres,RUT,12917723,GB49FCMS99169987984995,2024-04-24 19:25:10,Argentina,Chile,1993.68,4938.86,4288.26,2682.97,5.17,13.48,96.58
3299,534,Exchange,Kenneth Spencer,DNI,27837061,GB93PWGJ77343967240387,2024-06-14 17:12:32,Argentina,Chile,9730.51,2613.77,7429.97,1099.6,17.53,7.61,451.59
3300,239,Exchange,Brenda Roberts,CPF,15639543,GB62BONP41669400666895,2024-01-27 14:52:04,Colombia,Perú,7579.71,4815.9,9286.79,4469.17,28.22,9.07,405.38
3301,136,P2P,Christina Griffin,CC,82412310,GB47UNPE61905367306859,2024-04-10 03:28:51,México,Argentina,3033.79,3700.5,1388.04,4523.2,12.42,7.95,290.56
3302,406,P2P,Robert French,DNI,36550949,GB20TYFT05266260006013,2024-11-16 16:26:10,Argentina,Argentina,5911.11,4820.83,3382.18,692.86,0.96,10.03,278.34
3303,507,Tarjeta,Savannah Mata,DNI,51471334,GB37YVSD84840578348310,2024-07-15 05:45:21,Argentina,Argentina,7123.07,4979.8,8025.82,1215.58,12.94,15.82,187.37
3304,157,Exchange,Alexandria Barker,CPF,34111037,GB78ZOGI89506633940707,2024-02-27 09:55:13,Chile,Perú,897.4,4169.39,3394.64,2487.78,24.49,2.16,305.76
3305,526,Tarjeta,Michael Fisher,CPF,69271785,GB73SLPZ91941623331565,2024-03-14 16:24:09,Argentina,Argentina,7722.41,2334.42,4115.87,3460.54,10.51,12.45,81.84
3306,922,Remesa,Cody Hart,CPF,22737291,GB96SWII27710138830471,2024-05-16 18:05:21,Chile,Argentina,6737.79,4797.56,1161.38,838.23,19.56,5.64,128.11
3307,282,Tarjeta,Robert Evans,DNI,17994741,GB95WCBS23783500395741,2024-06-11 03:08:57,Colombia,Colombia,8039.72,2371.07,1131.48,838.71,17.36,23.63,472.79
3308,733,Tarjeta,Mr. Joseph Clark,CPF,27266154,GB07CHZL34397154934403,2024-06-29 15:38:41,Chile,México,4534.58,3450.3,2318.12,2955.1,19.25,22.91,83.15
3309,655,Exchange,Kayla Avila,CPF,92605989,GB56HDLT41207863554845,2024-09-07 23:10:42,Chile,Perú,3472.31,1911.26,3367.93,559.23,24.03,19.29,470.71
3310,495,Exchange,Stephen Black DDS,RUT,73018034,GB81UTVZ31578454217788,2024-07-06 00:39:48,Argentina,Perú,5748.53,258.52,1900.62,4207.14,0.59,19.06,124.78
3311,499,P2P,Michael Perry,CC,63093072,GB61GSPO82129750864847,2024-01-25 01:38:52,Colombia,Chile,8107.9,2630.54,8948.71,1716.5,19.44,0.84,17.21
3312,964,Exchange,Rachel Tucker,DNI,33607793,GB13ZMZB38171196395269,2024-04-28 06:32:27,Colombia,Chile,8747.92,1861.09,9283.53,2515.56,17.44,15.28,454.68
3313,300,Tarjeta,Stephanie West,CPF,96065139,GB54SBOV53340086160190,2024-07-20 03:44:15,Chile,Chile,9991.45,261.18,1758.13,4893.82,27.35,1.13,157.95
3314,339,Remesa,Daniel Ross,RUT,12181418,GB05QCAF76182476122684,2024-06-28 11:15:25,Chile,Colombia,7882.41,4093.98,3919.28,4845.73,2.22,18.43,38.51
3315,559,P2P,Brandon Johnson,CC,32063282,GB39OJKC89732798302028,2024-11-24 17:00:58,Colombia,Colombia,344.57,837.03,9933.55,4514.89,18.56,18.15,79.52
3316,687,Exchange,Kenneth Williams,DNI,43827117,GB82DXEL55437888108925,2024-09-07 13:07:58,Colombia,México,2345.04,1293.05,7745.67,3817.18,29.36,5.22,451.34
3317,628,Remesa,Derek Roberts,CPF,69320294,GB83RXUH92677812435058,2024-08-28 17:30:58,Argentina,México,1731.81,4696.75,6724.98,1931.76,34.6,12.61,396.91
3318,682,Exchange,Jeffrey Vasquez,DNI,58718547,GB07EWPC29110748022979,2025-01-07 06:20:39,Perú,Argentina,8233.78,4460.79,5063.65,2520.53,26.63,15.71,251.17
3319,217,P2P,Thomas Sanders,DNI,46493112,GB56DNWV56636602833842,2024-05-09 14:20:21,Chile,México,3389.27,1024.99,8786.83,4541.7,30.03,23.94,239.81
3320,753,Exchange,Elizabeth Blanchard,DNI,55111939,GB96CNTU36405141255760,2024-06-20 12:49:23,Perú,México,6630.56,4211.36,4997.91,4818.22,46.2,20.16,249.58
3321,527,Tarjeta,Heather Gutierrez,DNI,80025945,GB43RJNO84684610428735,2024-05-08 21:23:14,México,México,2609.73,1234.31,8188.87,1718.05,27.31,17.83,328.17
3322,217,Remesa,Suzanne White,RUT,97595076,GB40ZMWX06140760647300,2024-07-24 03:47:45,México,Perú,3454.72,3610.27,9271.42,1245.22,46.07,8.36,490.04
3323,726,Remesa,Nicole Mata,CC,45106651,GB91RYUU37149805447849,2024-06-29 16:25:58,México,Chile,8186.33,1820.73,8466.6,3684.53,35.13,17.25,210.03
3324,313,Exchange,John Bishop,DNI,42884936,GB60NLEO96836265522858,2024-05-29 14:38:45,Colombia,Argentina,7628.71,89.87,3125.8,4264.86,1.85,9.9,153.15
3325,784,Tarjeta,Lauren Moore,RUT,37859708,GB65GBFV66379491825866,2024-09-18 08:31:08,Argentina,Chile,7270.76,413.89,6999.52,4704.62,34.9,22.93,156.2
3326,556,P2P,Brandy Campbell,RUT,18235583,GB72MTUX14314389904530,2024-02-18 15:35:48,Chile,Perú,6066.27,2302.05,5885.49,351.14,12.4,23.1,143.85
3327,86,Exchange,Gary Williams,CC,83153650,GB08DTFK30015708084405,2024-06-15 22:18:13,Colombia,Chile,8972.4,1110.26,4262.35,4252.17,27.39,3.18,32.04
3328,621,Tarjeta,Heather Knapp,RUT,10845601,GB08QUQK74636805832073,2025-01-02 11:56:50,Colombia,Perú,7129.41,3091.5,1018.75,1365.77,29.5,23.42,108.07
3329,78,Tarjeta,Daniel Jackson,DNI,63175226,GB43SDUV25552620350587,2024-08-09 01:24:56,Perú,Colombia,7282.33,735.68,7711.01,289.01,36.8,8.34,295.73
3330,850,Tarjeta,Tracy Barry,CPF,40241882,GB53JHVE63643858505318,2024-07-20 11:39:52,México,Colombia,8891.31,4227.18,9125.47,3110.68,31.47,6.5,434.04
3331,335,Exchange,Hunter Dawson,CPF,80032626,GB22RCSP60284508611439,2024-06-28 01:09:41,México,México,3447.77,3779.98,7072.49,1690.94,29.35,16.41,274.6
3332,731,P2P,Oscar Bishop,CPF,12633437,GB22QBVZ59292555794470,2024-09-25 11:45:08,Perú,Argentina,9058.99,3054.13,5146.1,1856.78,27.69,11.83,166.44
3333,274,Tarjeta,Robert Lee,CPF,28697146,GB76XEXK27728324047167,2024-03-27 13:12:53,Colombia,Argentina,2186.99,1791.88,4280.96,2820.89,12.65,7.39,290.9
3334,623,P2P,Lisa Poole,RUT,44554824,GB63AVPR88922471316929,2024-10-09 19:29:31,Perú,Argentina,3327.66,1192.41,2321.9,1713.03,6.16,5.38,12.26
3335,662,Exchange,Jason Mueller,CPF,17293026,GB34LHHV29538679790385,2024-05-21 15:29:46,Argentina,México,4070.34,4512.58,9184.07,1031.59,9.91,21.04,81.49
3336,573,P2P,Lorraine Brown,RUT,55052387,GB60FSDS65575796421659,2024-09-14 07:02:43,Colombia,Perú,3223.16,1923.49,2300.01,201.27,24.27,17.49,15.16
3337,380,Exchange,Nathan Pierce,DNI,86822002,GB08ZDLF64086390111383,2024-10-06 11:20:40,Argentina,Chile,6665.66,4254.1,4980.54,3097.0,4.45,20.99,382.89
3338,525,Exchange,Steven Skinner,DNI,13606529,GB87ORIL52538974364903,2025-01-19 03:17:22,Colombia,Perú,9782.64,2248.41,2686.12,694.92,18.89,12.07,279.68
3339,835,P2P,Melvin Morales,RUT,21509161,GB65ZEYJ12462087404552,2024-08-18 16:34:06,Perú,México,5318.72,2588.81,7257.11,229.73,24.89,4.13,74.56
3340,676,Remesa,Lynn Anderson,CPF,23157876,GB06UGNA16525987023455,2024-12-05 09:24:21,Argentina,Chile,9196.18,4145.4,9977.8,463.9,8.5,15.01,122.56
3341,297,P2P,Matthew Roy,CPF,32319010,GB42IMBS67125038351000,2024-09-30 08:29:29,Chile,México,9885.9,117.05,8000.21,3636.14,6.02,0.4,129.51
3342,268,Exchange,Katie Stewart,RUT,74014701,GB16RIOL31713146881845,2024-12-01 21:02:38,Colombia,Chile,9208.86,4198.94,6541.58,1462.17,20.01,19.01,279.69
3343,613,Tarjeta,Carlos Miller,RUT,78577576,GB09ONGF47955674359531,2024-03-21 08:38:47,Colombia,Perú,4142.37,1305.1,3235.56,3618.87,22.1,24.23,87.39
3344,823,Exchange,Julia Lawson,CC,18308549,GB58NWGP92138266377057,2024-09-13 18:34:11,Argentina,Perú,1140.97,1849.3,6109.61,1950.62,30.47,21.66,153.72
3345,269,Tarjeta,Michelle Gutierrez,DNI,22736444,GB22UBDF71423420098000,2024-03-16 10:15:36,Perú,México,1808.82,4948.79,2653.15,1874.73,49.93,1.49,499.89
3346,41,P2P,Sergio Yang,RUT,13680574,GB02SDTH04740697988109,2024-09-12 15:44:18,México,México,8740.91,4825.72,7253.93,826.28,41.87,4.37,45.57
3347,62,Tarjeta,Jonathan Martinez,CC,39068972,GB26VQSG33414272389344,2024-06-09 23:21:05,Chile,México,384.72,305.4,4527.9,3331.74,42.95,16.54,423.08
3348,93,Tarjeta,Emma Green DDS,CC,34026738,GB62VCIQ03274647358425,2024-03-07 11:09:18,Perú,Colombia,9240.13,2531.48,2177.42,1279.22,25.05,6.89,456.11
3349,492,Exchange,Aaron Garcia,DNI,26411643,GB80FDEG32432802541787,2024-03-04 09:20:34,Colombia,Argentina,8151.0,2811.79,9485.99,4429.57,36.0,9.86,226.95
3350,632,Exchange,Sarah Johnson,CC,28729463,GB32SPCD89742115958326,2024-11-30 20:11:39,Colombia,Chile,3246.58,340.75,8308.56,2447.97,38.19,11.1,128.43
3351,955,Exchange,Tamara Jones,CC,90575513,GB95KXSP19257547311631,2024-06-22 08:50:53,Argentina,Perú,5450.17,873.89,6435.92,640.63,23.99,15.8,79.49
3352,170,P2P,Kurt Martin,RUT,21516374,GB90XCJZ02127675675808,2025-01-07 14:35:02,Colombia,Perú,7190.39,1749.39,5888.03,4328.44,12.23,15.15,88.42
3353,577,P2P,Morgan Smith,DNI,67073522,GB66TOMN01263617400336,2024-03-20 10:12:28,Chile,Chile,8779.88,4209.46,370.86,2025.53,48.33,20.02,272.16
3354,931,P2P,Paula Kennedy,DNI,80426398,GB69EBCO10853914173297,2024-03-12 00:38:12,México,Argentina,7550.83,950.99,4059.46,4759.2,31.18,21.07,168.87
3355,231,Remesa,Michael Rodriguez,RUT,28527414,GB96GLPN86198187073709,2024-07-09 05:29:44,Colombia,Perú,8837.75,914.72,3838.34,3905.98,26.11,16.81,35.58
3356,877,Remesa,Rachel Carr,RUT,75073550,GB80QVGF06507624251382,2024-08-17 01:00:17,México,México,144.21,2031.5,7532.83,304.76,26.36,16.37,432.21
3357,730,Tarjeta,Valerie Valentine,RUT,84451433,GB31ROWN36033172927148,2024-08-19 23:06:59,Argentina,Chile,1141.59,3223.62,3820.17,2537.71,49.46,20.51,116.25
3358,966,Tarjeta,Michelle Pollard,CC,94615277,GB67HFJJ84138956878243,2024-11-04 14:49:51,Chile,México,3144.28,876.28,2705.72,153.25,44.74,2.03,69.06
3359,597,Remesa,Daniel Benson,CPF,44573169,GB76UBBQ45676156461697,2024-03-01 23:41:49,México,Chile,2776.75,3741.54,2334.61,942.77,45.17,11.31,75.18
3360,878,Tarjeta,Justin Smith,CC,99818304,GB47EXLW76128251377911,2024-08-08 13:55:28,Chile,Perú,6712.56,3461.86,7777.5,3425.98,17.14,1.3,463.63
3361,958,Exchange,Kirk Elliott,CPF,65785421,GB37TUND24406412580444,2024-04-11 21:00:42,México,Argentina,1441.38,3686.77,8200.16,4955.3,49.16,16.95,351.86
3362,435,Tarjeta,Stephanie Davis,DNI,83031728,GB29AYUP10822843318594,2024-10-18 00:54:55,Argentina,México,4936.25,2779.28,9431.53,1681.98,47.22,0.51,481.47
3363,96,P2P,Taylor Bauer,RUT,17933401,GB96HKPU56223881360719,2024-06-11 16:59:59,Colombia,Argentina,9790.09,3778.38,5393.04,4174.8,33.91,12.25,435.54
3364,218,Tarjeta,Justin Bailey,CPF,80556074,GB21GIXE39626739023272,2024-05-06 18:43:11,Colombia,Perú,7470.68,554.37,4200.88,2733.04,6.95,8.92,13.9
3365,767,Tarjeta,Allison Hester,DNI,18620883,GB37XKAJ33367828328286,2024-06-26 01:04:27,Chile,Perú,5494.86,4069.94,5621.2,101.44,13.94,4.74,314.75
3366,577,Exchange,Samuel Hopkins,CPF,89795985,GB10LABC91850677883828,2024-08-26 05:17:18,Argentina,Chile,1140.0,1353.87,2781.53,4104.48,49.18,20.22,334.81
3367,846,P2P,Jeffrey Holmes,DNI,39432107,GB39DVDW21165166457473,2024-11-27 12:24:42,Colombia,Colombia,7605.69,850.32,5543.58,4800.13,49.27,21.69,127.82
3368,153,P2P,Charles Meyers,RUT,70146155,GB55BQMD41359810774972,2024-11-10 03:50:34,México,Colombia,2141.57,4457.63,5363.48,1666.59,49.55,15.04,437.13
3369,993,Remesa,Jordan Ortega,CPF,71831738,GB74OPPS73664274457131,2024-03-13 22:28:53,Argentina,Chile,8116.31,2105.51,9716.91,1802.38,10.15,19.45,311.49
3370,467,P2P,Bridget Mathis,CPF,63133403,GB43LNAS86845891382009,2024-10-31 11:30:55,Chile,Chile,3530.65,4078.29,8533.85,4240.3,26.57,4.72,469.74
3371,113,P2P,Ethan Valentine,RUT,68245748,GB97HYVD00372560019804,2024-05-30 08:43:13,Argentina,Colombia,5964.85,1815.78,6756.45,3224.27,7.6,13.38,493.75
3372,90,Exchange,Pamela Cooper,DNI,74029320,GB04HADO62158018196605,2024-10-15 23:45:14,Perú,Perú,3930.85,4502.18,5498.92,944.73,32.28,8.09,239.79
3373,643,P2P,Danielle Roberts MD,RUT,39246010,GB80MAPL41476042250904,2024-12-22 17:09:27,Perú,México,6006.12,4996.02,122.52,1339.04,46.84,22.94,299.79
3374,769,P2P,Mandy Conway,RUT,88489181,GB60XIOB11716924940092,2024-07-15 15:19:47,Colombia,Chile,9668.03,4527.97,5094.47,873.29,12.72,22.05,398.87
3375,939,Tarjeta,Stephen Duncan,RUT,40778992,GB16AKJY61387728987270,2024-04-03 12:32:16,México,México,1685.57,272.84,5756.54,4792.89,0.75,23.11,193.88
3376,896,Tarjeta,Philip Novak,CC,92524075,GB47FCCM22627646270116,2024-08-22 10:19:08,Colombia,México,5325.16,1355.38,7970.6,4400.55,43.63,5.19,367.57
3377,167,P2P,Robert Lozano,DNI,70123615,GB20REQK54399228688677,2024-06-20 06:34:27,México,Argentina,9654.94,1363.41,804.94,3633.46,25.32,18.26,461.58
3378,343,Exchange,Matthew Cordova,CPF,60469804,GB73NHVP96020751558126,2024-04-08 06:06:43,Perú,Chile,3176.84,2438.99,3336.75,1740.29,47.77,4.22,396.62
3379,728,P2P,Felicia Robinson,CPF,67639948,GB10VCDI56906366177965,2024-02-29 08:49:31,México,Chile,3013.39,3009.03,6939.56,3663.53,27.85,9.16,101.4
3380,237,Exchange,James Thompson,DNI,96863786,GB20QGIP98942180274938,2024-09-13 12:20:41,Argentina,Argentina,8952.58,2637.33,2909.93,377.14,10.1,20.26,136.87
3381,380,Tarjeta,Jennifer Jones,DNI,56380874,GB84QHUT19135195564945,2025-01-12 02:33:56,Colombia,Perú,1182.77,1547.82,6735.05,4871.99,36.33,14.12,325.59
3382,697,P2P,Amy Dunn,CC,44556925,GB72CEMW19449802551459,2025-01-07 07:06:04,México,Argentina,1901.48,2697.22,1642.61,629.99,19.47,1.54,472.73
3383,554,P2P,Ashley Smith,DNI,30628171,GB68EEWQ11604026541169,2024-12-23 06:49:30,México,Perú,2654.25,211.8,3658.55,4566.44,37.1,14.5,416.65
3384,467,P2P,Kristin Reynolds,DNI,35768978,GB87AFTH67342787723388,2024-06-06 09:24:34,Colombia,México,380.13,1761.03,2156.93,4074.43,15.7,8.68,234.59
3385,882,Exchange,Donald Harvey,RUT,51831643,GB29XWRI76686361158358,2024-09-09 04:41:41,México,Argentina,2626.71,1394.67,4296.55,4975.99,32.94,20.85,368.38
3386,650,Tarjeta,Megan Robbins,CC,34759645,GB13TKWW33797779546363,2024-11-04 23:54:16,Chile,Argentina,8142.63,324.25,757.5,1198.46,27.94,19.94,194.68
3387,26,P2P,David Brown,CC,72959688,GB82REXT25130801988295,2024-06-23 04:02:49,Perú,Chile,3738.32,301.21,7269.01,3606.92,23.58,12.91,222.19
3388,626,Exchange,Jacqueline Williams PhD,CC,87938270,GB18DIIN39001770249857,2024-10-02 23:32:58,Argentina,Argentina,8185.64,1486.14,5852.55,4414.05,15.53,13.85,231.29
3389,264,Tarjeta,Haley Smith,RUT,32486669,GB39ADJS25870027083212,2024-04-22 07:20:09,Argentina,Perú,8106.72,143.15,6877.23,548.64,36.54,22.44,113.44
3390,999,Tarjeta,Sonya Jones,RUT,97439665,GB71VGWD32004713615973,2024-02-12 07:33:01,Perú,Perú,2621.54,4817.12,8258.54,3852.49,19.72,23.84,40.72
3391,807,P2P,Steven Russell,DNI,73380262,GB43TDGU14484239203467,2024-09-12 16:03:28,Perú,Chile,1811.08,2745.02,3379.91,4923.02,10.77,17.76,195.35
3392,508,Remesa,Ann Schwartz,CPF,97587337,GB94DFNM83242274738825,2024-07-05 00:32:55,México,Colombia,5592.67,3553.77,4180.45,3772.14,4.82,18.78,40.72
3393,228,Exchange,Nicholas Adams,DNI,26919503,GB03HMWX27912438345690,2025-01-11 00:42:57,Colombia,Chile,5265.83,1640.94,5704.49,4094.74,23.22,0.48,67.37
3394,555,Tarjeta,Edwin Townsend,DNI,26306051,GB22XNTG90131136638248,2024-10-12 17:37:50,Colombia,Colombia,5149.87,1865.22,7362.15,1002.66,34.43,5.69,325.87
3395,227,Exchange,Sergio Hardy,DNI,27232437,GB03YGFK32997515312892,2024-03-31 19:57:05,Argentina,Colombia,982.56,4537.23,7873.22,2360.25,28.78,15.0,192.16
3396,555,Tarjeta,Samantha Costa,DNI,17474734,GB96JVZQ61811240069810,2024-04-16 01:21:33,Perú,México,3833.85,1280.85,2505.19,3336.88,11.77,5.49,458.64
3397,781,P2P,William Johnson,CC,96543201,GB02EOZY36386798276109,2024-04-18 09:14:54,Chile,Perú,9701.39,1935.81,3402.29,2521.53,46.57,0.7,418.98
3398,371,Remesa,Jasmine Jones,CPF,13559094,GB77SRXX36440810473150,2024-05-19 12:25:56,México,Colombia,7775.82,1074.49,932.02,4145.9,10.94,16.31,440.66
3399,750,Remesa,Alexis Huerta,RUT,18571679,GB33NJAD60372343205561,2024-05-16 10:18:23,México,México,3900.04,258.02,6836.47,2673.24,46.8,15.96,308.67
3400,162,P2P,Francisco Noble,RUT,96015314,GB55ZKQC70952298395425,2024-08-29 09:26:36,Argentina,Perú,892.27,2341.01,255.95,2297.07,38.34,13.79,362.94
3401,978,P2P,Scott Conrad,DNI,33874645,GB11JILR65542429519572,2024-06-17 18:19:55,Argentina,Perú,3326.25,1376.83,759.46,884.23,18.99,4.79,408.85
3402,612,Exchange,Mrs. Dana Smith,DNI,25836671,GB91ZEMM97175856182901,2024-08-04 01:08:23,Chile,Colombia,9140.32,3950.72,7599.59,429.86,42.38,4.76,193.71
3403,522,Tarjeta,Russell Vaughan,RUT,28358513,GB08QEUY36101314071715,2024-10-17 23:49:14,Argentina,México,6316.54,3550.1,5757.93,580.29,45.63,12.07,103.45
3404,210,Remesa,Candace Richardson,CPF,31779590,GB08ILTH11868840292308,2024-12-04 10:13:17,Chile,Argentina,3837.34,524.4,7588.32,2310.2,39.6,21.2,405.37
3405,543,Remesa,Nicolas Cochran,CPF,51697800,GB64HVML13729938621418,2024-10-28 07:55:30,Chile,Argentina,5997.24,2987.28,7568.1,3981.12,8.8,1.33,73.81
3406,612,P2P,Amy Bowers,DNI,87778664,GB14FNRX80313725538962,2024-03-26 05:59:33,México,Chile,6390.18,631.18,5772.18,1895.64,46.28,24.23,460.27
3407,487,P2P,Amy Lopez,CC,68954284,GB03SKPZ69795837240565,2024-05-24 19:17:48,Chile,Colombia,7578.16,3182.39,8798.57,3577.58,19.17,21.91,460.45
3408,139,P2P,William Estrada,CPF,81035724,GB73OJCC02536551809154,2024-09-22 02:01:56,Colombia,Perú,3434.96,3069.14,5427.12,1752.07,27.18,8.5,202.52
3409,700,Exchange,Felicia Mills,CC,51559270,GB92XLCP57798017286151,2024-12-11 05:38:49,Chile,Perú,8757.26,4897.43,9339.64,2240.89,33.25,19.57,199.85
3410,874,Remesa,Kevin Larson,RUT,93873864,GB02BKMP61000375192234,2024-01-29 02:44:50,México,Argentina,1331.17,3886.8,8469.34,2364.79,9.36,18.83,438.67
3411,540,Remesa,Julie Wood,RUT,86012000,GB79KZCC23759676414794,2024-08-31 05:18:20,Perú,Chile,1826.73,82.7,9044.79,1805.96,31.75,23.36,100.62
3412,812,P2P,Anthony Bell,CPF,38537336,GB73YGRI78658135757959,2024-02-18 11:59:46,México,Perú,6087.17,1177.5,9449.44,3307.21,30.24,2.19,143.83
3413,825,Tarjeta,Jessica Austin,CPF,99532214,GB95OZMP95516812188855,2024-05-13 13:39:00,Colombia,Colombia,3868.45,3993.16,9366.39,3264.65,20.41,13.34,400.62
3414,925,Tarjeta,Dorothy Howard,CC,87313560,GB41RWPZ40732510243935,2024-01-31 15:43:58,Argentina,México,8187.87,3516.1,4161.45,4106.77,38.24,0.01,259.42
3415,545,Tarjeta,Mr. Kurt Carrillo,CPF,44757632,GB56XYMM12610584126321,2024-06-20 17:49:10,Argentina,México,5367.08,3424.28,2949.92,3171.15,2.89,15.51,271.85
3416,741,Exchange,Susan Smith,RUT,15822656,GB84NNVV15771796100593,2024-12-10 23:16:44,México,Argentina,500.31,4711.84,6577.69,2066.41,25.0,21.62,93.04
3417,233,Remesa,Robert Perkins,DNI,71392111,GB04NQOQ77778854630964,2024-04-28 18:38:13,Argentina,Argentina,3003.18,3222.2,3985.69,4588.06,32.29,3.02,384.6
3418,440,Exchange,Elizabeth Bates,DNI,27995431,GB41GFMF87390241878727,2024-04-28 23:41:51,Chile,Chile,8242.45,4109.65,7432.7,3309.11,38.17,6.79,456.91
3419,374,Remesa,Eric Alvarez,CC,97064063,GB63ADXI83845234161521,2024-07-25 02:13:18,México,Chile,2532.1,4210.77,1096.9,3883.32,10.46,16.58,117.31
3420,283,Exchange,Fred Walker,RUT,28574041,GB68EUZA08354477959024,2024-09-03 00:23:28,Colombia,México,7573.4,1057.33,1648.56,2466.14,2.19,7.74,411.54
3421,925,Remesa,Amanda Palmer,RUT,99294363,GB19SZKD24660112626897,2024-06-27 17:44:57,Perú,Perú,9753.2,2295.6,2826.7,187.26,20.08,1.12,254.25
3422,748,Tarjeta,Kevin Wong,CPF,70298493,GB43XLFP33918740285495,2025-01-18 05:13:59,Perú,Colombia,7176.0,1505.77,2716.36,1624.45,12.16,11.08,123.37
3423,932,Exchange,Katrina Reeves,CPF,62128247,GB95GNOU40380166206301,2024-07-16 10:21:55,Argentina,Chile,4103.47,4358.6,887.65,2914.55,5.01,6.35,498.24
3424,866,Tarjeta,Mary Wells,CPF,67221895,GB51ZKQW82076626600714,2024-06-27 02:23:17,Argentina,Colombia,7331.23,2580.39,7613.5,3417.38,5.4,24.29,105.14
3425,492,P2P,Vanessa Ortega,DNI,77518366,GB23LNSL16990909740160,2024-08-31 20:28:59,Perú,México,1084.51,895.7,1294.38,4230.42,5.01,15.14,46.26
3426,75,Tarjeta,Leslie Bonilla,RUT,14837630,GB40BTLM40001344202911,2024-02-06 08:26:39,Perú,Perú,6518.04,1300.39,8958.9,2838.75,43.22,17.18,461.47
3427,72,Exchange,Debbie Adams,RUT,12666358,GB24PKMO44691515220705,2024-04-02 05:24:29,México,Argentina,5751.4,1913.34,5870.27,2803.44,0.45,22.49,238.17
3428,768,Tarjeta,Francis Simmons,DNI,39424942,GB45FICK76630584553291,2024-10-03 02:56:55,Perú,México,488.7,3405.64,7471.0,509.25,1.91,11.08,300.16
3429,247,Tarjeta,Robert Brewer,DNI,49301244,GB05KXFF68950035879549,2024-04-09 22:33:17,Colombia,Perú,4589.57,2796.36,4237.13,1894.44,39.1,12.34,232.21
3430,310,Remesa,Kevin Potts,RUT,41760442,GB82LCLE41252897462117,2024-06-22 00:06:04,Perú,Argentina,7124.97,2096.39,6849.49,3865.75,36.11,11.02,299.53
3431,992,P2P,Corey Estes,RUT,95864798,GB42PIZA89665614667894,2024-08-16 04:34:35,México,Colombia,138.09,1762.07,8588.22,3984.33,10.7,8.58,29.27
3432,21,P2P,David Perez,RUT,48183313,GB48YJOZ05151121721851,2024-09-04 14:54:33,Chile,México,6930.68,3349.4,4800.46,4525.26,33.02,2.32,157.7
3433,581,P2P,Tina Vega,CC,34164768,GB52TOJZ98950212686281,2024-10-19 14:36:24,México,Argentina,3595.01,4907.82,1726.84,1814.64,5.45,23.04,113.28
3434,760,Exchange,John Williams,DNI,89156860,GB13OHBB41772618189390,2025-01-17 16:41:33,Chile,Colombia,685.65,188.47,3598.51,2958.95,19.69,16.36,437.59
3435,488,Remesa,Dean Hernandez,RUT,12872886,GB07CRNF35708131585460,2024-12-31 04:41:50,Argentina,Perú,8976.65,3761.66,4283.96,3965.05,22.07,6.31,224.01
3436,524,Exchange,Rebecca Moss,CPF,22201774,GB39WACY09110410180253,2024-03-28 22:50:37,Perú,México,7985.84,4079.3,7495.12,3359.12,15.83,13.45,471.23
3437,935,Tarjeta,Sandra Ramos,DNI,67751405,GB55KBOW40195958633365,2024-08-28 03:31:39,Perú,Colombia,6937.66,2423.4,9592.64,1112.05,24.33,9.38,12.44
3438,986,Exchange,Carol Duffy,RUT,96441330,GB24MZZQ39950710882013,2024-03-13 15:57:03,Perú,Argentina,6205.98,492.3,4840.6,3628.69,45.01,23.63,254.92
3439,75,P2P,Cynthia Collins,DNI,85665464,GB25DYYD15883962418155,2024-05-02 23:29:07,México,Chile,493.09,3982.46,923.72,2394.4,41.74,21.15,254.58
3440,414,Remesa,Mary Allen MD,CC,15860486,GB56DNGR39794621625632,2024-11-26 05:31:21,Perú,Perú,844.08,2093.2,3063.72,3732.53,0.95,3.36,131.48
3441,513,P2P,Barbara Wells,CPF,94663989,GB03TABK82178513018078,2024-12-14 20:30:51,México,Argentina,9947.34,4994.62,1530.52,2415.42,34.32,16.96,42.14
3442,337,Remesa,Melanie Garcia,RUT,18817653,GB83XGOW42903320703964,2024-07-24 06:38:02,Colombia,Argentina,7153.73,236.11,4534.73,2683.28,13.51,17.32,248.22
3443,312,Exchange,Jonathan Church,CPF,75097796,GB14TPFG33856241585445,2024-12-28 15:49:35,México,Chile,7473.66,79.32,2858.39,1024.81,8.86,20.37,172.28
3444,698,P2P,Karina Jones,RUT,40265321,GB39EXDO50970271717767,2024-06-17 21:54:05,México,Argentina,5203.81,1189.92,8163.27,4964.35,44.41,13.2,175.32
3445,156,Remesa,Elizabeth Anderson,DNI,53414281,GB72WZXR99129524105035,2024-04-12 19:23:31,Colombia,Colombia,2613.1,392.27,4594.04,2517.1,46.01,6.92,497.43
3446,74,Tarjeta,Rachel Johnson,CPF,67040909,GB44KNRL47128127042762,2024-10-18 13:44:34,Argentina,Colombia,711.15,216.06,5823.85,95.83,27.56,1.89,139.47
3447,349,Tarjeta,Christopher Carpenter,RUT,72210879,GB45LOTK68974173857683,2024-09-07 11:10:27,Perú,Argentina,2405.46,3691.26,5214.02,3144.97,13.54,21.98,40.29
3448,250,Exchange,Chris Smith,CPF,76333886,GB31EYOM35600078344780,2024-08-31 04:53:03,Chile,Colombia,3015.83,4679.25,8981.7,1424.58,46.09,14.59,369.96
3449,529,Tarjeta,Melissa Santana,DNI,42860680,GB96NJUL90419870780725,2024-08-19 16:11:08,Chile,Perú,590.62,341.33,6951.56,3295.18,43.53,22.17,283.8
3450,237,Remesa,Maxwell Reed,DNI,87095281,GB37HGUG40088886040934,2024-11-05 13:30:21,Chile,México,5056.7,653.78,1800.04,3201.45,2.9,19.47,232.75
3451,118,Remesa,Gabrielle Castro,DNI,37374049,GB04ZUXV99387016892552,2024-07-09 07:56:34,Perú,Perú,7660.39,2254.02,3162.61,1126.28,41.54,8.13,219.03
3452,742,P2P,Tara Hughes,CPF,79738614,GB56SAST39759750338244,2024-12-01 22:00:13,México,México,2052.67,4942.96,5732.05,4171.88,17.13,6.57,485.58
3453,15,Tarjeta,Erin Evans,DNI,92339757,GB19BUML23579737974319,2024-12-27 23:50:36,Argentina,Chile,3681.56,2101.75,5365.38,4315.0,35.24,1.78,251.1
3454,257,Exchange,Edwin Brady,DNI,97940930,GB75YCGR95591263155153,2024-07-26 17:58:11,Perú,Colombia,9125.17,2273.27,3422.76,2926.67,1.68,1.34,128.17
3455,960,Remesa,Curtis Webster,CPF,99699098,GB90TTLH36485194195449,2024-09-13 07:12:46,México,Perú,4171.92,2598.24,6057.78,843.68,42.58,3.04,158.77
3456,867,Remesa,Derrick Miller,CPF,84164419,GB56DYWU24456259384394,2024-09-14 12:18:12,México,Chile,1496.71,3916.81,9784.52,4872.39,20.15,3.2,63.2
3457,465,Remesa,Ann Hawkins,DNI,73627266,GB98SSQH84703035895507,2024-03-15 20:28:41,Chile,México,1330.11,4372.66,711.88,1653.43,23.68,10.44,74.36
3458,834,Tarjeta,Michele Kidd,CC,59576451,GB55GYIA14709454384006,2024-10-07 14:37:28,Argentina,Chile,1656.79,2769.39,6455.06,2982.91,23.12,17.86,436.45
3459,70,Exchange,Kevin Morgan,CC,78116725,GB91UQLY32637063612236,2024-05-04 05:26:39,Perú,Perú,1564.41,589.07,4282.96,1840.31,30.42,8.07,183.38
3460,540,Tarjeta,Manuel Massey,CC,72825680,GB97FQKE25804243494450,2024-11-25 17:03:42,México,Chile,9532.48,4743.18,1573.18,86.21,5.37,23.21,449.28
3461,266,Tarjeta,Rhonda King,DNI,64057757,GB85SBYL76667170015705,2024-07-16 09:08:48,Colombia,Colombia,5345.46,3268.7,9605.64,4598.43,44.41,19.28,396.27
3462,955,Tarjeta,Nathan Hobbs,CC,14866002,GB75VOGY93156687305494,2024-10-23 10:04:24,Argentina,Chile,7033.7,2972.25,3070.83,2779.57,40.84,22.17,108.39
3463,672,P2P,Beth Collins,DNI,66679148,GB96QTPK06665448440143,2025-01-20 00:52:37,México,Argentina,6183.72,973.17,224.8,3131.26,36.38,22.14,205.56
3464,187,Tarjeta,Christopher Marshall,DNI,39285685,GB16GBQF52741567883870,2024-10-10 14:40:10,Chile,Colombia,6221.66,4948.26,5306.92,414.28,27.79,24.87,157.94
3465,808,Exchange,Christopher Holt,CC,56364401,GB37EHZS36343387636142,2024-11-12 18:31:22,México,México,8197.1,3628.56,1222.58,2685.76,37.82,20.94,291.18
3466,414,Tarjeta,Sara Wong,DNI,21493849,GB86QBXZ34560040052919,2024-03-20 13:10:16,Chile,Argentina,3284.21,4141.88,5879.46,147.67,23.76,18.0,491.29
3467,858,Tarjeta,Jorge Morgan,CPF,67028985,GB29MBIC25156594970227,2024-03-15 08:38:07,Colombia,Chile,8150.56,100.81,6630.48,2108.82,30.32,16.62,365.16
3468,147,Tarjeta,Damon Turner,RUT,26100294,GB89CNKD01060969039240,2024-03-16 09:02:53,Argentina,Argentina,5961.58,1780.61,5207.6,185.86,32.88,0.4,278.16
3469,432,Tarjeta,Carrie Clark,RUT,79036124,GB22CVQL13468184309598,2024-04-26 00:54:38,Chile,Chile,4156.97,1478.9,5772.07,1922.45,23.41,16.7,74.39
3470,911,Remesa,Jeffrey Bell,RUT,80941351,GB40USSN96264172045909,2024-02-03 12:49:35,Colombia,Colombia,7665.22,1608.37,8162.36,619.75,41.37,12.24,214.43
3471,355,Tarjeta,Timothy Nelson,CC,28440240,GB78VRHH05438110830794,2025-01-21 02:07:11,México,Argentina,7595.37,3035.24,6170.35,3364.68,35.29,0.44,432.37
3472,395,Exchange,Cynthia Wiley,DNI,47068558,GB39QKIJ68408599048161,2024-12-25 20:02:26,México,México,1721.44,3078.59,4866.19,4608.16,12.57,14.57,194.52
3473,168,P2P,Ricky Boyd,RUT,54318207,GB72SAGV69718703192317,2024-05-09 15:13:45,Colombia,Colombia,8220.46,2756.73,3742.6,2371.25,49.07,14.39,348.53
3474,249,Remesa,Amy Watts,CC,49230092,GB28QCPR34111148683676,2024-02-15 22:31:00,Chile,Colombia,9451.96,630.1,8288.63,2123.53,15.69,15.63,214.72
3475,946,Tarjeta,Ashley Fleming,RUT,10614206,GB88EHGY87871412647790,2024-07-30 18:56:29,Chile,Colombia,6688.41,417.25,5773.11,2222.97,41.44,23.95,398.35
3476,650,Exchange,Wanda Gray,CC,85362521,GB32MMNY57363380188567,2024-12-05 15:36:44,México,Colombia,9359.54,3101.4,9745.32,3746.41,33.67,4.42,237.05
3477,437,Exchange,Heather Hawkins,CPF,10944430,GB18ONXA54762163042581,2024-08-05 01:14:40,Argentina,Chile,4401.35,2468.53,337.43,2485.28,42.65,22.87,151.6
3478,861,Tarjeta,Linda Mendoza,CPF,32204300,GB48SVYA47925385753603,2024-05-14 16:20:27,Argentina,Argentina,8256.16,2600.22,2995.83,4540.17,32.51,8.44,142.31
3479,291,P2P,Matthew Huffman,CPF,24507227,GB59LLPM28814351694992,2024-09-19 08:48:55,Chile,México,1786.76,3959.91,8279.53,1467.04,30.86,1.55,441.22
3480,404,P2P,Richard Moore,DNI,23834223,GB67DTBU67893521510271,2024-11-16 14:06:31,Argentina,México,1058.63,1628.16,6202.21,4430.09,16.95,14.92,475.31
3481,505,Remesa,Juan Foster,RUT,92390288,GB44IFSO20436288860250,2025-01-22 10:16:32,México,Colombia,7579.89,729.93,2695.35,4287.95,40.84,10.53,153.51
3482,606,Exchange,Julie Martinez,DNI,98771380,GB44GXKV33381527790442,2024-06-28 08:45:10,Argentina,Perú,4794.55,3864.56,6228.51,2822.52,14.64,18.2,242.96
3483,512,Remesa,David Ramirez,RUT,81290435,GB07ACLS39243951975994,2024-12-14 20:14:35,Argentina,Colombia,5866.32,3164.0,925.28,4749.01,9.12,5.54,280.9
3484,947,P2P,Robert Vasquez,RUT,55694207,GB42SOFW54400322573921,2024-10-22 16:20:45,Perú,México,2157.79,2207.17,727.74,4036.34,16.14,16.73,437.76
3485,293,Exchange,Steven White,CPF,82399031,GB75QONU80372062006970,2024-10-12 05:19:02,Perú,Colombia,3580.43,3766.31,5256.25,2790.11,23.64,12.51,188.23
3486,217,Exchange,Christopher Carlson,CC,25023013,GB92VOVT64759048122110,2024-11-23 06:49:48,Colombia,Chile,8986.81,2478.85,9264.07,2720.38,41.8,20.5,206.3
3487,253,Exchange,Haley Vasquez,RUT,30229518,GB76OUMO15965207278378,2024-04-18 19:15:25,Chile,Chile,9237.95,866.04,4660.38,3195.75,36.78,5.52,44.9
3488,902,Remesa,Stephen Hawkins,RUT,77690751,GB75ENGW21217840847331,2024-08-09 09:33:02,Argentina,Colombia,3841.84,3710.1,1801.68,2054.87,43.28,8.34,154.61
3489,450,Exchange,Jason Curtis,RUT,11455868,GB69THRO85029366888315,2025-01-05 02:35:54,Colombia,Perú,4621.77,404.2,6923.83,4973.44,17.26,16.51,427.14
3490,764,Exchange,Dawn Johnson,CPF,10868960,GB97OQSW49814736307354,2024-10-13 10:49:51,Colombia,Chile,252.03,3886.19,8684.35,4135.65,23.67,12.12,246.57
3491,18,Tarjeta,Courtney Wallace,DNI,98664702,GB94DQMH56245536773475,2024-12-23 03:20:17,México,Colombia,6797.6,4921.65,4188.36,4487.08,30.93,0.51,123.06
3492,324,Remesa,James Frey,CPF,15916437,GB40ZZXV07343716193932,2024-08-25 07:38:56,Perú,México,3331.2,4373.64,5635.11,2845.32,13.9,22.05,239.71
3493,142,P2P,Brandi Vazquez,RUT,81618162,GB55NVNF66333076895949,2024-08-25 22:20:10,Chile,México,428.48,4324.6,4378.12,511.27,23.73,19.57,140.03
3494,407,P2P,Kathleen Curtis,DNI,85377581,GB98XGPB79725663746634,2024-06-14 01:11:59,Argentina,Chile,5204.06,2293.08,172.27,1489.33,29.8,5.73,482.67
3495,456,Remesa,Debbie Beck,DNI,16945563,GB65LXOY29849481410684,2024-11-12 11:34:16,Perú,Colombia,5816.54,1456.85,5637.57,1220.45,39.78,7.58,320.73
3496,593,Remesa,Christopher Thomas,CPF,99789376,GB70ZQMX01712501651794,2024-10-15 05:23:42,Perú,Argentina,7737.96,3007.04,8498.48,137.48,10.84,6.06,221.74
3497,154,Exchange,David Olson,RUT,94355659,GB60XOQS98555796427752,2024-11-28 23:17:40,Argentina,Chile,2594.14,1711.66,2141.85,1968.76,29.68,24.98,328.45
3498,78,P2P,Mike Ellis,RUT,47195718,GB04FVOX80425728817967,2024-10-16 06:46:15,México,México,6179.74,1131.71,644.77,534.07,7.99,4.36,396.87
3499,70,Tarjeta,Jill Cook,CPF,16028931,GB54IWRZ30777297937461,2024-07-15 00:46:42,Colombia,Colombia,4112.64,3765.35,9005.48,597.63,12.22,1.48,35.56
3500,392,P2P,Corey Anderson,CPF,98378559,GB61WMXT49568379913737,2024-09-23 05:25:45,Colombia,Colombia,1667.91,3333.77,644.19,2204.56,41.45,6.6,112.83
3501,405,Exchange,John Mccann,DNI,20767185,GB76BYGH50423361073499,2024-02-04 10:44:04,México,Colombia,9608.0,1423.01,8550.0,1402.22,8.84,5.26,242.08
3502,227,Exchange,Daniel Moody,RUT,19967238,GB95PMWY02755000330674,2024-06-23 00:14:49,Perú,Perú,359.71,1291.95,218.68,3342.6,27.94,21.7,294.57
3503,821,Tarjeta,Frank Woodward,CPF,47982127,GB11SDNQ18055392758610,2024-05-24 06:15:48,Perú,Chile,7249.7,3430.15,8195.79,1700.26,30.08,8.77,273.5
3504,434,Remesa,Richard Acevedo,CPF,33922306,GB82SBFN21560714512737,2024-03-12 13:26:24,Perú,México,6488.77,3321.51,5115.33,2029.89,16.0,20.06,421.48
3505,218,Tarjeta,Jackson Willis,RUT,49744438,GB55XTVM88550757024153,2024-12-09 07:58:42,Perú,Argentina,5302.27,2936.13,1657.75,2550.5,46.09,6.32,407.28
3506,595,Remesa,Nichole Wiley,CC,54549819,GB76SBIX71475257971155,2024-04-27 08:32:08,Colombia,Perú,1315.32,1551.37,8835.58,2516.7,2.3,11.77,58.95
3507,777,Tarjeta,Mark Johnson,CC,64118459,GB12FABQ12711545313534,2024-11-07 17:15:13,Argentina,Colombia,9436.85,3521.61,5133.94,391.63,17.02,9.38,162.69
3508,40,Tarjeta,Robert Fisher,DNI,49197049,GB16ZJCM47585023385015,2024-04-14 14:55:33,Colombia,Argentina,7336.19,3263.24,2531.82,2549.75,28.41,12.55,366.67
3509,750,Tarjeta,Deborah Valdez,CC,73880287,GB84RUUY09276341658519,2024-04-14 22:21:17,Colombia,Colombia,2106.5,968.09,2671.95,4199.68,22.03,10.61,415.84
3510,875,P2P,Cynthia Carter,DNI,19668793,GB32ZPWP69161446120073,2024-09-30 11:36:15,Chile,México,9083.99,4495.04,6615.32,3645.3,26.27,11.3,68.4
3511,743,Tarjeta,Margaret Paul DDS,RUT,86096970,GB68YWIT08103583857763,2024-02-03 12:08:29,México,Colombia,5161.35,700.74,6265.79,1500.16,45.89,18.98,323.98
3512,587,Exchange,Suzanne White,DNI,49799997,GB67NZGQ43147553441974,2024-05-26 01:05:54,Chile,Chile,8905.79,4461.66,8623.89,3120.11,49.36,7.09,58.26
3513,971,Tarjeta,Jennifer Marshall,CC,34405956,GB84LXWQ38855721622744,2024-05-20 21:56:55,México,Chile,6420.22,1240.95,9371.74,3715.69,16.52,20.41,12.74
3514,642,Remesa,Shawn Blair,CC,55607074,GB04WKAD41432196857825,2024-08-25 05:25:35,Colombia,Perú,6620.93,2347.66,1506.82,4388.85,29.12,19.96,287.37
3515,329,Remesa,Crystal Rhodes,RUT,13183197,GB39AYFP32711362673147,2024-04-05 22:13:38,Chile,México,8076.66,2668.72,4170.12,4901.66,28.44,15.15,207.64
3516,25,P2P,Karen Simon,RUT,57496802,GB56RIOW92986446012912,2024-06-05 21:47:45,Argentina,Argentina,3930.25,2885.92,2677.82,570.48,43.82,17.03,128.01
3517,698,Remesa,David Wright,RUT,70787661,GB53XUQM85656369424282,2024-05-15 08:13:11,Chile,Colombia,2097.87,1804.71,2682.55,544.1,17.35,20.11,54.11
3518,720,P2P,Logan Delgado,CPF,20223733,GB30NIBQ60060214344077,2024-11-04 15:40:43,México,Argentina,9085.97,2118.42,5641.6,4866.36,1.1,1.59,379.88
3519,193,Remesa,Nicole Fields,CPF,62798827,GB88OIWU28374651691111,2024-02-23 20:00:04,Chile,México,1065.76,4683.65,4387.82,1561.05,35.57,24.62,205.93
3520,763,Remesa,Renee Marshall,CPF,78380827,GB79PMCR12618151518991,2024-03-04 08:37:01,Chile,Colombia,626.4,3451.75,4186.18,2698.44,38.06,21.66,22.08
3521,998,Remesa,Molly Daniel,CPF,32751905,GB24TNAN94393621163924,2024-09-14 04:12:10,Colombia,Argentina,5503.18,3999.67,6002.84,2295.88,48.52,13.71,48.01
3522,387,P2P,Vanessa Nixon,DNI,31563961,GB25KAAU48209708454408,2024-06-19 10:01:12,Chile,México,4058.81,2761.95,1417.25,2455.45,18.23,10.09,447.56
3523,742,Exchange,Brianna Blanchard,RUT,57439297,GB11QTZV56369831501325,2024-08-01 16:13:45,Perú,Colombia,3565.04,4260.91,9097.46,784.35,14.63,6.9,43.79
3524,18,P2P,Kenneth Burns,RUT,76137768,GB87VFWJ42260237332372,2025-01-02 05:06:23,Argentina,Colombia,9939.46,3433.3,6944.86,1874.21,36.6,22.78,244.74
3525,621,Tarjeta,Karen Young,DNI,26722528,GB75IAPV35322670333329,2024-04-25 14:13:48,Argentina,Argentina,507.92,2723.45,9790.72,3792.19,26.8,19.75,133.67
3526,141,Tarjeta,Bradley Martinez,CPF,55535844,GB80WKWI44387054006345,2024-07-03 23:40:19,Colombia,México,2246.65,2911.78,8316.15,4664.63,15.06,21.62,74.79
3527,702,P2P,Tricia Duncan,DNI,94620792,GB73BXPV89124619554615,2024-06-20 13:01:27,Perú,Argentina,3318.27,4526.95,1837.87,653.45,49.23,19.52,291.32
3528,887,Tarjeta,Sarah Hill,CC,60801628,GB12WYKC52721486476628,2024-05-26 15:31:22,Colombia,México,6992.42,2641.17,1059.4,4943.33,32.54,2.13,395.86
3529,143,P2P,Kelsey Stein,DNI,57757916,GB15XECH94869555468741,2024-08-15 22:28:10,Chile,México,6450.42,3584.32,9265.92,1579.18,9.43,0.63,272.08
3530,119,P2P,Marcus Mayo,DNI,67622738,GB05ZLAJ75827764030539,2024-07-13 11:50:56,Chile,Chile,5841.34,785.04,6879.22,3109.82,44.35,6.98,333.42
3531,642,P2P,Janice Parks,RUT,87446871,GB04HXWL17858521304781,2024-06-24 23:10:41,Colombia,México,4374.95,2790.71,9351.21,1050.37,46.99,8.96,356.89
3532,260,Exchange,Michelle Johnson,CPF,73856818,GB91ARDB28529437079670,2024-07-04 17:32:43,Argentina,Chile,1341.28,4628.19,5363.42,3376.39,17.3,14.53,73.98
3533,723,Exchange,Crystal Wallace,DNI,98147637,GB40MNIJ74426979486979,2024-02-04 23:18:03,México,Chile,3703.72,2767.54,5344.33,3483.42,33.51,6.13,29.57
3534,354,P2P,Jeffrey Russell,CPF,53302500,GB62CHHE75251772280249,2024-09-11 06:27:09,México,Argentina,3791.66,1393.09,7011.32,3190.25,35.01,6.99,382.04
3535,711,P2P,Nancy Hall,CC,19874835,GB96SFFA21975808530702,2024-07-13 14:24:59,Argentina,Perú,6919.36,413.09,2641.07,4176.36,18.43,17.01,141.4
3536,878,P2P,Catherine Carson,CC,21311242,GB04SOHY17743524835268,2024-01-25 23:55:36,Chile,Chile,7514.38,849.04,2498.57,1391.81,38.42,24.91,136.94
3537,162,Remesa,Steven Davis,DNI,67444244,GB74VSCL59819432465087,2024-12-23 22:44:44,Argentina,Perú,5715.19,2411.63,4862.04,3766.59,44.28,10.78,438.1
3538,110,Exchange,Brent Gomez,DNI,14331073,GB67NTGF69166886071799,2024-07-20 18:32:46,México,Argentina,2360.71,2581.31,8783.8,4298.5,2.35,14.39,303.64
3539,437,Remesa,Alex Riley,CPF,96962418,GB82DGLP81865546114329,2024-07-14 07:50:47,Chile,Colombia,7514.4,3985.29,7405.19,3019.35,10.35,12.27,129.35
3540,968,Remesa,Edward Hicks,CPF,62653162,GB54FIEH16378505273246,2024-08-01 09:27:21,Perú,Colombia,5103.83,1939.52,3109.19,3720.46,18.45,11.1,246.97
3541,673,Remesa,Michael Stone,RUT,37056403,GB04ZNHJ99265145982089,2024-09-18 17:46:41,Colombia,Colombia,483.93,3691.17,5510.6,1326.22,38.79,1.49,438.25
3542,706,Remesa,Elizabeth Robertson,CPF,22882640,GB18IEUI08724713443701,2024-03-29 13:07:30,Colombia,México,8621.63,1667.36,5857.79,1209.56,9.9,20.03,38.32
3543,777,P2P,John Brown,CPF,25021799,GB65HCWG16225890068427,2024-05-24 06:48:14,Colombia,México,234.59,922.17,1973.65,698.42,9.87,23.37,13.55
3544,352,Tarjeta,John Hernandez,DNI,65828362,GB56JUES81368778137117,2024-07-17 17:14:55,México,México,987.86,4185.76,9791.8,4309.98,40.76,5.18,195.36
3545,875,Remesa,Anthony Drake,DNI,27895674,GB31IQUA74092568197788,2024-03-01 03:29:44,Perú,Chile,8435.35,3306.26,2246.44,1913.08,46.05,4.05,303.96
3546,98,P2P,Julia Robinson,CPF,75249242,GB83MLSG67744468873377,2024-03-19 09:25:56,México,Argentina,9619.57,2755.55,9468.36,1823.92,19.61,17.13,60.96
3547,140,P2P,Michael Torres,DNI,14100055,GB60DPUZ96322153416154,2024-02-12 18:34:40,Chile,México,4152.43,141.44,6396.27,3092.21,32.35,21.99,25.2
3548,307,Tarjeta,Aaron Pacheco Jr.,CPF,83338471,GB30FWBK44427631871853,2024-09-19 04:28:48,Colombia,México,4363.0,4327.07,4570.59,4022.24,7.17,0.84,346.27
3549,448,Exchange,Alexander Henry,CC,22261133,GB40ZWDI17639741730514,2024-02-13 13:51:23,Colombia,Colombia,7806.82,649.42,3860.7,4147.16,41.08,15.7,306.16
3550,57,Remesa,Jason Martin,CPF,43389804,GB35SHSH98124387585423,2024-11-06 02:36:02,Perú,Chile,1478.93,2853.03,8381.84,714.78,43.19,15.39,84.21
3551,730,Exchange,Monica Martinez,CPF,70071424,GB03GDDG22806483565458,2024-09-18 11:46:10,Argentina,Argentina,8249.22,1552.4,1705.46,3798.4,27.27,10.58,58.1
3552,220,P2P,David Thompson,CC,27504780,GB52EAQZ42292316205376,2024-12-20 07:04:36,México,Colombia,6526.19,1259.5,8947.02,3004.98,20.2,8.95,313.93
3553,461,Exchange,Robert Green,DNI,30606489,GB68LCDN94547937544755,2024-06-14 03:48:31,Argentina,México,9437.56,1589.97,6503.64,1811.52,14.0,24.71,296.69
3554,333,Tarjeta,Virginia Lambert,CPF,80839675,GB49JPEG95917006663311,2024-06-23 10:30:11,Argentina,México,326.03,3010.97,2658.94,3585.79,47.13,6.82,400.91
3555,1000,Tarjeta,Steven Miller,CC,35225566,GB79YXZU27029033543082,2024-08-19 17:46:24,Perú,Argentina,3948.39,3791.36,4395.39,4842.57,16.51,2.08,299.51
3556,841,P2P,Elizabeth Hooper,DNI,50271029,GB58YBZG98036533628297,2024-07-16 12:23:58,Colombia,Chile,1582.43,118.0,2115.15,2633.13,24.52,9.68,177.02
3557,427,Exchange,Vanessa Ashley,DNI,72470083,GB10ECVK32477002481891,2024-12-20 06:06:19,Colombia,Argentina,5198.18,1524.7,3860.85,2299.91,15.69,15.42,140.4
3558,124,P2P,Jennifer Sloan,CC,61039889,GB13LCFC20308984972988,2024-06-20 21:50:24,Chile,Colombia,9069.47,1106.17,6721.29,2970.87,27.13,13.46,177.29
3559,162,Exchange,Christopher Price,DNI,63827823,GB38YZCT06184989030283,2024-03-21 06:08:32,México,Colombia,1143.02,633.8,3774.73,321.63,14.72,7.18,160.57
3560,239,Exchange,Brian Quinn,CPF,30845224,GB46QQOS18179623382501,2025-01-02 00:10:58,Colombia,Chile,3900.3,2815.55,4561.89,454.95,30.1,21.97,441.94
3561,173,Tarjeta,Sheri Thompson,CPF,92810829,GB11RMBW49516469423658,2024-05-01 14:51:42,Perú,Perú,7991.32,3364.28,3734.12,1638.09,4.34,12.06,66.5
3562,358,P2P,Marcia Walker,DNI,29239335,GB02QMHQ60610576114176,2024-05-15 17:41:21,Perú,Argentina,9436.17,4852.68,9858.24,368.49,3.71,11.85,38.29
3563,966,Exchange,Michelle Johnson,DNI,39105557,GB29NUOJ91175980842287,2024-12-28 19:54:35,Argentina,Perú,4105.24,4764.97,8666.16,2795.53,26.6,14.75,268.66
3564,398,Exchange,Erica Murphy,CC,54672367,GB27BQQE73200504193312,2024-10-15 10:09:53,Argentina,Colombia,4544.73,1485.99,8426.43,3507.67,28.06,1.45,58.13
3565,210,Remesa,David Campbell,CC,21492841,GB05XGUL25363942173331,2024-07-08 04:13:58,Chile,México,1182.16,4185.51,1857.32,667.77,34.93,19.87,275.11
3566,63,Exchange,Susan Reyes,RUT,36901500,GB36KHRU86440973287796,2024-04-26 15:25:57,México,Perú,760.04,4442.11,4648.6,1291.69,15.21,14.6,211.35
3567,833,Remesa,Brett Wilson,RUT,16308545,GB92UWGC04510183142569,2024-03-31 21:45:23,Perú,Argentina,6714.05,3393.13,3068.6,4763.05,6.83,19.63,347.22
3568,178,P2P,Judith Wiley,CC,17941104,GB37OXRA08287683036722,2025-01-02 16:24:14,Perú,Perú,4944.66,702.75,1675.8,3849.39,40.72,15.35,496.2
3569,329,P2P,Amanda Mann,DNI,48677175,GB38DNUU23538558791334,2024-11-07 20:45:48,Colombia,Chile,7400.23,4685.96,3660.53,3610.98,28.76,14.04,403.56
3570,624,Exchange,Kelly Obrien,CC,58500282,GB13BPUQ67469284732772,2024-10-12 08:26:41,Colombia,Perú,5294.4,4364.75,4223.91,2910.62,29.99,1.12,66.23
3571,630,Tarjeta,Michaela Blackwell,DNI,70741383,GB02AFLM26207845349789,2024-04-17 07:48:38,Colombia,Colombia,1530.27,2875.19,557.24,1939.7,33.23,4.03,366.03
3572,206,P2P,Lawrence Cook,RUT,57996469,GB98VHWA42906635427609,2024-09-04 17:33:21,Argentina,Argentina,7376.03,1593.13,1383.79,2830.14,21.85,1.45,419.52
3573,807,P2P,Seth Hernandez,CPF,56143643,GB60IPEA39210061534530,2024-11-26 22:51:49,México,México,9644.8,4665.33,5439.98,3312.47,45.05,9.95,149.16
3574,901,Exchange,Richard Woodard,RUT,69587216,GB27NUHL84437599967667,2024-07-08 17:56:49,Perú,Perú,9729.67,1413.04,3264.63,484.96,4.06,5.93,236.56
3575,990,Exchange,Amy Foster,DNI,64683713,GB09SAKW43136425749715,2024-06-26 23:24:52,Colombia,Chile,9828.2,225.25,9447.22,1401.32,1.14,17.92,166.92
3576,604,P2P,Patrick Daniels,CPF,19143754,GB80JWBV39891552858334,2024-02-13 15:48:16,Chile,Argentina,8048.41,1362.15,2594.2,2440.65,14.33,0.44,198.89
3577,156,P2P,Brent Baker,RUT,34289961,GB47YUPK50510463577071,2024-09-29 08:40:27,Chile,Argentina,4606.97,846.73,7636.37,2220.21,27.93,11.63,74.73
3578,814,P2P,Emily Vasquez,RUT,28524983,GB91IHDH80345960615691,2025-01-02 06:24:16,Argentina,Chile,8171.78,2488.75,3716.63,1267.58,22.83,6.72,310.27
3579,389,Exchange,Heather Martin,DNI,45062416,GB78JLSA03543170127918,2024-11-14 10:20:50,Argentina,Argentina,7349.14,3527.9,9584.64,526.87,17.75,5.91,284.76
3580,473,Exchange,John Browning,DNI,18186232,GB90MHFZ11680542905678,2024-01-23 21:43:21,Colombia,Colombia,5609.87,4116.85,5815.97,3253.46,27.46,6.11,369.62
3581,76,Exchange,Thomas Ruiz,RUT,66298308,GB55MZJI47759188581601,2025-01-01 00:06:03,Colombia,Colombia,5885.0,1640.74,9876.6,4300.29,17.94,20.42,44.23
3582,654,Tarjeta,Carolyn Arnold,CPF,32406120,GB82XAPH22164210762669,2024-03-30 01:41:49,Argentina,Colombia,1091.11,147.66,1232.56,4671.39,38.71,22.76,130.23
3583,493,Exchange,Dustin Powell,RUT,94672572,GB50EWBY26294052779553,2024-02-27 07:57:07,México,Argentina,7879.33,3460.03,9385.87,896.54,30.26,5.77,299.15
3584,34,Remesa,Brooke Hall,CC,35404608,GB85NPOB08857039165928,2024-11-11 03:04:23,México,Chile,7562.76,3068.97,7196.53,2438.77,21.99,15.17,482.03
3585,763,Tarjeta,Robert Fleming,CPF,30065606,GB39JKKQ63168326885839,2025-01-12 18:25:20,Chile,México,4851.31,3450.37,6508.86,1402.08,20.5,18.49,73.72
3586,328,P2P,Ruben Ruiz,CPF,86438691,GB85MUBB62996724145097,2024-07-14 07:01:01,Argentina,Colombia,8611.18,2647.04,128.8,1326.23,49.02,3.43,277.41
3587,537,P2P,Mr. Steve Meza,CPF,72576045,GB73HABW44574629915617,2024-09-03 10:19:47,Perú,Chile,3544.34,2944.21,4021.46,3560.44,14.63,24.78,139.72
3588,789,P2P,Austin Miller,DNI,31217698,GB24KYZY78460113537360,2024-08-24 15:42:58,Argentina,Colombia,4034.39,2781.26,2169.71,3897.87,25.95,15.34,437.83
3589,144,Exchange,Samuel Olson,RUT,56342737,GB34UZUZ45090581410948,2024-08-19 12:21:37,Colombia,Colombia,9424.91,4615.09,8002.6,2229.71,24.48,1.58,140.8
3590,505,Remesa,Michael Adams,RUT,48330232,GB32EFFE48555596349655,2024-05-15 11:33:47,Chile,Argentina,9863.51,581.13,6821.43,2937.85,26.05,6.61,371.56
3591,986,Exchange,Larry Parker,CPF,92597517,GB32RVAT24884147967212,2024-03-04 01:53:40,México,Argentina,4888.74,1185.6,5253.75,3099.11,22.04,9.56,402.43
3592,126,Remesa,Kayla Mann,CPF,88817887,GB72NDUZ11336656503954,2024-10-09 12:17:54,Argentina,Argentina,519.84,4920.28,7432.53,2454.22,8.28,5.17,356.31
3593,922,Remesa,Gabriella Kennedy,RUT,87207688,GB71MRJD54423202421393,2024-09-26 08:18:05,Argentina,Perú,573.32,3165.09,5400.15,3152.1,45.02,18.37,238.12
3594,323,Tarjeta,Mrs. Lauren Parsons,CC,40536631,GB58THKN99186579482615,2024-12-02 14:17:36,México,Chile,1299.24,1540.03,9641.57,2080.92,39.96,22.33,394.93
3595,758,P2P,Peter Hernandez,DNI,56254672,GB35XYAP45243835808589,2024-12-06 06:31:44,México,Colombia,7659.02,1165.39,2495.29,4880.85,49.02,8.05,67.84
3596,898,Remesa,Laura Vega,CPF,70496329,GB27YJWK58201517100169,2024-02-04 03:37:45,México,México,739.38,3070.54,6578.02,2855.81,43.47,5.57,331.05
3597,472,Remesa,Angela Smith,RUT,67360931,GB81OJNB88782994108539,2024-07-16 02:53:27,Argentina,Perú,2057.2,2195.4,1114.76,2645.51,3.39,8.96,86.15
3598,77,Exchange,Tony Rojas,RUT,10446176,GB28QYKQ07578929395236,2024-06-01 09:37:58,México,Colombia,2388.69,4059.3,6190.88,4936.09,42.64,11.51,230.54
3599,551,Remesa,Tyler York,DNI,53040221,GB23IOMB08653753802949,2024-12-24 17:43:11,Colombia,Chile,2671.46,2191.54,4495.85,2656.8,23.57,2.83,448.07
3600,112,Exchange,Sarah Miller,DNI,26393873,GB40TAON92053544053989,2024-04-08 14:02:02,México,México,474.24,798.11,6238.11,438.93,37.96,10.76,21.34
3601,767,Tarjeta,Raymond Shaw,CPF,78765984,GB88VRKI82910947288328,2024-11-22 10:43:46,Chile,Perú,8689.05,4248.83,6936.09,2332.54,3.95,6.39,413.06
3602,933,Exchange,Daryl Wilson,RUT,49399593,GB35TOXV72192654543832,2024-02-20 07:41:40,Chile,México,9115.04,4437.44,5531.46,2801.76,19.75,11.49,253.29
3603,988,Exchange,Kristi Garcia,DNI,44008709,GB42MDQN04224428982820,2024-02-23 09:06:56,Chile,Colombia,6789.88,2693.3,5428.99,3614.93,14.36,9.83,18.05
3604,161,P2P,Tyler Clark,CPF,54075522,GB44EPTK85127153105664,2024-06-17 23:15:26,México,Chile,1362.23,3140.04,9729.73,4021.65,40.86,8.88,272.95
3605,94,P2P,Brittany Anderson,CPF,42741261,GB10ULXC61992045382307,2024-03-18 18:04:48,México,Colombia,3861.29,2098.04,4569.09,4741.36,34.91,9.62,472.93
3606,879,Exchange,Michele Douglas,CPF,49458584,GB45TBWI56334157942951,2024-09-06 14:56:32,Chile,Argentina,6766.69,1808.61,2328.84,4727.12,19.37,12.45,104.15
3607,724,Exchange,Tasha Khan,CPF,82040880,GB38JKRP20896340353537,2024-12-06 12:27:29,Colombia,Chile,138.88,74.84,5962.63,226.67,28.24,9.37,418.61
3608,882,Remesa,Neil Williams,CPF,46726459,GB54RWCJ59907709063817,2024-07-12 03:58:14,Perú,Perú,3803.72,1744.52,4634.78,4650.73,22.69,9.96,39.57
3609,290,Exchange,Allison Miller,CC,25212248,GB55XXHK86368359901128,2024-11-05 13:25:00,Chile,Perú,1406.96,3076.46,3424.95,301.87,49.74,22.19,119.48
3610,720,P2P,Jacqueline Campbell,DNI,22739921,GB22MOAE05739591759755,2024-06-17 20:45:35,México,Colombia,1452.05,729.01,4320.67,954.83,16.53,1.97,226.21
3611,101,P2P,Samantha Ryan,DNI,61655577,GB45HJJH63596838194261,2024-11-30 16:52:10,Colombia,Perú,8705.32,3229.07,1060.57,790.57,32.81,2.16,389.35
3612,867,P2P,Ronald Diaz,RUT,11045706,GB60MSBA56676959938253,2024-08-27 19:03:32,Chile,Perú,3515.92,4582.03,494.04,1808.49,10.99,15.64,484.19
3613,548,P2P,Patrick Price,RUT,13512837,GB23UQBZ30088170963196,2024-03-20 16:16:18,México,Perú,6677.73,2487.85,8732.14,3945.16,16.61,9.45,344.43
3614,689,Exchange,Dennis Allen,DNI,29210830,GB23FNVB56473581721532,2024-02-01 11:30:16,Argentina,Colombia,4565.41,3231.56,7114.18,4833.78,48.16,23.2,178.48
3615,757,Exchange,Jessica Fowler,CC,94438427,GB82KJQQ86360182356149,2024-06-24 22:16:58,Chile,Chile,8195.02,173.5,1535.45,1186.01,18.05,17.38,311.79
3616,286,Exchange,Mark Young,CPF,35401481,GB31BMRC00984686067750,2024-07-18 17:27:08,Chile,Perú,9078.96,692.78,9885.48,447.44,21.27,0.94,242.05
3617,780,Remesa,Mark Brown,CPF,73457451,GB58MTNB86180606246923,2025-01-10 03:40:53,Argentina,México,4819.29,4024.56,1485.52,2855.32,17.31,20.23,148.99
3618,708,Exchange,Marilyn Burns,CC,86374234,GB92UFCJ31233009627369,2024-12-22 06:21:56,Argentina,Argentina,3493.4,3531.94,6318.87,1801.19,37.87,4.92,199.24
3619,443,Remesa,Mr. Michael Brock DDS,DNI,49523266,GB14BDNF40924186409667,2024-04-01 23:12:39,Argentina,México,1561.2,2229.78,7704.89,461.71,39.2,12.16,128.42
3620,73,Remesa,Mark Douglas,CPF,47594011,GB18PUEI39237433693082,2024-03-10 04:19:25,Perú,Perú,625.86,4762.28,9587.36,1499.7,10.41,10.15,277.86
3621,836,Remesa,Olivia Walton,RUT,57601482,GB05FSSZ55525885263132,2024-04-19 17:20:56,Colombia,Chile,254.4,368.54,3719.5,622.52,33.64,24.02,173.0
3622,70,Remesa,Julie Flores,RUT,39735905,GB96MCEV90034868568435,2024-05-10 09:56:36,Perú,Colombia,7446.09,3550.13,2625.49,3960.1,9.75,19.17,288.44
3623,980,Tarjeta,Michael Garcia,CC,40312974,GB10KBXM84399405519953,2024-03-05 13:32:31,Colombia,Perú,1148.62,1274.54,7434.69,1891.4,45.47,2.05,38.29
3624,27,P2P,Anthony Donovan,RUT,43544018,GB05LLVH55897725896248,2024-06-09 14:11:55,Chile,Chile,6804.97,878.22,8058.98,603.58,4.83,7.99,320.15
3625,410,Exchange,Amanda Miller,CPF,22954234,GB69SUJV47571402485736,2024-03-21 10:46:08,México,Colombia,9254.23,4575.8,4048.54,1648.71,8.68,1.99,220.8
3626,892,P2P,Jack Hunter,CPF,82095253,GB28GKDI35295983302499,2024-03-25 19:06:56,Perú,Perú,9915.27,3003.75,7651.34,4183.5,32.19,23.55,359.83
3627,699,P2P,Christina Ross MD,CC,55486489,GB23XNUR58622365412802,2024-10-19 11:57:34,Perú,Chile,6013.32,4300.43,3986.04,1160.48,49.35,6.01,109.61
3628,222,Remesa,Heather Brooks,CPF,39870766,GB23GBAU17424181409281,2024-06-21 20:18:57,Chile,Perú,5330.09,2167.63,1302.39,4839.48,31.56,16.79,23.8
3629,515,P2P,Susan Cummings,RUT,57212680,GB07NALQ02438586558260,2024-06-26 09:31:48,Perú,Chile,8824.14,638.63,8234.1,2961.99,34.47,6.72,129.55
3630,981,Tarjeta,Jennifer Miller,RUT,98304631,GB20GJQJ68368868902052,2024-05-08 14:15:10,Perú,México,8395.94,1191.68,6106.6,2845.77,47.09,1.05,64.54
3631,264,P2P,Patricia Hughes,DNI,29352293,GB66PIKR69672443223081,2024-04-27 23:09:48,Argentina,Colombia,2563.58,4422.58,2805.43,4658.25,2.53,14.51,249.55
3632,717,Tarjeta,Amanda David,CC,98085772,GB45STJR72456793623005,2024-06-20 01:25:44,Argentina,Perú,9304.23,3217.99,8879.08,3741.74,10.06,9.34,85.0
3633,6,P2P,Wayne Neal MD,CPF,54821589,GB98TXRZ34489487131647,2024-03-11 02:57:10,Chile,Colombia,7292.94,1670.5,4170.74,2963.01,30.87,7.15,135.62
3634,892,Remesa,Janice Weaver,RUT,26062764,GB30NFOH01993675338977,2024-02-22 00:00:06,Argentina,Colombia,6106.42,3600.6,6023.24,236.94,12.84,24.02,411.07
3635,174,Remesa,Kevin Jones,CC,60774188,GB92AKRM31125752829447,2024-12-12 15:36:06,Perú,Perú,8120.79,868.06,681.74,2044.13,19.69,20.62,304.12
3636,958,Tarjeta,Donna Holland,CPF,60062371,GB09HPOI28804458808207,2024-05-25 07:57:33,Colombia,Colombia,3019.54,3255.74,8246.07,1693.97,41.42,7.38,108.37
3637,674,Remesa,Roy Suarez,DNI,75308019,GB02QOGG36392283052640,2024-03-17 21:34:35,México,Colombia,5412.59,2723.32,4076.73,3681.74,33.16,20.26,497.18
3638,599,Exchange,Diane Adams,CPF,38985047,GB10WSYP65082191719731,2024-04-22 04:14:02,Chile,Perú,4383.0,3552.86,7090.06,4271.74,45.08,14.91,463.23
3639,207,P2P,Robin Nunez,CC,16004219,GB54HKGZ84432674269320,2024-07-14 07:48:01,Perú,Perú,5856.36,499.27,1882.34,3945.18,0.38,16.11,320.77
3640,444,P2P,Amber Smith,CPF,43667881,GB45HDYY47597834317319,2024-09-22 14:51:07,Colombia,Perú,5688.35,4149.61,9136.61,3099.83,30.85,1.93,224.48
3641,706,Tarjeta,James Baird,CC,69314855,GB36PIVH50654309438848,2024-07-08 07:21:41,Chile,Argentina,3709.75,644.87,647.94,1465.3,39.21,2.37,476.98
3642,571,P2P,Jennifer Mullins,CC,89986925,GB40WWUQ29028850427356,2024-02-11 15:12:10,Colombia,Chile,8178.1,283.48,9169.51,3298.62,3.54,5.02,189.8
3643,16,Remesa,George Vaughn,DNI,41161432,GB19GXRF97361411320401,2024-08-17 16:00:50,Chile,Chile,7983.54,1513.89,948.08,4045.59,24.62,21.87,481.43
3644,489,Remesa,Julie Humphrey,DNI,83662908,GB85LYNC39263564679294,2024-11-04 19:45:16,Colombia,Argentina,4157.05,3331.39,7032.36,4059.78,38.46,19.76,134.83
3645,202,Exchange,David Griffith,CC,83520287,GB75UFSZ35658027154702,2024-02-13 17:47:12,Argentina,Perú,3555.81,1584.61,5158.45,4870.95,14.35,24.52,331.73
3646,828,Exchange,Ashley Houston,CC,74445182,GB98MGNE15460074333971,2024-04-15 02:06:18,Perú,Argentina,2224.33,2071.34,5879.13,4875.84,37.33,14.72,236.12
3647,379,P2P,Christine Smith,CC,18592396,GB46EUVO39167246355767,2024-06-27 05:17:58,Colombia,Perú,5002.93,4244.21,7695.2,1290.65,27.75,17.27,232.36
3648,940,P2P,Cynthia Parker,RUT,40130394,GB89OUVL24326397966877,2024-11-24 02:05:49,Chile,México,475.23,1850.17,3692.15,2951.15,12.84,13.18,469.34
3649,785,Remesa,Daniel Bolton,RUT,73922478,GB82VRZR10953225412936,2024-05-31 01:01:26,México,Perú,7568.07,1346.81,3268.22,2153.28,21.25,15.42,199.6
3650,905,Exchange,David Collins,DNI,68560504,GB98GJTC60839874911053,2024-09-14 21:58:09,Colombia,México,1830.26,1066.67,3413.77,859.64,24.68,22.2,389.5
3651,489,Tarjeta,Todd Alexander,CPF,92796876,GB85IKBD06617500998227,2024-07-20 02:42:18,Colombia,Argentina,9357.39,4656.79,7070.14,2964.16,17.33,7.22,436.66
3652,408,Tarjeta,Cheryl Robinson MD,RUT,27933500,GB13MFBI01751706529666,2024-12-17 12:08:50,México,Argentina,4065.5,204.27,5723.42,4191.41,46.65,22.11,85.5
3653,866,P2P,Amy Eaton,CC,43058356,GB23TUPQ75316640507986,2024-05-28 07:48:33,Perú,México,611.47,1188.58,7640.62,4656.9,35.91,10.43,119.86
3654,884,Remesa,Joseph Bailey,CPF,33352925,GB24WXPI35231447292773,2024-04-15 04:29:16,Argentina,Argentina,9674.14,1596.39,7668.0,1878.58,32.3,22.45,363.53
3655,722,Remesa,Lisa Miller,RUT,80769166,GB03OYEV34252187955521,2024-02-29 00:01:56,Argentina,México,2391.84,4052.49,6165.78,4191.42,32.01,1.89,24.25
3656,512,Remesa,Patrick Rodriguez,CC,44746191,GB38OLGE44110449608856,2024-11-06 00:33:33,Argentina,Argentina,3020.33,97.1,3359.72,3215.43,6.14,8.69,172.67
3657,47,Tarjeta,Brian Reed,RUT,30332324,GB56DWIV89260202821893,2024-10-19 12:20:46,Colombia,México,6155.57,1298.21,1641.22,3427.64,31.07,16.96,362.32
3658,847,P2P,Richard Vargas,CC,11041979,GB84DCTT68737397106282,2024-02-17 13:57:21,Argentina,Chile,2695.44,2785.27,6220.46,4367.63,14.25,23.8,311.19
3659,625,Exchange,Jeffrey Wilson,RUT,11144699,GB96FKVL79542547886545,2024-12-23 03:43:35,Perú,Perú,9087.85,1209.0,7444.02,3751.14,33.55,7.09,106.26
3660,346,Remesa,Amanda Johnson,CC,50819607,GB58FIAW45315682199961,2024-10-14 23:40:01,Perú,Perú,4657.54,1247.16,3899.11,3535.19,27.39,7.01,499.65
3661,379,Tarjeta,Amanda Sherman,RUT,12056574,GB63CQZU61404950981108,2024-12-09 10:52:42,Colombia,Argentina,9527.73,2458.99,1757.62,1944.78,22.98,11.02,493.98
3662,696,Exchange,Thomas Myers,DNI,14889711,GB55WJWX45769237650911,2024-11-30 00:08:11,Perú,Perú,7771.92,3922.17,8744.62,3659.81,12.55,10.76,484.9
3663,905,Exchange,Jeanette Morales,CC,48748245,GB90OSUZ96541182662298,2024-01-30 23:07:20,Argentina,Chile,1588.08,3814.96,4072.14,594.77,2.64,2.11,211.07
3664,83,Tarjeta,Michael Morales,CC,81967895,GB72UMYU06986907464623,2024-03-08 07:21:48,México,Colombia,1982.51,1904.47,9326.51,3372.84,14.9,12.31,57.97
3665,675,Remesa,Cory Hall Jr.,DNI,79166551,GB52WEYB39638625613071,2024-09-21 13:46:14,Colombia,Perú,3807.9,637.95,3638.57,3692.6,35.89,4.01,463.07
3666,252,Exchange,Amanda Mcclure,CPF,29184381,GB98XZFE65060562751556,2024-12-14 05:09:41,Colombia,Perú,4420.28,887.57,8707.23,3736.6,22.43,16.62,275.34
3667,659,P2P,Ariel Mccall,DNI,24198452,GB77KNUF02764664066530,2024-12-27 00:31:57,Colombia,Chile,775.13,1741.89,6673.33,441.9,37.7,21.56,124.22
3668,581,Remesa,John French,CC,94436215,GB64IFLB80615345637279,2025-01-21 08:12:20,Perú,México,1598.62,2825.66,3658.63,334.72,14.96,13.52,116.7
3669,918,P2P,Victor Cole,RUT,56167721,GB54SUUX95198683585301,2024-08-10 19:13:55,Chile,México,9222.44,3942.89,5932.08,161.92,0.45,10.78,483.3
3670,84,Exchange,Michael Wallace,CPF,52977976,GB79XTKX10676361655316,2024-12-07 18:13:35,Argentina,Argentina,7620.07,1964.76,272.82,1783.67,11.88,2.28,121.79
3671,37,P2P,Andrew Hart,CPF,14701709,GB68HAHQ88166856625831,2024-04-03 23:06:31,Perú,Chile,2433.13,62.05,1182.24,2100.64,38.25,22.16,264.58
3672,204,Tarjeta,Cindy Merritt,DNI,11515276,GB43KNUB35938505438307,2024-12-23 20:31:15,Chile,México,4348.94,2439.1,5070.66,2812.49,4.6,14.01,45.81
3673,925,Exchange,Martha Hood,CPF,58201869,GB26UQNA10984820255848,2024-09-07 12:40:16,Argentina,Argentina,7009.29,880.5,6518.65,3874.96,48.11,8.59,80.74
3674,154,P2P,Thomas Hancock,RUT,39424516,GB96USAR19667477766470,2024-09-08 17:37:47,Argentina,México,7060.78,785.55,5778.57,2696.09,25.94,24.0,59.67
3675,639,Exchange,Thomas Bautista,DNI,64339081,GB64KZNK38299627550160,2024-06-03 02:09:45,Argentina,Colombia,3436.17,1375.17,9208.62,2163.17,21.24,7.75,351.05
3676,587,Tarjeta,Lauren Myers,CPF,32073483,GB97SBUY05896236228153,2025-01-18 21:26:17,Perú,Chile,4158.17,4222.52,8787.4,1823.22,13.66,14.63,100.45
3677,458,P2P,Elizabeth Allen,CC,29458800,GB43RPFQ08952677864760,2024-09-13 17:49:27,México,México,6422.31,3710.87,8728.19,1237.16,2.48,7.53,427.52
3678,789,Exchange,Julia Fowler,DNI,75239188,GB12HABA74640765565921,2024-10-10 20:23:20,Perú,México,2117.83,4107.63,5768.91,2696.46,32.0,8.83,499.8
3679,272,Tarjeta,Richard Flores,DNI,73729601,GB03OAAF78299860920585,2024-07-01 00:16:38,Perú,Chile,8591.75,3502.82,2529.62,1830.9,37.26,15.04,479.13
3680,748,P2P,Jill Mendez,DNI,31228045,GB48CKVX37655045393046,2024-08-12 21:18:56,Argentina,México,8694.71,2862.54,9597.38,4597.64,19.27,11.62,28.28
3681,693,Exchange,Casey Lindsey,DNI,95863278,GB46WJNV99683856613035,2024-10-29 23:02:51,Chile,México,5928.49,1075.25,8193.11,4497.35,1.29,10.58,25.61
3682,791,P2P,Mrs. Linda Vincent,DNI,13744741,GB79ZHQP48473901715679,2024-08-31 20:22:13,Perú,Perú,4215.36,4948.14,3405.42,3573.61,18.4,21.3,358.97
3683,991,Remesa,Erika Padilla,CC,71301353,GB58HBZV41626425319181,2024-05-26 03:37:47,Argentina,México,8106.15,612.57,7407.03,742.11,4.31,17.3,307.12
3684,213,Tarjeta,Antonio Gutierrez,RUT,74546749,GB15OFDI64608346853811,2024-05-27 03:06:10,Colombia,Chile,1086.62,3907.35,8517.53,3166.12,48.08,7.93,234.58
3685,899,Exchange,Jordan Mendez,CPF,88167083,GB69GJWQ73041569082161,2024-01-25 15:32:55,Chile,Perú,6876.8,1577.93,4795.28,1876.91,3.68,11.76,326.24
3686,589,Remesa,Deborah Green,CPF,93671252,GB87JGTW50665459815534,2024-09-19 11:05:20,México,Perú,1601.6,2871.95,3447.8,2807.73,32.33,13.99,44.42
3687,499,P2P,Mrs. Christina Robinson,RUT,26611478,GB88BXCC70681397490232,2024-03-31 14:52:32,Perú,Colombia,7472.3,3665.15,3569.01,4536.24,37.21,16.06,350.46
3688,760,Remesa,Laura Moore,RUT,46494338,GB98OXGV38875258589813,2024-05-20 13:17:19,Chile,Colombia,8680.65,1697.96,128.15,2355.21,46.53,15.09,460.28
3689,2,Tarjeta,Jessica Stevenson,CPF,64234625,GB76EEEZ92327487932479,2024-12-23 06:20:32,Colombia,Argentina,547.68,756.99,2024.31,814.28,4.26,19.9,494.02
3690,570,Remesa,Gary Jennings,CPF,63709426,GB81DDSC80853030398240,2024-12-28 11:57:28,Argentina,Perú,2490.43,1361.62,7834.09,140.49,27.29,6.09,373.16
3691,830,Remesa,Donna Davis,CC,73923138,GB94AHXT01524881679526,2024-12-07 23:15:10,Chile,Argentina,6345.7,1402.16,9359.82,3665.16,30.28,7.59,304.83
3692,816,Remesa,Charles Robinson,CC,51056487,GB23VGZG96324333783392,2024-10-13 00:05:46,Argentina,Argentina,6248.61,3635.06,3879.65,2527.06,40.46,5.51,264.58
3693,512,Exchange,Kelly Riley,CC,41804815,GB41HUOX52156531302519,2024-04-18 20:41:02,Perú,Perú,6838.8,1194.39,1985.18,701.79,30.42,18.86,128.26
3694,627,Tarjeta,Nicole Stephens,CC,75910461,GB37TANJ88560982065708,2024-10-09 06:06:19,México,Chile,1767.99,4526.63,885.58,1484.15,7.73,13.71,106.61
3695,703,P2P,James Nguyen,CPF,93076723,GB06WXBP31558929873293,2024-05-09 15:48:54,México,Chile,8716.86,1152.14,5373.99,984.43,41.42,1.55,409.06
3696,538,Remesa,Eric Hanna,DNI,24326003,GB12OXKZ70268049909395,2024-10-22 08:42:03,Argentina,México,2153.28,3123.29,5067.61,202.2,44.36,16.6,280.11
3697,500,Tarjeta,Mark Jimenez,RUT,26633060,GB97HPXB85121282975896,2024-11-05 03:26:40,Perú,Colombia,7421.28,1309.64,1709.48,1839.53,0.59,4.79,395.93
3698,426,P2P,Jason Davis,CC,50798316,GB79JAPY41113043311752,2024-09-18 08:19:14,Perú,Colombia,7885.24,334.58,2623.52,357.86,42.58,3.51,35.04
3699,190,Remesa,Ryan Jones,CPF,60942097,GB69YVUG80393810880482,2024-04-18 08:53:26,México,Colombia,5550.83,2000.36,6956.63,54.94,20.49,10.44,225.47
3700,392,P2P,Tara Mccormick,DNI,54195772,GB17LXLV94972790172145,2024-09-08 20:43:41,México,Argentina,4678.99,4803.9,6283.92,4553.53,29.46,19.32,366.03
3701,957,Exchange,Gregory Smith,RUT,12905690,GB32BUJA04664643377253,2024-06-16 08:53:27,Chile,Perú,7337.53,4001.17,2935.78,4388.03,41.79,10.11,73.0
3702,378,Tarjeta,Jill Mendez,DNI,73504988,GB65JKZL66125271892838,2024-10-10 05:33:18,Colombia,Perú,3653.66,2450.54,7084.9,3473.32,3.62,11.71,222.19
3703,38,Tarjeta,Aaron Smith,CC,66292278,GB16IUOD86504581514502,2024-04-11 23:02:16,Perú,Colombia,6034.05,4170.66,3453.31,1472.87,30.89,1.65,220.08
3704,454,Remesa,Kaitlyn Palmer,CPF,68627301,GB19PBBV05079078832159,2024-03-01 23:28:48,México,Perú,6951.64,3213.31,1309.66,4841.37,26.55,3.44,209.16
3705,546,P2P,Paula Cole,CC,31615243,GB76COPO15952605084125,2024-05-13 07:21:57,Colombia,Perú,4211.98,4550.28,9858.44,2275.8,30.09,8.63,199.13
3706,905,Exchange,James Wilson,CPF,29662331,GB12DXTR79648714993490,2024-06-02 17:33:21,Chile,Perú,8210.01,176.33,8838.31,4654.63,10.06,15.76,274.57
3707,731,Tarjeta,Jillian Clark,CPF,28609414,GB71VCLR61881978426526,2024-08-29 05:26:58,Colombia,Argentina,9388.96,2461.46,351.17,4656.12,3.08,21.59,406.24
3708,335,Exchange,Alan Perez,CPF,82104262,GB46NPEN79173411165994,2024-09-29 18:23:26,Perú,Colombia,926.39,2577.57,4314.52,3945.86,12.82,2.24,297.1
3709,895,Exchange,Ashley Sutton,CC,82992094,GB38TZSC60345742564783,2024-03-07 09:23:28,Chile,Argentina,9348.07,4207.36,7483.39,2488.54,29.87,13.96,292.29
3710,939,Exchange,Christy Brown,CPF,69505426,GB83OFOA25759905086861,2024-03-07 17:08:34,Colombia,México,9493.88,1387.98,7591.96,1642.79,5.37,6.6,136.26
3711,134,P2P,Sydney Anderson,DNI,65115314,GB80NGHZ25639293185473,2024-12-09 05:39:31,México,Perú,4128.86,3791.23,7778.03,2970.39,30.4,8.38,234.21
3712,33,Tarjeta,Jesse Salazar,DNI,20652792,GB94CSIC37350669955367,2024-08-02 23:19:35,México,Chile,9920.04,4281.53,5158.92,3148.53,27.98,2.42,442.57
3713,319,Tarjeta,Alyssa Fitzpatrick,RUT,21414604,GB70FKTG59310333558882,2024-04-16 04:54:26,Chile,Colombia,1965.46,2779.68,5070.14,2259.09,6.66,21.4,313.12
3714,609,Exchange,Ellen Sanders,CC,81071579,GB79ZUFL37744964465073,2024-10-22 22:41:43,Colombia,Perú,6441.75,1369.63,6427.68,687.32,7.99,2.02,85.36
3715,435,P2P,Jeffrey Stanton,RUT,47404064,GB65ISUN35629924797591,2024-11-09 11:15:37,Chile,Chile,2871.43,296.73,7511.23,3992.43,15.85,11.82,77.08
3716,556,Tarjeta,Angela Ward,CC,80268883,GB67IMRJ93200755291033,2024-09-21 09:34:15,Perú,Argentina,1491.83,2535.96,7115.83,2665.88,4.81,20.48,31.35
3717,723,Tarjeta,Douglas Arias,RUT,82686849,GB38BTVE22449276999526,2024-03-05 07:23:26,Colombia,México,2466.79,1152.85,5935.58,508.36,14.16,9.5,90.93
3718,589,Remesa,Candice Hansen,CPF,92688571,GB85SEYW65723432619079,2024-10-08 15:53:01,Argentina,Argentina,1262.18,1689.4,8895.96,1766.57,0.75,1.26,289.1
3719,285,Tarjeta,Pamela Fisher,CC,34271000,GB46OJMW08064040941101,2024-12-03 02:39:54,Chile,México,3955.36,2947.04,8013.27,175.32,41.99,15.99,491.09
3720,996,Tarjeta,Travis Lyons,CPF,11620653,GB84XQJG71850771788710,2024-05-02 07:00:44,Colombia,Colombia,3815.53,4368.23,3767.54,336.06,20.25,3.1,407.84
3721,489,P2P,Pamela Wade,RUT,89946194,GB21WDAJ00307936037007,2024-04-10 19:50:11,México,México,4615.02,3719.64,3439.74,4234.42,9.84,12.48,160.47
3722,595,Tarjeta,Lisa Hunt,CC,31590955,GB73BCXP05076841254474,2025-01-14 02:18:56,Colombia,Argentina,7217.83,85.3,514.65,2901.3,30.23,12.85,467.73
3723,428,Tarjeta,Seth Smith,RUT,14479726,GB67GXJG71080814491352,2024-04-12 13:14:04,Argentina,Argentina,5533.9,4559.26,9038.73,671.44,24.44,0.79,142.76
3724,519,Tarjeta,Megan Wright,CPF,25396470,GB37RBDX86690508056855,2024-05-01 09:33:44,Argentina,México,1864.92,957.86,6413.55,4474.02,32.24,15.61,403.47
3725,77,Tarjeta,Joshua Burns,CC,92212128,GB93QDZY06319199971585,2024-11-23 16:58:48,Chile,Argentina,1088.61,3360.74,4374.14,3792.46,4.02,12.82,68.07
3726,408,P2P,Ethan Rose,RUT,63675938,GB56NKVW34452062167303,2024-12-02 12:12:29,Argentina,Perú,9012.92,1368.95,8961.38,406.98,3.54,9.4,100.82
3727,713,P2P,Mr. Adam Chavez,DNI,53640900,GB21LWZB81932310630905,2024-02-22 12:19:33,Perú,Chile,7157.16,2625.29,5926.49,4314.06,14.83,20.5,354.62
3728,814,Remesa,David Wiggins,CC,34174864,GB36AZFX05028510456487,2024-05-01 04:28:31,Perú,Colombia,6242.99,2403.85,9343.97,2291.97,38.19,14.29,244.28
3729,917,Remesa,Kimberly Hoover,RUT,65155367,GB98QBIO31685715189807,2024-09-06 15:17:06,México,Perú,1383.84,721.16,312.18,1605.88,31.06,24.75,200.41
3730,468,Exchange,Jeremy Mccoy,DNI,17620243,GB72SUNX00140681267528,2024-10-27 15:04:53,México,México,2271.61,3175.94,9791.13,3511.61,6.63,10.11,297.62
3731,652,Remesa,Stephen Simmons,DNI,14155105,GB56EKVL69886765767339,2024-12-19 06:26:46,México,Argentina,3217.54,2365.11,6563.7,574.5,3.05,20.67,90.31
3732,549,P2P,Terry Marquez,CC,50671144,GB58YKEL81886368012947,2024-04-23 19:08:30,Chile,Perú,2446.77,3471.88,7118.84,3314.89,33.5,9.79,411.15
3733,101,Exchange,Timothy Nguyen,CPF,59351155,GB83HIZZ95906020668818,2024-11-01 10:51:49,Chile,Perú,6358.18,4061.09,6065.56,3486.72,25.06,23.31,315.65
3734,326,Exchange,Manuel Salas,DNI,61977188,GB62INZA37421457562940,2024-09-05 05:52:15,Colombia,Argentina,4513.44,4904.14,6177.48,2039.36,25.13,18.13,56.43
3735,845,Exchange,Robert Jimenez,DNI,87612550,GB91VQSV20524353064524,2024-12-12 01:59:39,Chile,Argentina,8947.76,4863.59,7628.74,2346.68,23.46,12.42,300.33
3736,1,P2P,Jane Perez,CPF,92071884,GB16WQMZ78682155037136,2024-07-16 03:29:24,Argentina,Argentina,8735.83,589.82,995.27,3930.59,29.49,2.89,498.81
3737,609,Exchange,Frank Charles,RUT,60711107,GB56FSNH83487436759232,2024-06-25 23:31:58,Chile,Perú,5194.72,1987.03,4735.55,4141.11,44.67,0.57,35.43
3738,585,Exchange,Jon Castaneda,RUT,21224279,GB18GDCS55221432636805,2024-11-12 12:36:12,Colombia,Argentina,6402.04,3889.68,6126.5,4019.34,39.96,3.4,138.84
3739,866,Tarjeta,Vanessa Bass,RUT,21170613,GB91KFXO20656133158708,2024-12-09 15:56:12,México,Perú,7624.41,4101.32,626.78,1342.7,16.37,23.94,325.78
3740,585,Exchange,Jay Black,CPF,50128103,GB15DOPZ89525686503993,2024-03-17 11:07:15,Argentina,Perú,9814.06,1880.84,7367.91,1957.19,32.05,15.59,187.34
3741,557,Exchange,Lisa Smith,RUT,28883693,GB46XZGG85205939276726,2024-02-12 04:42:50,Perú,Colombia,8092.87,734.14,9052.71,2088.85,32.78,12.66,10.7
3742,21,Exchange,Maria Curtis,CPF,63423860,GB59YDWO27531617571284,2024-02-16 10:58:35,Colombia,Perú,9262.0,2617.76,7017.16,1700.67,25.86,17.64,378.11
3743,402,Remesa,Aaron Chase,CPF,99645035,GB04XVLS93562344750869,2024-10-16 14:01:59,México,Argentina,1763.18,1967.92,8653.63,3668.75,27.3,15.43,165.63
3744,718,Tarjeta,Terry Hunter,DNI,56037813,GB22QTWB03428211349910,2024-05-28 12:05:51,Colombia,Colombia,4148.63,3552.17,7865.21,4490.86,42.4,24.52,442.35
3745,918,Remesa,Kristin Becker,CPF,85132625,GB26GXIS65587066307467,2024-04-10 19:46:36,Perú,México,7637.0,3948.66,5098.81,3427.21,1.56,9.27,352.76
3746,295,Remesa,Paul Brown,CPF,56012150,GB18EGGR33643408063811,2024-07-14 21:46:29,Colombia,México,8213.83,1334.76,2566.44,1062.99,35.78,11.86,328.82
3747,363,P2P,Joseph Hernandez,RUT,32367637,GB60ILMV01271935610385,2024-01-31 03:32:49,Colombia,Chile,6166.44,2794.08,7107.02,461.08,49.01,19.76,57.32
3748,915,P2P,David Warner,RUT,47430712,GB81XIKE39647505865247,2024-02-05 19:39:04,México,Chile,1069.99,2052.87,3524.39,761.55,27.44,23.35,430.51
3749,870,Exchange,Andre Morgan,RUT,11752669,GB89UTLX71514258363615,2024-06-28 20:49:31,Perú,México,3496.64,3354.73,4108.17,4126.34,22.61,22.44,145.87
3750,728,Tarjeta,William Olson,DNI,30401836,GB80XKSV14890482826744,2024-02-14 15:43:32,Argentina,Argentina,5713.02,4589.52,7461.9,4238.47,18.6,6.12,213.37
3751,381,Exchange,Danny Mosley,DNI,82043092,GB70WXPX62281917849844,2024-07-11 20:16:51,Perú,Chile,475.32,2512.36,7868.48,1014.06,45.57,20.68,181.69
3752,996,Remesa,Lisa Smith,RUT,31864466,GB73ZEGY13067451339508,2024-08-14 11:50:01,Perú,Argentina,1357.51,2714.77,8860.49,3627.03,13.95,0.35,317.74
3753,431,Exchange,Mr. Kenneth Anderson,RUT,52562975,GB49LNDJ87939789022606,2024-12-21 21:53:24,Colombia,Chile,6639.01,3674.04,9448.13,2569.99,14.11,15.43,136.44
3754,383,Exchange,Philip James,DNI,31590696,GB53BFKU14996498644307,2024-11-14 00:06:19,México,Perú,9288.32,2947.52,3750.16,1070.27,43.86,21.46,321.25
3755,555,Tarjeta,Christine Lynn,CPF,74104049,GB04MQWC36852715455508,2024-06-22 22:59:14,Argentina,Colombia,8881.67,1062.35,9490.33,587.3,24.27,11.06,33.45
3756,664,Remesa,Alan Gregory,DNI,63097160,GB14YGHL39209994901818,2024-03-30 08:18:59,Perú,México,9843.1,4454.89,5595.24,581.39,47.08,4.16,387.3
3757,80,Tarjeta,Cody Whitaker,DNI,79227253,GB31EVUP19519134932050,2024-02-03 11:56:35,Chile,Colombia,4932.35,3568.5,6163.3,3703.56,48.93,8.29,65.43
3758,460,Exchange,Kimberly Kennedy,RUT,47188210,GB49LYMX52421455632162,2024-10-19 03:40:22,Colombia,Colombia,2153.58,3918.02,5515.7,628.22,44.3,23.81,374.43
3759,372,Remesa,Andrew Robinson,CC,59991941,GB09UNWJ45028594053913,2024-06-11 07:57:42,Colombia,Perú,7194.78,2184.3,296.29,1637.9,36.71,0.52,404.1
3760,178,Tarjeta,William Ellis,CPF,37176364,GB85DJCM16815592356374,2024-04-21 17:38:56,Argentina,Colombia,4299.83,889.45,1319.46,4902.86,16.72,20.55,346.51
3761,535,Tarjeta,Patricia Wells,CC,57448948,GB59FSHS80111115067618,2024-09-24 05:56:46,Argentina,Chile,1114.65,1014.63,805.25,709.39,9.52,7.19,230.37
3762,163,Remesa,Brian Brown,CC,18621320,GB02RUKR01173597610931,2024-03-06 05:31:37,Chile,Argentina,4944.58,2893.28,5003.25,692.13,32.27,22.34,249.87
3763,336,Tarjeta,Christopher Smith,CPF,34439456,GB65HKUJ62632423965960,2024-09-20 06:21:46,México,Chile,4247.76,1264.38,3908.57,2655.58,29.48,22.51,28.81
3764,160,P2P,Rebecca Dunn,CC,34062141,GB82KELR37661860490520,2024-07-18 00:31:52,México,México,4792.53,3284.73,8555.41,4057.29,4.92,17.58,205.49
3765,838,Tarjeta,Tammy Taylor,CC,90980890,GB35DAEP39457876508489,2024-09-20 14:26:02,México,Perú,4536.72,3958.19,1142.81,1688.69,31.67,24.91,107.47
3766,215,P2P,Darlene Singh,DNI,40612381,GB44WBWD22659900453339,2024-08-01 14:23:17,Colombia,Colombia,5827.81,508.03,702.68,1329.61,49.96,3.79,282.63
3767,125,Tarjeta,Alyssa Walls,RUT,87275046,GB67YFQK70412846290227,2024-11-25 22:14:23,Chile,México,8801.06,1732.77,238.32,3816.89,18.28,12.03,475.45
3768,201,Exchange,Jorge Smith,CC,86938246,GB30DHEZ21125296584162,2024-09-13 10:14:27,Colombia,Colombia,4858.81,2859.92,2843.79,2119.7,35.33,15.19,104.78
3769,408,Remesa,Daniel Allen,CC,20735826,GB80UTUE12527101451192,2024-11-12 03:28:15,Colombia,México,2184.13,2469.1,7984.24,345.05,45.15,8.0,489.48
3770,859,Tarjeta,Zachary Roy,RUT,54053233,GB64CCCG67398317869482,2024-11-18 17:49:38,Perú,Colombia,3759.41,1763.95,9053.04,2058.78,9.84,7.49,158.37
3771,413,Tarjeta,David Sullivan,DNI,46640924,GB45BQJR49998048571090,2025-01-12 14:01:33,Perú,Perú,5204.86,2011.81,5934.21,2693.88,26.52,24.33,417.49
3772,164,Remesa,Shannon Key,CPF,88255265,GB67BYWO76832510544859,2024-09-23 13:36:24,Argentina,Chile,3726.06,4029.93,7437.0,2960.9,34.38,18.73,41.25
3773,100,Exchange,Louis Bruce,CC,19009560,GB74PVAL85039190989799,2025-01-06 23:38:49,Perú,Colombia,9147.88,2932.9,3416.18,1607.23,9.17,8.25,210.53
3774,952,Remesa,John Beard,CC,80187179,GB94VPJP12517317510238,2024-06-08 16:54:04,Perú,Chile,492.02,997.97,3769.04,3869.72,46.64,9.43,323.49
3775,682,Tarjeta,Sandy Finley,CPF,97051645,GB59FNSV27072286233712,2024-06-23 16:19:06,Argentina,México,2432.99,2554.06,8398.91,2290.37,38.62,4.07,121.68
3776,117,P2P,Lisa Rowe,CC,86134579,GB84TUFB98348542617254,2024-12-12 07:17:31,México,Perú,1521.64,3656.85,7280.01,3535.66,10.81,2.69,138.09
3777,757,Remesa,Vincent Nguyen,RUT,31455350,GB22GAMK33772864673563,2024-04-27 12:44:00,Perú,Argentina,1511.87,1631.02,6384.87,3130.63,48.49,8.22,334.68
3778,395,Exchange,Allison Schneider,CC,68625193,GB53XBUF94444351739569,2024-04-09 11:29:27,Colombia,Argentina,8679.14,2702.34,4521.57,4146.39,19.0,6.15,224.54
3779,413,P2P,Jesus Brown,RUT,17705339,GB45AZRA02815807421397,2024-06-05 19:07:52,Argentina,Argentina,1740.12,2224.17,8676.35,3905.45,27.6,16.79,379.86
3780,47,Tarjeta,Kathleen Green,DNI,50957071,GB92NFSW19855471316436,2024-09-06 00:21:48,México,Colombia,8966.69,3882.79,5725.86,3316.58,33.4,12.5,226.06
3781,583,Exchange,Sean Jenkins,DNI,60028514,GB55TJMI28940926891460,2024-11-16 10:01:57,Argentina,Argentina,915.61,2873.81,5758.29,1686.24,49.85,19.17,388.13
3782,38,Remesa,Brandon Hall,DNI,35754182,GB24DYQJ23942236613348,2024-04-03 03:39:51,Perú,Colombia,4656.7,1334.45,4977.94,3765.47,35.81,1.81,434.96
3783,731,Remesa,Roger Austin,CPF,34294182,GB03UXGT65845623604092,2024-10-14 00:36:00,Chile,Chile,5495.0,3990.74,8293.99,3612.53,18.16,6.58,423.55
3784,798,P2P,Mercedes Morrison,CC,49249723,GB70FFYX93326561457372,2024-11-17 10:16:31,Perú,Perú,9754.69,1896.23,4521.85,3566.13,30.15,1.55,283.38
3785,972,Exchange,Gilbert Gentry,DNI,69209110,GB56ZLBA36719612966209,2025-01-19 08:30:57,Argentina,Argentina,7743.24,1215.35,6576.27,1465.85,25.53,23.25,418.77
3786,95,Remesa,Cameron Shannon,DNI,22074726,GB95ZSZZ34193335715546,2024-02-01 07:45:43,México,Argentina,6286.86,3153.64,1806.99,2757.74,3.68,18.05,125.68
3787,992,Exchange,Jeffery Clark,CC,46417535,GB21IEKJ07143912757502,2024-12-22 22:14:30,Colombia,Perú,6729.06,3447.76,3099.93,4691.45,18.61,23.24,180.62
3788,787,Tarjeta,Mackenzie Tate,RUT,28532777,GB58YEMA12426266331941,2024-06-10 12:35:35,Perú,México,2104.77,3919.44,6266.01,4523.76,45.55,24.02,407.55
3789,581,Tarjeta,Frank Garner,RUT,88664750,GB51JXFN12809530432801,2024-02-15 20:39:03,Chile,Chile,7465.45,2844.36,8315.14,1807.49,33.37,1.19,194.3
3790,999,P2P,Lori Pace,CPF,34559114,GB74DKKO04671999285592,2024-09-05 00:15:57,Argentina,México,1511.09,1985.27,7648.32,3085.69,4.61,15.74,318.62
3791,253,Remesa,Lori Liu,DNI,97495872,GB46DZIT29588969211827,2024-05-08 22:54:20,Argentina,México,5080.31,995.77,894.08,3196.06,26.26,0.85,498.79
3792,899,Tarjeta,Rebecca Hernandez,DNI,94370435,GB06VCRR35713809454225,2024-10-25 08:09:11,Colombia,México,4375.73,4071.58,5119.38,2489.5,5.63,6.82,67.67
3793,579,Exchange,Daniel Smith MD,CC,81113020,GB31IKUB71896513747681,2024-12-03 06:25:15,Perú,Argentina,4104.8,2821.24,5085.96,2522.03,42.87,12.85,110.43
3794,490,Tarjeta,Kaitlyn Reyes,CPF,24839563,GB70SASX91265101390936,2024-09-27 17:35:26,Colombia,Argentina,7146.16,3657.39,2977.28,1151.35,35.59,12.88,329.97
3795,235,Tarjeta,Ronald Walker,RUT,35327240,GB25NCHI43223090350102,2024-03-27 23:01:10,Argentina,México,8801.29,4074.88,828.57,1527.67,10.18,2.72,248.14
3796,193,P2P,Timothy Powell,RUT,25666747,GB57NNTT12133714103346,2024-06-04 14:56:32,Chile,México,4185.33,1570.71,1182.39,832.49,10.11,6.68,218.42
3797,67,Tarjeta,Christopher Dixon,RUT,93343244,GB82VIIH18095853349634,2025-01-10 07:53:51,México,Chile,9699.16,3662.09,5276.75,1855.47,8.71,16.97,420.15
3798,894,Tarjeta,Allison Torres,CC,41336353,GB63UKRF42476869526020,2024-08-10 10:41:57,México,Argentina,6211.66,3544.35,4667.51,4270.24,5.68,3.85,351.61
3799,810,P2P,Elizabeth Gibson,DNI,27220036,GB16MTNV37978301693832,2024-11-20 18:14:17,Argentina,Argentina,2589.85,4160.32,9846.45,4115.84,45.43,24.86,474.12
3800,40,P2P,Anna Henderson,CPF,81949051,GB43YSLP26596387154421,2024-08-17 01:23:54,Argentina,Colombia,8456.5,3148.36,6802.04,1626.17,25.44,10.88,10.54
3801,87,Remesa,Lauren Carlson,RUT,57818178,GB02NZDV26501714527248,2025-01-06 19:06:53,México,Argentina,6221.79,1839.31,1449.81,4867.32,26.14,15.99,255.95
3802,863,Exchange,Brian Giles,CPF,96189494,GB05OKLG38530574265557,2024-08-09 09:54:11,Colombia,Chile,420.65,4783.64,3391.72,3288.04,26.94,11.87,129.92
3803,455,Remesa,Carol Kennedy,DNI,73483191,GB86TFMO14607501921809,2024-02-12 15:22:40,Chile,Chile,7773.08,1092.02,4989.85,2801.96,37.14,8.94,443.8
3804,202,Exchange,Gary Black,RUT,21758100,GB05EVFG97095899924756,2024-11-26 03:59:44,Argentina,Argentina,3182.68,168.96,101.76,1960.88,4.92,24.68,287.77
3805,835,Remesa,Arthur Wilson,CC,36496301,GB44XLGC07697204892748,2024-11-26 00:38:34,Perú,Argentina,2372.17,3922.87,3855.51,208.86,45.64,24.9,36.11
3806,510,P2P,Lonnie White,CC,54826166,GB30IYHA08115013259247,2024-03-30 01:49:36,Chile,Argentina,6537.98,780.48,8341.67,3238.14,29.65,0.7,388.68
3807,592,Exchange,Michael Small,RUT,38224034,GB65AZWG02201063691457,2024-07-08 11:16:54,Argentina,Perú,3547.92,271.59,8271.99,3502.95,29.32,21.03,242.27
3808,715,P2P,Kim Roy,DNI,75980811,GB83XRQZ69335872270133,2024-02-03 22:33:42,Argentina,Chile,852.68,3883.88,9220.99,4252.11,8.74,12.63,39.87
3809,287,P2P,William Simmons,CPF,74913233,GB32LXDI45795962113931,2024-09-27 23:31:37,Argentina,Chile,1643.81,2133.02,9149.62,4609.94,21.39,18.99,220.45
3810,461,Remesa,John Kidd,DNI,94952703,GB25UDVV02757205349977,2024-01-27 12:56:23,Colombia,Perú,5745.02,3648.16,9242.21,1889.34,23.84,20.73,488.41
3811,605,Exchange,Jane Miller,DNI,86388633,GB94PBOX47751648314162,2024-05-09 02:53:05,México,Perú,5893.43,3708.68,4137.22,2281.29,12.39,24.18,118.48
3812,774,Exchange,Austin Peterson,DNI,80996395,GB76DWRO06895560152003,2024-09-05 02:21:28,Argentina,Argentina,7917.17,1639.71,9864.83,4742.15,29.54,14.09,241.83
3813,549,Tarjeta,Shelia Rodriguez,CPF,56558193,GB67FZPQ87497412498734,2024-06-22 04:58:51,Perú,Argentina,6823.94,228.59,7366.65,1742.98,36.02,8.26,440.4
3814,163,Remesa,Blake Ellis,RUT,98751825,GB13ZBCR33633741711876,2024-03-19 17:17:40,México,Perú,8061.1,402.85,3546.44,1785.67,26.94,22.68,207.42
3815,131,P2P,David Frey,RUT,92581572,GB10YSDF79299706264098,2024-11-10 23:47:58,Argentina,México,7825.5,1400.02,8728.67,3626.91,0.25,21.58,359.27
3816,615,Exchange,Joseph Moore,CC,86668263,GB96VVGB68899472221545,2024-10-02 13:21:35,Chile,Argentina,8321.46,1076.4,2756.61,2473.13,9.01,8.42,433.38
3817,828,Tarjeta,Zachary Abbott,DNI,21704122,GB76AEKC23100188997285,2024-08-11 15:12:01,Colombia,Perú,6139.73,2335.87,2378.34,2758.04,0.86,2.84,404.44
3818,429,Tarjeta,Michele Nguyen,RUT,13935349,GB53IDBL27875408671952,2024-07-16 00:34:06,Perú,Argentina,5016.78,1134.23,1304.56,4220.69,32.56,7.21,471.5
3819,443,Remesa,Craig Wilson,CPF,47362448,GB74QOUC99417654605770,2024-02-22 19:39:39,Chile,Argentina,5861.65,4137.89,1462.67,4880.31,16.93,18.6,176.61
3820,297,Exchange,Abigail Mata,RUT,52664869,GB19BSLS97717336986129,2024-09-21 01:49:42,Chile,Perú,2091.82,2111.33,4476.23,2477.52,9.02,14.98,330.45
3821,234,Remesa,Stephanie Roberts,RUT,46149294,GB02ULZK05951619347125,2024-12-30 02:13:38,Argentina,Chile,1693.36,2862.93,1445.36,1937.5,24.13,3.36,388.23
3822,870,Remesa,Valerie Wilson,CC,41201722,GB43IHXD22225633839013,2024-09-24 10:39:09,Argentina,Colombia,1090.63,2594.21,5805.53,3996.44,5.16,24.26,172.79
3823,773,Tarjeta,Erica Lopez,DNI,66222698,GB30YSMY40702295324859,2024-12-15 17:00:18,Argentina,México,2268.47,4500.16,5220.32,3821.59,31.32,23.39,374.18
3824,73,Tarjeta,Michele Sullivan,CPF,26382423,GB08UEYH30505265672615,2024-03-13 11:11:05,Colombia,Argentina,6735.74,774.8,6018.82,1577.21,14.9,12.94,354.63
3825,44,P2P,Gavin Ward,CC,85772311,GB72QXBW09994721237444,2024-10-28 05:18:08,Argentina,Perú,685.37,3487.01,9438.78,2190.44,16.6,12.15,244.63
3826,402,P2P,Sharon May,CPF,88632868,GB42FXKG06659852360667,2024-03-03 00:46:44,Argentina,Argentina,5693.17,1069.15,2667.72,1668.49,21.13,24.83,480.5
3827,567,Remesa,Ruth Simon,CC,21949168,GB58XPVW16520490652480,2024-06-02 06:28:12,Colombia,Chile,6097.83,3677.68,1165.01,918.18,6.51,4.49,362.33
3828,427,Remesa,Michael Barrera,DNI,80750473,GB78JJWN24799339998743,2024-07-05 03:30:55,México,Chile,5970.29,391.58,8744.3,1016.48,40.33,13.4,424.03
3829,190,Exchange,Christopher Franklin,DNI,91904847,GB17ZIHA85771391311768,2025-01-04 21:09:43,Argentina,Perú,138.65,2102.51,1002.01,2619.1,13.38,16.58,244.06
3830,317,Exchange,Alexander Torres,CPF,70899955,GB40SMAG25132215178240,2024-12-30 12:40:32,Colombia,Argentina,9069.77,1862.0,3850.82,3077.26,26.98,15.98,62.55
3831,399,Exchange,Brittany Strong,DNI,45757389,GB47SDOR15436614530014,2024-12-06 06:19:04,México,Colombia,4432.73,4301.95,3330.04,3934.96,10.31,18.75,295.06
3832,625,Remesa,Breanna Murphy,DNI,24971655,GB54BNST67252397204071,2024-02-10 13:37:35,Argentina,Colombia,9939.87,1447.39,7568.35,3251.17,25.7,10.76,237.18
3833,834,Exchange,Joan Dodson,CPF,55568535,GB86NVKA98362779627604,2025-01-16 10:00:37,Colombia,México,1705.32,4067.81,1567.9,3006.31,48.46,14.42,120.98
3834,192,Remesa,Todd Owens,CC,28066154,GB60HAHO63328550686054,2024-09-06 07:19:11,Perú,Chile,4104.41,2753.2,2465.59,1664.8,30.76,10.1,391.09
3835,79,P2P,Craig Davis,CC,76097726,GB78IQBB38635520082306,2024-11-11 06:22:14,Chile,Argentina,9921.26,704.22,2641.55,3325.0,22.41,8.08,456.9
3836,605,Tarjeta,Daniel Thompson,RUT,98745223,GB11HCSX55664829435600,2024-05-11 14:44:57,Chile,Argentina,184.25,2763.83,9943.22,384.56,39.89,21.33,481.49
3837,766,P2P,Ronald Harris,DNI,93578394,GB28ERUR54247430457724,2024-11-19 11:20:56,Argentina,Colombia,9857.65,4696.1,2690.15,2502.62,40.86,15.51,458.28
3838,306,Remesa,Mike Fernandez,RUT,46694642,GB86QZMN34502198219751,2024-04-23 18:44:19,Argentina,México,7012.12,1100.3,1211.34,1718.03,20.32,5.53,468.39
3839,887,Tarjeta,Alexis Lee,CC,92890428,GB72PWSR03224130069346,2024-12-05 12:51:14,Perú,México,3400.0,3115.12,9807.79,243.94,20.8,24.02,432.83
3840,715,P2P,Rodney Rice,RUT,18543356,GB49KLDX87943035164363,2024-11-07 13:03:08,Chile,México,5552.69,2384.57,4901.21,2271.83,3.82,20.59,260.4
3841,800,Tarjeta,Karen Taylor,CPF,42047559,GB91ZKCR34625094594666,2024-11-07 07:18:40,Chile,Argentina,3034.47,3123.16,4124.65,654.8,35.53,20.28,104.72
3842,554,Exchange,Christopher Mcgrath,CPF,57072255,GB90KFHY67121578087838,2024-05-15 22:31:44,Perú,Colombia,1631.71,3856.8,9648.69,4752.38,34.07,23.8,62.36
3843,41,Tarjeta,Dustin Vasquez,CPF,89388510,GB88WWKP03274031915962,2024-02-17 04:09:14,Chile,Colombia,8760.5,3152.72,8586.75,3147.1,48.92,14.32,96.94
3844,892,Remesa,Brian Lambert,DNI,29717035,GB87XFUJ91586229655816,2025-01-19 04:13:08,Colombia,Colombia,2341.44,4742.57,1508.55,4053.48,28.48,14.09,328.19
3845,473,Exchange,Carla Clay,RUT,39142817,GB81IKCM37552977346020,2024-05-12 06:04:05,Argentina,Colombia,9770.68,994.88,5347.59,1554.94,16.1,13.85,159.22
3846,535,Tarjeta,Mark Barry,RUT,46316832,GB70LTXP04886594262795,2024-10-18 11:25:53,Perú,Colombia,725.6,1154.24,5119.6,760.1,7.68,10.5,217.31
3847,842,Tarjeta,Patrick Wilson,RUT,16449786,GB81RVJP75340697221344,2024-04-11 16:17:36,Perú,Argentina,492.03,4698.66,4942.43,288.62,38.89,12.53,384.39
3848,101,Remesa,David Jones,RUT,47908055,GB97UUAM67630560095020,2024-09-24 17:26:23,México,Perú,2318.91,4076.11,3109.52,2865.25,23.01,2.68,97.29
3849,121,P2P,Richard King,CPF,16284807,GB15IFKC74462331211139,2024-03-30 00:59:18,Colombia,México,6964.24,1316.23,3989.56,4508.99,10.4,13.91,447.72
3850,995,P2P,Nancy Baker,CC,50366951,GB28ZXJV64262766088212,2024-07-13 21:50:11,Colombia,Chile,3249.1,2533.04,819.58,2901.25,4.39,1.52,249.0
3851,339,Exchange,Megan Barron,RUT,12216031,GB75EKBA02378397314572,2024-11-28 04:47:38,Perú,Chile,9349.3,3769.34,2973.64,3634.17,46.34,16.63,480.19
3852,958,Exchange,Terry Brown,DNI,19995035,GB45SVBJ58297245183705,2024-09-04 23:28:32,Perú,México,2967.21,1991.25,2487.94,3732.54,27.05,24.89,187.11
3853,378,Exchange,Roberta Reyes,CPF,10244424,GB08KIAM39285347228172,2024-10-13 04:36:19,Argentina,Chile,840.22,1901.97,7502.57,4309.38,5.44,2.04,32.28
3854,849,Remesa,Amy Smith,CC,91650213,GB43HTCT96405392126574,2024-06-05 13:22:36,Perú,Colombia,4940.99,106.51,1163.79,4394.68,8.39,19.56,391.34
3855,194,Remesa,Gary Brooks,CPF,90139790,GB17WGDK09728934268534,2024-07-19 02:43:53,México,Chile,5816.58,2417.58,1069.07,2647.01,20.37,24.02,17.92
3856,895,Tarjeta,Ashley Dorsey,DNI,67142446,GB82ALJE08509740075759,2024-02-17 12:39:11,Colombia,Perú,5645.81,4984.36,3928.1,981.69,11.85,9.38,31.23
3857,971,Remesa,John Hernandez,CC,70993976,GB02VHTJ10561391397360,2024-10-16 22:59:40,México,Colombia,1785.68,4567.91,7659.53,274.05,13.49,8.66,128.96
3858,505,Exchange,Albert Jenkins,RUT,22909079,GB07BDBZ13355754627170,2024-11-22 10:57:06,Chile,México,893.98,1984.6,401.67,4691.67,33.81,21.85,274.1
3859,146,Remesa,Chloe Gilmore,CPF,47378252,GB94NDTQ55421973064715,2024-12-27 05:05:16,Colombia,Colombia,5424.55,4033.26,884.03,766.49,43.95,14.88,131.96
3860,882,Tarjeta,Dana Fox,RUT,62403934,GB55QQRV02438039075573,2025-01-11 21:00:28,Perú,Chile,1385.69,2083.25,1151.65,4108.53,3.22,0.38,165.75
3861,993,Tarjeta,Michelle Lam,CC,62444727,GB88GMZT91639827372333,2024-07-28 03:27:31,Chile,Chile,4110.58,838.53,2727.37,3044.77,46.04,18.36,200.15
3862,207,Remesa,Justin Johnson,DNI,44962959,GB82PQIJ02475465525799,2024-06-26 12:19:29,Argentina,Colombia,2929.05,1191.61,5719.44,3151.53,35.92,9.16,257.91
3863,354,P2P,Dana Oconnor,RUT,19587878,GB79YLIX05862643757627,2024-06-24 22:59:15,Perú,Perú,3824.34,247.68,9089.33,1575.0,49.59,15.48,227.32
3864,73,Exchange,Jeffrey Ferrell,CPF,49250551,GB80WAAD51536945318309,2024-07-23 20:32:52,Perú,Perú,9600.49,586.36,8017.66,3857.11,17.44,13.36,422.42
3865,273,P2P,James Saunders,RUT,34863936,GB52TKXH74177671925203,2024-05-11 05:19:34,Perú,México,8308.03,358.33,9912.59,186.5,29.45,9.06,345.57
3866,985,Tarjeta,Gloria Fisher,CC,18358661,GB66IUSO64963290897614,2024-10-17 01:06:29,Perú,Argentina,8298.15,4707.73,280.69,3304.8,46.76,4.05,260.45
3867,270,Tarjeta,Angel Mccoy,RUT,50141509,GB17CKVV62807992154337,2024-06-13 05:32:27,Argentina,Colombia,5146.07,4166.3,1970.86,1477.93,4.12,18.88,354.27
3868,527,Remesa,Matthew Hamilton,RUT,38809349,GB34NZMT75319915264959,2024-04-27 02:31:44,México,Argentina,2998.58,1372.71,3758.23,2562.67,3.68,4.39,374.26
3869,26,P2P,Allen Ellison,DNI,86637390,GB66IFES79157983227578,2024-02-08 11:43:21,Argentina,Argentina,7670.06,3373.54,3928.85,4023.44,10.37,20.2,227.23
3870,318,P2P,Collin Hernandez,CC,57416775,GB54XUDE95768630313065,2024-07-04 10:59:44,Colombia,Perú,9777.78,1836.93,517.58,233.43,25.66,16.88,343.89
3871,414,Exchange,Shawn Johnson,CC,57601352,GB86WFUQ50910181869996,2024-10-09 22:20:28,México,Colombia,4495.47,236.81,2473.21,4066.36,19.55,10.84,281.52
3872,332,Remesa,Taylor Leonard,DNI,12113559,GB75UTSN39130952094392,2024-12-13 20:16:58,México,Argentina,5021.54,3489.94,1722.65,3257.68,13.65,9.8,28.29
3873,708,Remesa,Ryan Smith,RUT,96464854,GB23WSMV27943826022206,2024-06-01 20:19:23,Perú,México,5574.31,3880.5,7935.61,4163.46,47.9,5.15,341.32
3874,208,Remesa,Megan Greene,CPF,43270801,GB42EUAZ21411990852874,2024-11-27 09:44:12,Colombia,Perú,2580.47,1085.24,6953.33,3796.05,1.83,23.01,469.18
3875,832,Tarjeta,Ian Cowan,RUT,18703498,GB98JZMU70689201899942,2025-01-07 08:23:39,Colombia,México,4731.73,4224.79,3811.83,4511.03,46.78,7.13,22.42
3876,978,Exchange,Lisa Perez,DNI,63421667,GB82YYGE56261819795026,2024-12-30 03:41:28,Chile,México,5766.12,1632.3,6761.05,4566.74,12.27,24.61,487.0
3877,716,Tarjeta,Raven Vance,RUT,25499773,GB70KNII36069127829424,2024-10-24 12:16:23,México,México,1118.29,3185.28,5581.36,3266.35,29.16,17.79,276.33
3878,371,Remesa,Kristen Hernandez,CC,11218322,GB25MCWS44116258025048,2024-08-14 12:30:41,Colombia,México,7395.32,1464.03,9898.11,4330.36,19.45,20.82,58.34
3879,220,P2P,Amber Sparks,DNI,18535741,GB86ILYU64790788026404,2024-09-20 15:20:44,Perú,Chile,4301.78,1632.62,6293.76,3251.04,16.46,5.96,82.21
3880,773,Remesa,Jeffrey Long,CPF,45290252,GB70HMNH93893188809475,2024-08-03 05:05:01,Argentina,México,9530.56,4625.25,6495.5,4282.97,34.8,23.29,26.34
3881,513,Exchange,Tony Chaney,RUT,34525564,GB12YFSS93787876074684,2024-09-18 07:53:14,México,México,8049.53,4161.23,3720.84,2880.81,45.01,20.36,64.15
3882,544,Tarjeta,Melissa Ward,CPF,17339184,GB92QJUG07975705142178,2024-11-24 02:48:02,Perú,Chile,4127.38,3006.98,501.67,1085.69,19.01,8.26,72.22
3883,725,P2P,Loretta Kidd,RUT,30196182,GB74ZFTE44210941737307,2024-03-25 22:36:20,Argentina,Argentina,7269.4,3339.89,2752.83,2777.08,29.69,20.9,94.0
3884,817,Tarjeta,Joseph Davis,RUT,59470466,GB40CGBX69650853181711,2024-02-12 16:02:16,Colombia,Chile,3225.6,1462.84,3390.38,2806.09,9.45,21.4,200.34
3885,16,Tarjeta,Mason Ali,CC,49533877,GB86MDXD28294917718670,2024-11-22 20:18:53,Chile,Perú,6456.95,1210.63,9366.49,2615.83,29.91,5.06,127.52
3886,320,Tarjeta,Bryan Carter,RUT,31995381,GB11CILV58640924977854,2024-07-12 06:12:51,Colombia,Chile,8796.5,449.84,8218.81,1347.68,21.71,10.75,168.59
3887,507,Exchange,Debbie Crawford,CC,62751582,GB38QAPL21264165506418,2024-12-10 12:41:59,Chile,Colombia,3845.38,4612.92,1177.26,3806.59,34.54,2.02,152.26
3888,69,Remesa,Matthew Robbins,CPF,56791631,GB57JKMP16046570513165,2024-04-07 15:24:32,Argentina,Perú,3637.47,173.26,5518.45,4409.68,12.37,18.45,159.84
3889,480,Exchange,Andrea Williams,DNI,42431440,GB86UAET43164069117465,2024-05-18 11:36:59,Perú,México,2344.23,108.32,8566.38,85.57,23.19,16.2,45.24
3890,775,Tarjeta,Noah Fox,CC,52873015,GB32SGIQ54694915722956,2024-11-19 10:37:38,Argentina,Argentina,188.3,639.03,7992.18,4238.11,15.28,16.24,398.21
3891,669,Tarjeta,Joseph Rivera,CPF,52350725,GB73UJRZ26881253358781,2024-03-18 03:06:48,Chile,Chile,3348.36,867.64,4138.3,2855.27,30.59,5.32,489.43
3892,735,P2P,Sean Dyer,DNI,63251836,GB39ZDSQ33649515063427,2024-12-10 01:39:23,Chile,México,590.9,1204.67,5051.33,4170.78,20.79,14.06,318.38
3893,831,P2P,Carl Rodriguez,CPF,32675068,GB46GGMQ07789406917488,2025-01-11 06:33:30,Colombia,México,2862.59,4151.27,888.2,2331.79,22.76,9.15,281.92
3894,898,Remesa,Duane Smith,CC,45157889,GB57BWJC53498145438652,2024-07-28 20:19:42,México,Colombia,8966.65,805.39,8462.45,240.94,5.23,24.75,220.15
3895,252,Remesa,Paul Hayes,CC,23184712,GB77ARCG55884373077921,2024-07-19 01:19:31,Perú,Perú,7890.44,1794.06,7130.38,1222.67,10.5,14.03,157.26
3896,973,Tarjeta,Lisa Frye,CC,19012431,GB71OUWY23724077496008,2024-06-12 01:41:25,Perú,Argentina,5173.1,2273.98,1000.9,4544.45,39.78,21.5,348.96
3897,804,Remesa,Vincent Murray,CC,75078966,GB05CZDQ50052852449459,2024-04-24 01:17:06,Perú,Perú,9022.47,1586.52,2077.32,2998.01,46.26,22.29,122.89
3898,528,Tarjeta,Courtney Thompson DVM,DNI,28847698,GB69LEDJ41548589509059,2024-04-16 13:24:08,México,Perú,1223.06,2365.21,8712.26,1793.34,10.38,23.2,20.9
3899,690,Tarjeta,Larry Rowe,DNI,76446695,GB62GNKN31170403598645,2024-12-09 17:48:52,México,Argentina,6755.87,429.67,6025.08,4428.66,0.63,23.53,171.08
3900,600,Remesa,Kari Herman,CC,37646518,GB30LMVR92264852920734,2024-10-26 04:59:21,Argentina,Perú,4886.34,3799.93,6625.6,2082.59,45.87,10.8,16.15
3901,150,Exchange,Jackson Smith,CC,40609464,GB54NSCN53682411340985,2024-07-07 05:42:04,Colombia,Colombia,1144.84,4504.64,9250.19,507.85,28.07,3.54,416.96
3902,77,Tarjeta,Stephanie Ritter,CPF,53692112,GB89BEUO28229602987571,2024-11-20 04:58:55,México,Perú,7879.53,2880.62,2557.72,4544.5,21.41,16.47,435.91
3903,737,P2P,Catherine Miller,CPF,49610414,GB40CAMM86399918490230,2024-04-01 00:53:59,Argentina,Colombia,6909.22,3445.73,8018.56,4561.26,20.97,2.83,193.07
3904,523,P2P,Fernando Hall,CC,99889286,GB28ORFO67162097085970,2024-01-25 15:38:44,Chile,Chile,753.36,4864.54,353.94,964.58,27.26,16.4,403.28
3905,871,Tarjeta,Charles Gaines,CC,48283760,GB63YMIU05295469985564,2024-06-11 14:13:28,México,México,393.68,4151.68,146.55,3059.09,49.01,12.26,449.16
3906,648,Remesa,Joshua Williams,CPF,91117782,GB68TIFP42071930902171,2024-09-14 21:54:42,México,México,7310.6,420.05,4561.35,3435.74,5.86,5.17,495.57
3907,166,P2P,William Campbell,DNI,44500769,GB36VBIS18701101150770,2024-11-17 17:14:20,México,México,454.92,3217.27,8143.92,4472.79,7.75,7.68,169.68
3908,236,Exchange,Carla Moreno,CPF,58994044,GB47TNTJ56804819627796,2024-08-25 03:25:23,Colombia,México,4472.54,4423.73,5178.94,2396.27,6.65,20.01,178.01
3909,578,P2P,Jennifer Hernandez,RUT,17842480,GB31EPWW01673251705568,2024-11-03 17:51:10,Colombia,Argentina,3333.76,552.62,8404.77,4943.04,43.2,16.44,263.55
3910,793,P2P,Christine Kelley,CPF,79324515,GB93KQYT21399174371654,2024-09-26 19:28:15,Colombia,México,1009.53,4788.99,6939.25,2397.59,47.24,11.41,127.88
3911,950,Exchange,Thomas Duran,RUT,54064196,GB64CYYF15364587357212,2024-12-01 22:31:26,Argentina,Argentina,1420.94,3689.18,6129.07,4883.67,3.58,9.69,38.2
3912,901,P2P,Mr. John Dudley,DNI,76265081,GB69ZTUI59650447344244,2024-03-28 13:36:25,Colombia,México,4193.9,806.36,6669.5,1356.96,32.15,16.79,264.03
3913,267,Remesa,Kristi Pham,CPF,76284504,GB05AYUK63297794572009,2024-11-18 00:28:23,Colombia,Argentina,3367.43,157.65,6685.93,2113.79,32.1,10.24,377.76
3914,508,Exchange,Rebecca Thomas,RUT,37392578,GB74KVIE04942119113450,2024-10-25 07:07:30,México,Colombia,1246.76,3969.35,2634.47,4519.68,25.73,21.75,114.48
3915,309,Exchange,James Martin,CC,99836012,GB20FJTM20840789393819,2024-02-21 07:44:51,México,México,8110.42,2331.16,5437.96,3096.32,17.93,9.25,203.98
3916,975,Remesa,James Gutierrez,CPF,43306306,GB73OCTB70023836825987,2024-02-03 03:26:25,Argentina,Colombia,5845.21,3751.58,286.02,2325.39,25.61,22.32,246.17
3917,339,Remesa,John Shelton,CC,33479456,GB86VNRJ99630757619126,2024-12-09 06:02:06,Argentina,México,3011.71,4453.29,2039.31,1232.08,41.98,16.82,166.16
3918,693,P2P,Elizabeth Case,RUT,48692480,GB50WKIA95849916964775,2024-06-29 18:18:23,Perú,Argentina,6899.3,2027.62,4755.28,4130.34,19.8,14.18,248.35
3919,557,Exchange,Peter Arnold,CC,60409189,GB63YPAM76225695654674,2024-06-15 08:56:05,México,Chile,8291.01,2517.22,4923.19,3259.88,27.24,23.72,189.11
3920,929,Exchange,Ashley Hill,CC,59940386,GB21WYSB27880992515629,2024-08-20 02:37:19,México,México,4018.46,4137.99,4932.54,4545.61,19.76,5.31,349.49
3921,796,Remesa,Jesse Kennedy,DNI,45011504,GB43LIFW79526439418233,2024-08-24 06:39:14,Argentina,Colombia,1250.13,2949.84,9758.18,4297.44,11.96,2.14,131.0
3922,109,Tarjeta,Juan Brewer,CC,59517136,GB93KGBK63861444106752,2024-12-06 11:56:13,Colombia,Argentina,5807.17,2780.65,7101.6,2956.26,25.24,23.38,441.64
3923,615,P2P,Anthony Sims,DNI,25479950,GB78GNZW16640350701103,2024-07-25 02:54:26,Colombia,Colombia,9394.73,1775.82,4605.92,1044.14,14.44,22.98,474.9
3924,411,Remesa,Dr. Gregory Hines,CPF,63754091,GB81XHXF42159434490277,2024-09-20 13:26:05,Argentina,Colombia,1308.17,423.8,872.01,2571.28,28.22,3.4,196.84
3925,824,Exchange,Amanda Velez,DNI,73135144,GB73BYAS92018420429515,2024-12-15 07:31:44,Chile,Chile,7607.28,611.71,6360.13,1531.59,48.52,3.77,196.22
3926,651,Remesa,Ryan Robinson,DNI,49210676,GB74DBGX46858781251291,2024-04-23 19:30:38,México,Perú,2621.96,283.77,9872.61,4871.95,1.56,1.74,420.75
3927,55,Tarjeta,Juan Howard,RUT,99875233,GB52ZJOK39066724469372,2024-12-02 18:55:19,Perú,México,9039.86,382.93,5501.97,4658.18,28.33,4.72,392.91
3928,171,Tarjeta,Darlene Hutchinson,DNI,28226088,GB22CYJV96159386978370,2024-02-26 14:12:31,Perú,Perú,6296.73,2660.0,2512.39,2753.95,34.68,1.51,296.8
3929,814,Tarjeta,Marie Ellis,RUT,11056157,GB02EGIB49976706435274,2024-10-21 16:22:52,Argentina,Argentina,4753.5,393.83,2771.69,4415.05,19.23,2.41,182.51
3930,487,P2P,Austin Wilkinson,CC,30249929,GB17SUGW95201545747555,2024-02-09 04:37:16,Chile,Colombia,8933.08,407.85,6202.28,1615.49,19.03,1.83,173.9
3931,579,P2P,Olivia Spence,CC,87777447,GB33BDFP17559243994388,2024-05-28 20:26:05,México,Chile,1213.16,4317.77,1390.97,268.83,40.27,24.95,69.53
3932,740,P2P,Shelly Vance,DNI,88073744,GB08UOBR14295526415979,2024-12-24 13:45:42,Argentina,Colombia,928.26,4114.19,2473.28,3001.75,23.53,15.44,215.34
3933,500,Exchange,Elizabeth Morris,DNI,69361548,GB15OCRC28845396074479,2024-04-23 10:08:05,Colombia,Perú,5194.1,794.83,2543.63,1081.67,12.84,2.14,411.64
3934,401,Exchange,Erin Armstrong,RUT,40987581,GB11PZEQ64718653091160,2024-04-09 08:26:28,Argentina,Perú,2364.01,4900.87,2202.83,1228.68,47.2,0.52,446.78
3935,560,Remesa,Stephanie Dodson,CPF,50178115,GB02TVKO10473519456617,2025-01-05 05:32:48,Argentina,México,3487.76,3448.46,7055.68,1944.52,48.46,2.67,105.32
3936,649,Remesa,Kelly Watson,RUT,48615359,GB80JUZF68874917151170,2024-04-23 15:50:15,Argentina,México,1343.2,285.94,5849.77,3764.39,7.93,7.66,377.66
3937,667,Exchange,Marc Cabrera,DNI,37176092,GB60DRTT28175285324966,2024-11-30 20:35:49,Colombia,Perú,4991.74,1987.82,4864.9,94.67,24.88,14.9,262.16
3938,429,Exchange,Katherine Arellano,DNI,60462082,GB24NLDL34252405235510,2024-04-30 00:12:38,Argentina,Perú,3884.3,3126.38,122.08,4587.87,43.73,3.27,429.18
3939,11,Exchange,Jessica Henson,CC,89186887,GB67CCVZ33488368976638,2024-05-01 22:54:56,México,Argentina,1248.63,1969.15,8453.34,709.49,16.43,17.67,190.86
3940,517,Tarjeta,Joseph Anderson,RUT,75177317,GB30YCDW93803450120350,2024-09-05 19:15:51,Chile,Chile,4772.82,4997.32,525.91,1029.43,5.04,13.86,315.29
3941,707,Tarjeta,Paul Jones,CC,46270980,GB32LNYB72344180597128,2024-08-03 15:31:46,Argentina,Colombia,3596.61,2552.05,781.23,2569.5,43.58,21.32,372.19
3942,145,Tarjeta,Jessica Chen,RUT,26305303,GB13BPQN86289720738217,2024-05-02 08:55:53,Colombia,Colombia,6511.17,871.06,1273.33,2890.18,12.08,4.38,40.8
3943,821,Exchange,Andrew Moore,DNI,18304010,GB43TETY04597271132485,2025-01-20 18:50:17,Perú,Chile,8429.51,2506.84,7947.13,2124.67,20.34,9.18,45.71
3944,435,Exchange,Jamie Miller,DNI,55746497,GB10UWLO89703456684024,2024-06-05 00:39:38,Colombia,Chile,2039.18,669.42,1752.17,1303.95,49.25,13.79,83.5
3945,234,Exchange,Kristopher Dixon,DNI,71603017,GB03OCGQ56353544973420,2024-03-26 07:40:49,Argentina,Argentina,3348.35,2191.9,2838.33,529.95,16.36,21.54,323.03
3946,268,P2P,Charles Castillo,CPF,13398727,GB92QUTN32359360480008,2024-10-13 11:00:06,México,México,1494.62,862.73,1318.69,91.28,33.05,21.63,86.82
3947,691,Remesa,Bonnie Burgess,RUT,81827721,GB64MCOA26657992594831,2024-09-25 16:52:00,México,Chile,3923.14,962.82,3408.74,1650.0,0.93,19.01,43.59
3948,45,Tarjeta,Leah Waters,CPF,67358975,GB79YOZF30555559412241,2024-03-08 01:27:18,México,Colombia,7021.1,2652.31,5751.76,3255.42,34.54,14.63,328.54
3949,475,Remesa,Kari Fields,CPF,33780393,GB52SSUE34787361358244,2024-03-15 05:04:59,Chile,Perú,8715.42,943.27,8845.25,4798.22,1.78,6.64,166.44
3950,538,Tarjeta,Chad Knight,RUT,44686383,GB93WYOD22996805381970,2024-06-06 23:23:37,Colombia,Chile,640.23,2011.52,238.6,303.28,33.91,23.38,28.29
3951,631,Exchange,Nancy Waters,RUT,36211436,GB58TTEM61709338786295,2024-11-12 11:09:59,Chile,Perú,3522.03,1142.36,6287.29,2391.22,47.07,14.71,33.0
3952,314,P2P,David Bauer,DNI,62318067,GB42BYKO52243073796067,2024-08-31 07:32:48,Argentina,Colombia,1013.32,2268.34,9485.45,546.81,35.18,4.07,420.88
3953,542,Exchange,Margaret Flores,DNI,99387865,GB86DRBQ83137707921887,2024-01-24 10:35:53,Colombia,Perú,6860.57,3764.84,8838.25,4781.7,47.49,19.35,405.67
3954,378,Tarjeta,Laura West,CPF,10539718,GB45TURH33057252770273,2024-04-08 23:39:36,México,México,8474.43,3579.96,8160.84,1278.81,37.04,13.56,275.97
3955,387,Remesa,Vanessa Dalton,DNI,24699483,GB62FCOY35090338790157,2024-02-14 02:07:26,Colombia,Chile,9971.43,2070.19,3869.83,1344.33,2.8,14.23,352.52
3956,653,P2P,Jessica Wright,RUT,44336483,GB12UIWW75601618590705,2024-09-16 16:42:59,México,Perú,3233.01,4331.16,2755.41,3774.03,21.9,19.21,411.64
3957,797,Remesa,Brandon Ortiz,RUT,57409095,GB55VOOE69454269402668,2024-04-10 13:14:32,México,Perú,8752.91,2014.85,9184.01,2310.57,31.91,0.23,463.83
3958,220,Tarjeta,Shelly Garcia,RUT,50332759,GB77OGFD01382718288221,2024-08-12 18:18:18,Perú,Colombia,8592.39,2301.0,9046.35,2914.8,29.14,2.35,86.92
3959,898,Exchange,Derek Jones,DNI,71620123,GB82QDBT27841777731843,2024-10-03 17:21:56,Argentina,Chile,1017.06,2521.75,6697.78,1854.5,6.68,15.92,310.84
3960,597,Tarjeta,Michael Wilson,CC,81572604,GB58BMNA48723457355367,2024-12-19 03:52:41,Perú,Colombia,7920.28,3036.67,5557.5,3744.37,33.73,20.92,347.16
3961,382,Remesa,Robin Arnold,DNI,27541396,GB77AHWW13608958968789,2024-08-17 18:23:53,Chile,Argentina,6787.78,1664.67,8408.26,2073.28,40.27,11.27,382.2
3962,28,Remesa,Katelyn Miller,DNI,20825604,GB45CIKT72326380421820,2024-07-12 00:45:09,Argentina,Colombia,299.43,4255.18,4988.81,1019.41,0.48,2.53,241.86
3963,169,Exchange,Barbara Tran,CC,52165626,GB08TIUT43596487451328,2024-12-06 04:02:56,Argentina,Perú,9464.22,4093.47,3116.89,3531.42,4.33,4.69,279.29
3964,853,P2P,Johnny Villa,CPF,27128379,GB05OALD78537754913676,2024-07-07 15:56:24,Argentina,Perú,100.58,2845.19,8306.4,4274.52,47.13,9.39,224.38
3965,44,Exchange,David Gonzales,CPF,28082749,GB76TZDJ76878634291311,2024-08-16 23:46:19,Perú,Colombia,1590.94,1617.92,2987.58,4676.49,24.64,13.01,328.5
3966,89,P2P,Eric Allen,RUT,25926869,GB70UYEI23170472857865,2025-01-17 01:24:14,Colombia,México,9763.09,2542.78,8684.04,4408.06,24.79,8.43,327.59
3967,240,Tarjeta,Margaret Rogers,CC,99608664,GB69TFHZ44965199749581,2024-11-08 16:28:20,Chile,Colombia,4387.49,4908.27,4428.86,4035.65,29.09,11.42,71.61
3968,671,Exchange,Wyatt Burns,DNI,98534791,GB05BSLQ75747403453489,2025-01-14 00:03:45,Argentina,México,5628.83,3366.25,6247.44,1073.44,26.28,20.06,263.66
3969,657,Exchange,Andrew Mclean,RUT,97408573,GB28QPIE02297901484666,2024-08-23 10:19:33,Colombia,México,7097.35,3620.43,5449.76,1662.54,48.6,8.9,168.75
3970,930,Exchange,Kelly Conner,DNI,77774173,GB77TRXO99454310258485,2024-06-12 15:35:24,Chile,Argentina,9914.45,721.52,5653.11,3272.31,15.29,23.32,13.62
3971,112,Remesa,Bradley Robinson,DNI,79311921,GB68GHHV64414639611033,2024-03-01 12:09:03,Chile,Perú,3831.65,979.63,6453.07,4676.47,37.66,1.47,287.44
3972,866,Tarjeta,Daniel Greene,CC,72663048,GB15CNYD92843144345184,2024-04-24 12:34:29,Colombia,Chile,2625.49,716.86,3420.44,3165.93,0.25,23.5,91.73
3973,33,Tarjeta,Jennifer Franklin,CC,36596882,GB39JHFP10469314798020,2024-01-29 23:27:14,Perú,Colombia,3843.16,2893.6,531.56,1201.1,35.94,6.51,459.26
3974,452,P2P,Shawn Lucas,CC,21941377,GB53WOME17202616185043,2024-10-17 05:42:49,Argentina,Argentina,2168.97,3552.39,996.52,2534.71,31.45,13.37,322.4
3975,943,P2P,Isabella Chambers,DNI,10225551,GB11LZNT85992283144097,2024-02-04 21:19:48,México,Argentina,9342.7,1924.68,8181.0,4203.39,44.74,21.53,211.54
3976,142,P2P,Monique Little,DNI,20266976,GB52SCGL12408833517771,2024-04-02 16:05:49,México,Chile,2160.38,1347.67,3715.19,2454.12,4.77,21.19,338.56
3977,786,Remesa,Sarah Gordon,CPF,52191311,GB10CXPG96082400888218,2024-07-14 01:08:39,México,Colombia,4655.54,4259.37,7678.65,2813.53,47.22,1.16,475.9
3978,827,Tarjeta,Dawn Johnson DDS,CPF,95158923,GB19FLZI02830943999644,2024-06-10 11:45:31,México,Chile,3629.99,3115.23,4543.22,126.34,20.36,16.5,187.25
3979,404,Tarjeta,Christine Ballard,RUT,51670841,GB18TRIX47334503850065,2024-06-12 09:44:54,Chile,México,5693.21,3313.44,5789.91,1509.25,25.98,5.64,19.93
3980,99,Exchange,Jesus Mccann,CC,84960695,GB73GXHZ08723524906958,2024-10-07 23:55:27,Chile,México,1243.85,2463.46,5123.98,974.25,5.35,23.15,308.84
3981,827,P2P,Steven Carr,DNI,73932762,GB15GCIW48506149228720,2024-06-11 03:17:45,Colombia,México,1833.32,1299.7,6426.23,3014.56,18.71,12.91,287.91
3982,911,Exchange,Kirk Perez,DNI,87342017,GB97CBQA53523442638208,2024-04-07 14:03:15,Perú,Perú,1641.65,1456.17,9023.72,2510.47,41.72,19.17,130.22
3983,85,Tarjeta,Michael Payne,RUT,33157640,GB87RLKK48981124606132,2024-07-10 16:31:47,Colombia,Chile,1592.62,1222.74,739.09,2073.5,18.64,6.28,24.95
3984,587,Remesa,Sarah Larson,CC,22694013,GB37CKIT05088620636004,2024-06-29 02:49:15,Perú,Colombia,7673.45,4240.15,6372.81,4922.77,33.17,3.9,141.33
3985,138,Remesa,Ann Murphy,CPF,63154258,GB70QSJD09163339463147,2024-05-07 01:26:13,Colombia,México,3065.98,4484.58,9084.26,3106.09,3.93,24.52,371.02
3986,58,P2P,Antonio Roberts,RUT,11057002,GB31ZRNJ99419764502832,2024-10-13 05:01:02,Argentina,Colombia,7747.88,4226.38,1012.66,2438.92,17.16,20.2,169.23
3987,433,Exchange,Douglas Lewis,CPF,49510142,GB47FDSQ33113286264041,2024-05-18 00:45:36,Argentina,Chile,6014.21,323.47,4933.44,571.71,37.95,5.06,106.79
3988,953,Tarjeta,Larry Ramirez,CPF,22367650,GB86GGPY17938005960316,2024-08-01 05:15:50,México,México,1576.29,2260.23,1271.57,1625.3,16.77,22.87,24.88
3989,914,Tarjeta,Sandra Vargas,DNI,84715692,GB98YDBG47106723505878,2024-06-20 00:03:39,Argentina,Chile,8181.2,4847.72,5178.8,2253.21,18.01,11.39,128.75
3990,849,P2P,Brenda Barnett,DNI,67751832,GB52JZVP97130168353902,2024-06-27 08:56:49,Chile,Chile,4547.24,2149.83,3015.23,4187.13,4.24,6.7,85.36
3991,736,P2P,Susan Cox,CPF,85004814,GB30JOYG47418231609348,2024-08-29 04:50:02,Chile,Perú,5821.65,1939.87,2066.06,2825.98,39.52,13.31,384.93
3992,64,P2P,Sean White,RUT,62993559,GB84MBPL34440992684798,2024-08-20 13:55:03,Chile,Perú,3021.11,2631.07,9223.34,4256.42,33.41,0.45,181.45
3993,781,Remesa,Ann Leach,CPF,26826184,GB37YCEB59641377691114,2024-05-17 20:43:17,Argentina,Colombia,2718.56,2538.84,8299.11,1183.11,44.42,22.24,477.86
3994,706,Remesa,Daniel Henry,CPF,97194135,GB92YDGN70143847027062,2024-07-16 03:15:24,Perú,Chile,5021.01,4687.03,4207.71,3530.88,17.09,8.5,61.05
3995,262,Tarjeta,Kristen Buck,CPF,68961657,GB55PAPE55590200853958,2024-11-03 16:11:36,Chile,Argentina,9190.46,1204.34,4176.02,2459.62,37.34,7.7,136.79
3996,859,Tarjeta,Ashley Johnson,RUT,92242405,GB75BECO59304507824250,2024-02-25 23:03:48,Argentina,Perú,5292.52,2185.39,6456.4,3836.63,34.35,23.08,396.69
3997,894,Tarjeta,Ruth Bryant,CC,35330784,GB45FLFH86502105979898,2024-02-24 17:28:40,Argentina,Chile,6453.28,3140.92,6424.3,589.84,18.25,22.22,294.19
3998,750,P2P,Barbara Waller,DNI,56011149,GB59YMCQ80036154762616,2024-02-09 12:36:45,Colombia,México,6757.53,2575.35,6304.51,1632.14,7.91,14.47,492.94
3999,131,P2P,April Johnson,CC,82828775,GB62BLXY35368942991183,2024-03-10 00:07:40,Colombia,Colombia,7414.42,744.57,5795.99,4419.01,13.17,3.06,350.04
4000,971,P2P,Lacey Ochoa,RUT,33087361,GB75SFKU01612963735874,2024-07-05 08:42:17,México,Colombia,8148.55,1517.62,8568.87,336.09,33.88,23.15,17.99
4001,328,P2P,Heidi Barker,CPF,28957308,GB13XPES71607416058079,2024-08-02 20:17:24,México,Perú,5830.86,2988.38,2815.29,4634.61,5.39,5.38,222.9
4002,818,Tarjeta,Lisa James,DNI,86170020,GB45CTRJ26628076118925,2024-11-01 23:42:24,México,Colombia,1229.48,1866.47,9608.58,2743.82,15.09,1.89,339.05
4003,590,Exchange,Jason Hardin,RUT,82554633,GB65TQFS35794113902770,2025-01-19 20:51:57,Chile,Argentina,2211.34,1317.72,9301.07,411.25,0.94,14.32,261.27
4004,500,Tarjeta,Robert Brown,RUT,96245919,GB35JXNW86335413510256,2024-06-15 19:00:00,México,Chile,4611.72,4441.71,6830.33,121.72,14.78,5.99,318.67
4005,470,Tarjeta,Laura Bell,RUT,98189487,GB85SIIO20473690097989,2024-08-16 10:35:02,México,México,5400.26,4236.54,480.2,1522.91,2.91,22.34,120.43
4006,43,P2P,Vicki Wells,RUT,49989072,GB43HNRI89166753009963,2024-10-20 20:54:30,Colombia,Perú,7400.33,1076.46,4760.66,2164.99,33.42,6.92,452.32
4007,681,Exchange,Robert Jones,RUT,59099595,GB81CWEG11168393929772,2024-09-01 02:12:59,México,Colombia,9922.0,4624.01,6165.04,2861.59,10.1,7.68,181.11
4008,272,Tarjeta,Russell Hicks,RUT,31157503,GB98RRTN70890320944474,2024-04-15 15:16:07,Perú,Perú,7804.1,802.83,3929.81,2411.06,21.66,19.74,194.41
4009,151,P2P,Curtis Mills,DNI,18855332,GB93OMLJ98624948371696,2024-09-10 09:02:05,Chile,México,813.17,788.08,354.65,767.03,6.09,24.57,78.94
4010,989,Tarjeta,Michael Miranda,RUT,85580070,GB74YMYS84276835127685,2024-10-27 05:29:22,Perú,Chile,1505.11,4577.89,3466.89,1839.48,31.92,6.36,376.77
4011,255,Remesa,Mary Nelson,CPF,20824012,GB51CXLT04762606405505,2024-11-10 17:06:54,Chile,Perú,4794.09,1367.31,3745.84,391.45,47.04,10.45,347.0
4012,836,P2P,Gabriel Gibbs,CC,97945806,GB25ZQYV59950246937889,2024-08-11 20:54:56,Colombia,Perú,2297.23,2073.69,4533.6,3252.99,36.96,10.56,157.18
4013,281,Remesa,Ebony Price,CPF,33230147,GB87FIOY19187288207965,2024-07-05 14:18:46,Argentina,México,2862.44,618.78,2705.12,969.35,15.95,21.33,471.5
4014,920,Remesa,James Thornton,CC,64324596,GB95NQUD06169833243089,2024-06-10 08:29:33,Argentina,Chile,2342.8,3492.16,1848.01,2697.02,1.6,1.93,426.0
4015,786,Remesa,Sandy Miller,CPF,83504579,GB06PFHC93316366851917,2024-12-14 08:52:32,Colombia,Chile,5058.85,1610.59,3947.53,4669.64,11.47,17.18,267.8
4016,361,Tarjeta,Travis Thompson,RUT,73413269,GB51JMQO62091806038747,2024-09-13 03:24:51,Perú,México,3234.63,121.2,4294.02,4561.27,49.03,2.37,228.53
4017,74,Remesa,Jesus Martinez,RUT,70837298,GB35AWOG30416229004545,2024-11-24 18:30:25,Chile,Perú,7391.97,3993.11,7436.43,534.18,4.6,2.54,458.07
4018,6,Remesa,Cameron Allen,CC,78045641,GB10CXAU12612733563052,2024-04-20 21:42:00,México,Perú,471.13,3338.22,7853.58,3628.62,34.76,0.09,384.01
4019,951,P2P,Katherine Morse,CC,28300230,GB12NRYL42571029839919,2024-03-01 14:31:30,México,México,3883.71,2784.14,7922.58,2540.0,6.02,20.26,226.85
4020,631,Remesa,Thomas House,CC,83570562,GB60EAZM19795519482884,2024-08-15 14:35:31,Chile,Perú,5422.6,4491.67,5603.66,129.24,16.14,8.1,269.34
4021,927,P2P,Matthew Stafford,RUT,30189286,GB90AJRJ40980071591812,2024-02-22 03:43:27,Argentina,Colombia,525.92,4794.32,2606.75,3859.62,43.83,8.7,230.49
4022,417,Exchange,Katherine Haney DVM,CC,74208619,GB78AAQN68421755305764,2024-02-13 05:47:20,Argentina,México,9306.22,902.07,5387.42,2556.09,16.65,17.55,386.72
4023,879,P2P,Juan Collins,RUT,13647157,GB87GXKZ35658297646759,2024-11-25 09:46:10,México,Argentina,2680.36,571.43,2175.92,2682.78,33.03,14.67,458.26
4024,151,Remesa,Margaret Steele,CC,38301376,GB43PDAD17773346634972,2024-08-23 04:57:37,Perú,México,1550.62,1707.78,1063.0,1527.37,12.21,2.82,332.73
4025,709,P2P,Holly Clark,CPF,21686207,GB75UKNS41468338076168,2024-12-26 03:57:07,Colombia,Argentina,8450.29,1399.96,6391.49,283.24,8.45,0.59,453.75
4026,698,Remesa,Shannon Donovan,CPF,25665802,GB48QIJL44692028215602,2024-06-26 23:47:53,Argentina,Argentina,3760.44,957.79,9414.65,2334.27,22.58,6.76,422.03
4027,559,Tarjeta,Cynthia Medina,CC,49546097,GB88HKVW08435238501560,2024-07-22 11:57:37,Chile,Argentina,4052.5,4810.69,3049.77,335.26,28.48,18.24,258.67
4028,972,P2P,Ronnie Schmidt,DNI,29456321,GB38XYMH97702780989568,2024-03-18 17:16:11,Chile,Argentina,5223.56,810.56,9770.81,1011.39,32.68,4.62,438.17
4029,724,P2P,Todd Green,DNI,74886714,GB55QRKZ02503430043733,2024-09-02 14:09:12,Argentina,Chile,1411.05,2955.63,7571.2,4961.8,47.16,8.08,485.63
4030,674,Remesa,Bryan Sexton,CPF,79710174,GB35YMAT03790025965579,2024-02-18 16:59:03,Colombia,México,738.9,3215.88,3447.72,4098.42,13.12,20.58,375.88
4031,367,Exchange,Darlene Anderson,RUT,92725227,GB59ZWHY07325115076214,2024-05-26 13:35:29,México,Argentina,164.01,4943.61,6894.17,3738.46,1.62,19.64,40.27
4032,614,Tarjeta,Eric Donovan,DNI,81920949,GB98AAZY70423754648278,2024-05-29 01:09:49,Argentina,México,1890.36,885.85,9653.15,3934.79,12.29,2.59,119.28
4033,970,Remesa,Melissa Branch,CPF,21284634,GB33GIVD53786954961597,2024-01-31 23:38:55,México,Perú,2739.29,2353.87,2685.7,2864.97,44.29,21.61,402.9
4034,643,Tarjeta,Jodi Hernandez,CC,85578146,GB45XNNW02718641942912,2024-06-07 15:51:12,Chile,México,1249.0,715.65,1118.33,1037.61,27.45,9.33,402.17
4035,610,P2P,Kimberly Chapman,RUT,53649896,GB92RLBJ13952361312669,2024-08-12 20:45:28,México,Perú,959.76,3188.53,3015.91,506.09,15.42,24.34,224.36
4036,612,Exchange,Jonathan Horn,CPF,36770314,GB40IBNY92245248627752,2024-11-13 02:49:52,Perú,Perú,9530.32,2162.27,4117.29,592.15,21.95,19.32,449.36
4037,2,P2P,Linda Berger,CPF,62201015,GB15GYHZ30680449749668,2024-09-11 01:22:17,Chile,México,8180.64,2124.47,8659.47,2482.6,15.35,8.85,373.41
4038,665,P2P,Benjamin Odom,CPF,77474175,GB30NFKO20281213929038,2024-08-01 15:03:38,Perú,Perú,4089.44,3407.95,732.11,3576.16,35.04,16.77,275.4
4039,31,P2P,William Cruz,CPF,32875919,GB93FQAK86526466151243,2024-04-20 14:48:11,Chile,Perú,7986.48,2341.55,7554.52,3704.95,34.94,16.02,216.26
4040,684,Tarjeta,Brian Patterson,CPF,12911244,GB12LKMF78396824217215,2024-12-29 06:27:04,Colombia,Colombia,8342.29,2199.67,3670.73,3479.27,12.75,0.37,418.13
4041,565,Tarjeta,Jonathan Evans,CC,36217512,GB16SPRH97365912192838,2024-12-23 08:49:35,Chile,Chile,8849.97,3500.95,4775.94,4946.22,9.65,20.75,93.38
4042,457,P2P,Lori Elliott,CPF,22883870,GB35CZDM76131496120204,2024-02-27 06:55:22,Perú,Colombia,3590.39,2217.87,3830.39,658.07,45.86,15.49,251.82
4043,31,P2P,Christopher Davidson,DNI,49396274,GB57IOXA72785603354004,2024-11-04 06:19:45,México,Perú,1155.87,2120.76,708.66,4185.4,49.64,9.05,325.69
4044,589,Remesa,Steven Moss,RUT,88671235,GB30ITFH15419268467787,2024-04-29 21:58:40,Argentina,Argentina,4563.81,3305.1,672.41,3546.47,16.09,20.15,419.36
4045,685,Exchange,Debra Keller,DNI,11278110,GB71ACSE44292953234913,2024-10-20 08:43:29,Colombia,Chile,8099.53,4149.87,2267.56,1279.03,17.87,8.28,355.78
4046,119,Remesa,Sergio Pierce,DNI,86024870,GB67CSPU69591353452004,2024-08-31 05:05:35,Chile,Chile,6025.99,3747.96,9691.22,1127.47,16.64,11.66,42.67
4047,959,Exchange,Ian Hess,DNI,53198428,GB36JDKE23145318491383,2024-09-12 06:08:58,Colombia,Argentina,7599.94,648.29,2472.76,2658.22,3.39,19.28,324.62
4048,360,Tarjeta,Ashley Diaz,DNI,43524046,GB47QSHD95466689949950,2024-04-11 04:05:07,México,Perú,6785.37,3847.15,3962.7,1547.21,6.78,14.76,377.26
4049,495,P2P,James Harris,RUT,14735197,GB52NGRE67278766339267,2024-12-08 02:16:34,Argentina,Perú,7213.96,558.16,6022.53,3542.63,25.46,14.76,365.57
4050,370,Exchange,Jessica Castaneda,CC,39007094,GB06OHUI19591971506566,2024-11-23 17:45:10,Argentina,Argentina,3324.35,3544.91,5738.76,1667.93,7.76,24.1,484.25
4051,550,P2P,Kristopher Summers,CPF,70309586,GB84HUJH84285314451865,2024-05-10 22:36:36,Perú,Argentina,8860.34,483.23,5239.52,3763.06,30.55,3.82,485.4
4052,355,Exchange,Kelly Stone,RUT,69607024,GB80SYSY84135150263683,2024-09-30 02:12:38,México,Argentina,2726.56,1399.23,3363.36,3236.09,41.96,0.59,152.39
4053,925,Exchange,Diane Skinner,CC,36740929,GB37FVYL35662189977745,2024-08-26 16:57:38,Argentina,Colombia,6329.51,2295.75,5145.35,918.31,46.0,2.26,266.56
4054,550,Tarjeta,Jacqueline Rice,DNI,41731769,GB72LGQN51257884894425,2024-02-22 15:43:32,Chile,Chile,7061.6,4271.81,9320.38,1067.28,32.61,18.92,262.9
4055,765,Tarjeta,Yvonne Yang,RUT,21417305,GB93UHAH94667449149768,2024-11-24 08:29:36,Argentina,Argentina,6752.63,748.17,9226.46,1346.64,30.38,12.35,52.3
4056,156,P2P,Luis Cohen,CC,79190449,GB97KWLI81064894390681,2024-06-25 02:59:18,México,México,1232.86,3267.49,4251.23,387.98,15.58,0.29,219.33
4057,445,P2P,Stephen Smith,DNI,31371092,GB62CYCG41204217022616,2024-08-04 16:11:39,Colombia,Colombia,6734.3,591.0,3740.7,708.77,21.08,19.6,462.08
4058,136,Remesa,Frank Duke,RUT,28748664,GB22WIGZ82749127582791,2024-11-13 21:25:39,Colombia,México,6786.27,297.74,5461.97,1244.71,1.56,12.47,178.78
4059,812,Exchange,Gregory Garrett,CPF,73491663,GB98ZPYK06885564504975,2024-09-04 23:31:52,Perú,Chile,9345.45,2961.78,1555.08,2214.06,7.27,6.21,494.87
4060,615,Tarjeta,Anthony Calhoun,RUT,39059564,GB27VONC70160287396019,2024-06-25 22:03:26,México,Chile,1463.88,3046.79,9182.99,2230.38,5.69,20.42,39.37
4061,337,Exchange,Lorraine Ayala,CC,81192601,GB89IMTI39038815424127,2024-07-03 21:32:36,Argentina,México,4615.72,531.99,1604.84,4591.56,47.31,1.1,135.4
4062,436,Remesa,Nathaniel Haas,RUT,75726595,GB07QKQV46128728283080,2024-11-16 21:28:41,Colombia,Perú,9527.72,1028.35,6094.83,2489.23,8.77,10.37,340.92
4063,812,Exchange,Jason Faulkner,DNI,61199939,GB09OBVW64910834595494,2024-07-28 05:41:52,Argentina,Chile,4309.58,2034.23,4694.9,4029.43,4.84,15.98,107.65
4064,163,Exchange,Courtney Pena,RUT,12618274,GB55HGMT89010619132897,2025-01-20 14:49:28,Colombia,México,3754.85,786.13,9787.26,3896.99,21.96,10.71,37.95
4065,525,Remesa,Brandon Navarro,RUT,67173357,GB26BDKF73651722551013,2024-06-11 10:10:37,Argentina,México,8500.12,716.98,4412.11,1634.0,36.16,18.4,411.4
4066,859,P2P,Carol Gibson,CPF,46786349,GB29QWXQ23675510628882,2024-12-21 05:20:09,Perú,Argentina,461.92,2211.61,1772.61,1562.26,27.59,15.14,425.16
4067,104,P2P,Victor Mcguire,RUT,87313794,GB07OYQU38216997116590,2024-07-15 13:33:57,México,Colombia,1009.07,3843.53,1803.12,477.54,48.35,3.84,160.58
4068,742,Exchange,Ashley Hancock,DNI,98977996,GB90KJPU12550509741384,2024-06-16 19:59:02,Chile,Colombia,7834.45,3549.48,6623.31,2695.94,26.69,6.17,432.27
4069,754,Remesa,David Walker,RUT,89715581,GB20KICR32619124459844,2024-05-18 17:26:45,México,Colombia,9149.82,4250.61,6497.45,1534.88,7.78,24.76,48.6
4070,793,Remesa,Phillip Bowers,RUT,61634919,GB15MLYA36888162667712,2024-05-20 20:29:16,México,México,6475.87,3754.41,2544.77,3738.52,19.69,23.08,474.78
4071,91,P2P,Joshua Martin,CC,60136380,GB19ZVCI56077391944958,2024-04-16 21:42:01,Chile,Chile,7565.41,2613.22,8437.11,3469.21,8.76,10.61,122.34
4072,151,Remesa,Amber Armstrong,CPF,89875084,GB35OLQU04878869087184,2024-04-21 16:37:33,México,México,9099.92,4372.59,2653.88,956.63,8.6,4.83,498.25
4073,940,Exchange,Lauren Caldwell,RUT,77542833,GB88FQHA87496697128799,2024-12-28 08:39:50,México,Perú,5322.8,3121.41,7668.06,3128.43,34.95,11.1,39.85
4074,69,P2P,Tamara Lucas,CC,81068965,GB14JFZV71692355372422,2024-05-04 09:05:26,Chile,Chile,795.32,2149.06,8353.98,4937.81,17.37,2.65,99.93
4075,486,Remesa,Christina Ward,CC,64561356,GB16CKHK35796187627793,2024-04-22 09:00:05,Perú,Colombia,1383.23,139.74,3266.86,1544.81,46.69,10.61,369.22
4076,121,P2P,Kevin Walker,CPF,39709006,GB93GFPO24645602458147,2024-04-03 21:05:20,México,Argentina,1408.94,3656.14,7164.92,345.52,12.32,19.94,328.97
4077,621,Exchange,Matthew Mcintyre,CC,95136062,GB67LYFE33508769344209,2024-08-23 10:02:21,Perú,Chile,7240.38,930.19,9160.26,3448.32,35.28,7.79,216.74
4078,252,P2P,Chris Franco,CPF,62710164,GB35JVFR77610013625809,2024-05-26 05:12:02,México,Colombia,8597.77,4903.64,2751.51,350.76,46.54,24.93,296.24
4079,156,Remesa,Breanna Murphy,CPF,55369679,GB88WXLJ21598989942173,2024-11-27 13:22:16,México,Chile,8016.71,1269.39,793.96,2013.99,31.99,23.07,261.69
4080,986,Tarjeta,Patricia Fitzgerald,DNI,69905920,GB08GMBZ43619821100571,2024-04-03 09:57:07,Argentina,Chile,2313.44,515.14,5246.19,4455.79,33.21,2.41,224.03
4081,97,P2P,Michael Trujillo,DNI,94548962,GB96KTTR58674397575106,2024-02-28 01:19:03,Perú,Colombia,547.31,2271.71,577.44,536.98,2.11,4.87,284.75
4082,252,Exchange,Michael Wright,CC,83851243,GB35LNIR02775674978283,2024-04-09 16:01:08,Argentina,Colombia,2327.06,4210.03,5277.23,4035.08,42.66,12.66,292.1
4083,854,Exchange,Hector Johnson,RUT,92273407,GB79TLBI49575446794311,2024-02-29 19:12:47,Argentina,Chile,6935.92,1191.82,5345.06,216.5,28.19,0.72,419.5
4084,467,Remesa,Anita Carson,RUT,14372559,GB91LHUV86401601984236,2024-12-30 19:53:36,Perú,Perú,7311.51,1814.28,1171.58,920.75,38.91,4.56,30.67
4085,495,Tarjeta,Aaron Flynn,CC,26305868,GB94MVLH92423782345691,2024-04-12 17:07:15,México,Colombia,7492.02,4454.87,907.54,3971.85,13.22,7.0,435.2
4086,309,Exchange,Tabitha Mcdonald,RUT,82539817,GB96VWNS98966558006635,2025-01-14 05:44:53,Argentina,Perú,5831.7,4997.13,1858.53,3942.74,33.04,18.69,13.02
4087,888,Remesa,Bryan Price,CC,42173520,GB89EUWC16479021480903,2024-02-23 03:09:15,México,Argentina,1913.68,332.26,3192.86,4342.19,27.84,19.31,402.65
4088,260,Remesa,Madeline West,RUT,41539481,GB49BRIK38144310627339,2024-12-01 14:59:24,Colombia,Colombia,9184.88,2419.88,1350.11,1125.34,31.97,16.79,437.57
4089,405,Remesa,Sandra Thomas,CPF,53607387,GB83IUUR29829423716507,2024-05-08 04:23:33,Colombia,México,1769.49,4030.95,6663.83,1490.03,44.26,7.65,183.8
4090,255,Tarjeta,Robert Jones,RUT,92308154,GB79TWAN57962994410822,2024-06-11 20:29:00,México,Argentina,1357.44,2595.49,7051.21,4110.23,0.07,2.13,41.56
4091,845,Remesa,Julie Miller,RUT,52532620,GB75FXUJ82700272944000,2024-12-17 08:53:06,Colombia,Perú,2756.16,509.73,5920.12,4668.19,49.37,5.81,95.26
4092,805,Tarjeta,Sherry Riggs,CPF,54244337,GB59CVFC24311980101618,2024-12-10 05:24:44,Argentina,Perú,1235.64,1282.04,3028.74,3021.49,7.61,10.36,402.2
4093,108,Exchange,Patricia Russell,RUT,37038139,GB63TPGB42972241254258,2024-01-25 03:39:51,Argentina,Argentina,5491.09,2722.43,4299.47,1309.41,13.66,18.53,303.0
4094,924,Tarjeta,Edward Perkins,CC,86584461,GB32DYZE19036927924212,2024-06-18 12:01:36,Colombia,Colombia,4497.22,3231.01,5292.46,915.91,1.34,9.51,160.58
4095,320,P2P,Julie Gonzalez,DNI,17881922,GB22XAVK04169510244561,2024-05-14 22:11:14,Chile,Argentina,8512.69,415.73,755.94,4973.36,43.53,19.86,441.43
4096,916,P2P,Gary Parker,RUT,11444478,GB36SMVL54016039231909,2024-03-25 12:29:55,México,Colombia,5065.85,146.61,3802.14,220.2,48.7,12.99,33.88
4097,860,Exchange,Samantha Daniels,CPF,58302209,GB13VPKM92082749629453,2024-03-22 14:07:44,Chile,Argentina,8429.39,1642.28,3552.15,4284.88,17.34,21.02,351.84
4098,476,Tarjeta,Christine Elliott,CPF,66572426,GB86NGYR97117006061617,2024-10-21 16:53:54,Chile,México,8349.29,4914.06,8750.71,2599.52,39.48,5.77,101.55
4099,858,Exchange,Rhonda Davis,CC,42232875,GB03MAPP73007871294578,2024-12-09 13:09:33,Perú,Chile,3272.75,812.37,5417.45,3895.19,19.55,11.71,419.39
4100,895,Remesa,Lauren Harper,RUT,17664701,GB82KSQN22800067960765,2024-10-07 13:45:25,Argentina,México,6984.02,2469.05,6662.82,4327.55,40.67,9.52,286.64
4101,856,Exchange,Stephanie Blankenship,RUT,37609394,GB45VYGY22432997759838,2024-09-17 13:39:28,Colombia,Argentina,769.04,2233.68,2810.31,1768.3,22.36,10.14,204.43
4102,581,P2P,Jack Garcia,RUT,31072296,GB08SCCJ88088329897050,2024-11-22 14:06:31,Colombia,Colombia,4598.95,3780.34,7853.39,3746.6,45.15,16.41,349.99
4103,464,Remesa,Kimberly Martin,RUT,22575896,GB30NSWX64797417564527,2024-09-21 10:11:38,Chile,Argentina,6736.07,4039.05,8022.18,4920.31,44.98,3.66,371.52
4104,241,Exchange,Timothy Reed,RUT,90302859,GB35VXSO93870030397893,2024-04-08 21:21:14,Chile,Colombia,6185.79,4860.97,4697.24,4263.64,24.62,0.63,263.07
4105,329,P2P,Aaron Jenkins,RUT,60009444,GB63CNTX94275672517112,2024-12-26 07:14:55,Chile,México,3536.08,2035.59,1858.52,3940.98,20.47,13.3,236.18
4106,475,Exchange,Sandra Silva,CC,75020490,GB55BZET55126689078827,2025-01-09 18:06:47,Colombia,México,5237.08,1653.55,1940.2,2434.27,29.77,23.75,392.87
4107,120,Exchange,David Carpenter,CPF,31666820,GB32ZMHT00226081991282,2024-08-23 23:07:03,Perú,Perú,9480.33,3775.87,8547.98,3371.28,23.95,22.1,305.36
4108,953,Exchange,Anthony Hunter,DNI,75002006,GB23WJGN61191910198275,2024-12-08 00:48:10,Argentina,Colombia,7730.06,4397.26,7236.83,4334.9,16.73,23.95,441.56
4109,143,Tarjeta,Denise Brown,DNI,41017861,GB22FTCV19920371948681,2024-09-23 00:11:15,Chile,México,7725.41,722.99,4381.72,675.99,4.74,10.43,257.83
4110,977,Exchange,Austin Patterson,RUT,37610481,GB09WGLK24713314101546,2024-06-30 18:20:59,Argentina,México,3182.01,2307.52,7993.86,995.59,21.31,24.58,453.52
4111,717,P2P,Jay Nielsen,CPF,53780639,GB31KRMC97273831189843,2024-03-07 11:54:52,Argentina,Chile,4280.23,3345.06,9892.63,4061.75,25.68,7.27,281.81
4112,180,P2P,Debra Weaver,DNI,97445063,GB20PNKY36404838376838,2024-08-04 10:31:37,Perú,Colombia,5091.76,2059.8,6527.96,3005.57,38.23,5.61,227.88
4113,626,Remesa,Shaun Smith,DNI,71765479,GB56WETZ59085869303442,2024-04-10 21:52:48,Chile,Argentina,7111.21,1448.71,4067.21,1723.85,46.9,3.94,54.3
4114,674,P2P,Shannon Ingram,DNI,25629903,GB26YQHC76520397773255,2024-10-09 23:02:07,Argentina,Chile,894.25,2345.33,4138.37,1510.1,30.4,12.25,240.71
4115,312,Tarjeta,Philip Ortega,CPF,26365743,GB34LLWD29815886777762,2024-03-11 03:19:03,Perú,Colombia,2875.72,2609.33,8519.8,3949.31,49.38,20.79,346.28
4116,815,P2P,Paul Diaz,CC,46921586,GB86QNTC83976594900586,2024-10-26 22:21:05,Perú,Chile,5535.32,2490.17,7866.25,3030.75,48.36,15.84,82.97
4117,966,Remesa,Tiffany Mcmillan,DNI,46601188,GB79XJGP02162632241025,2024-08-23 03:16:08,Colombia,México,9317.73,4097.36,3243.46,3194.82,10.16,15.53,88.01
4118,45,Exchange,Mark Buckley,CC,65608498,GB24KIYP11266242322298,2024-05-27 15:26:01,Chile,Argentina,4681.92,2701.89,1712.07,738.98,22.15,17.88,259.76
4119,799,Remesa,Phillip Carter,DNI,96410571,GB51MXJQ10124925217726,2024-02-05 23:26:28,México,Argentina,4515.36,2851.64,130.28,301.39,20.58,17.6,353.45
4120,960,Tarjeta,Michael Randall,RUT,65070577,GB66ESCD37451318036416,2025-01-09 18:31:51,Perú,Chile,8088.44,4762.41,6853.94,1608.05,0.98,2.81,108.48
4121,972,P2P,Tanner Harris,CC,97535731,GB89FJCH83124435842427,2024-11-18 01:50:41,México,Chile,2620.69,2391.96,6432.97,4854.37,21.87,15.09,180.63
4122,428,Tarjeta,Dennis York,RUT,85616325,GB89MWNP80529538956821,2024-04-16 00:11:13,Chile,Perú,234.81,2301.41,6309.73,1422.45,36.11,20.91,456.05
4123,474,Tarjeta,Rebecca Keith,CPF,10508781,GB84ZCHC97925373266549,2025-01-07 08:12:40,Colombia,Chile,9072.02,2380.2,8755.99,2529.79,11.68,9.72,229.46
4124,742,Exchange,Melody Pearson,DNI,37834659,GB04SJFG94161013986418,2025-01-20 02:32:11,México,Perú,8143.96,3291.86,7796.29,4273.92,6.95,12.05,46.76
4125,835,Exchange,Michael Miller,DNI,86468490,GB35EKZY02791016164926,2024-10-09 04:31:07,Argentina,Chile,2578.43,2858.28,2823.15,2622.24,15.4,11.85,62.91
4126,280,Remesa,Christopher Thomas,CPF,97811200,GB24TXXI02352089303384,2024-11-14 07:36:13,Chile,México,112.31,529.26,329.03,730.42,17.73,6.99,178.31
4127,981,Tarjeta,Ashley Ramirez,CC,10744227,GB98BGAT13050133826315,2024-05-05 23:51:42,Perú,Chile,1297.55,1939.01,2856.75,4592.12,27.61,1.74,484.73
4128,509,Remesa,William Valdez,CPF,80885186,GB48YCXK31614144680507,2024-06-25 22:32:38,Argentina,Colombia,7745.3,3119.5,6474.1,1684.72,20.66,10.97,427.31
4129,345,Remesa,Rodney Mendoza,CPF,38699426,GB14RWPB90320439498029,2024-04-09 04:29:03,Chile,Chile,3946.17,3257.55,9210.56,1541.83,33.32,19.81,422.72
4130,19,Remesa,Margaret Wright,CC,57092872,GB83JKJL20434119577064,2024-04-03 18:17:10,Chile,Perú,5959.27,2016.23,6854.01,1505.29,10.7,20.06,347.26
4131,431,Remesa,Christine Allen MD,DNI,90995511,GB14XZLE13112928786326,2024-10-23 10:45:16,Colombia,Chile,4166.76,4007.48,6233.11,3101.0,2.89,10.78,19.99
4132,3,P2P,Shannon Lee,DNI,78097855,GB39TJES37447505125739,2024-08-10 19:03:10,Colombia,Argentina,5628.59,1079.58,3116.98,3852.02,20.33,13.92,432.44
4133,675,P2P,Holly Walker,DNI,27695732,GB75BZCQ90810144292917,2024-12-13 14:24:41,Colombia,Argentina,6854.66,399.62,9536.29,4792.03,20.74,23.92,397.35
4134,144,Exchange,Jeanette Harris,CPF,14476822,GB41LIYF27784232646620,2024-07-14 21:05:11,Argentina,México,2603.17,4335.68,5713.57,272.38,28.75,3.13,164.94
4135,493,Tarjeta,Melissa Gates,CC,12406890,GB41WUDO34354570849665,2024-09-09 01:25:19,Argentina,Perú,7145.06,351.31,1789.47,3475.68,35.5,7.1,431.49
4136,926,Remesa,Heidi Bell,RUT,75369992,GB66DDGI34323691488806,2024-08-22 23:13:53,Perú,Colombia,8242.13,2180.21,4961.33,822.03,6.83,3.43,161.98
4137,831,P2P,Brittany Rogers,CPF,20689691,GB37SDCR43042061086542,2024-11-09 22:02:27,Chile,Chile,3070.48,1791.61,319.3,3745.46,16.1,0.78,142.11
4138,105,Remesa,Andrea Watson,DNI,33933403,GB53UHJR38110353106412,2024-02-23 04:03:59,Argentina,Chile,8741.4,868.58,3669.94,1702.87,0.59,1.61,146.75
4139,395,Remesa,Christopher Lee,CPF,20872337,GB67XKBF48308950542750,2024-01-30 06:58:45,México,Argentina,7561.63,2587.09,8877.77,2383.51,11.13,24.03,187.05
4140,658,P2P,Nathan Vargas,CPF,64533690,GB33QTXP86599101248115,2024-12-06 21:54:48,Colombia,México,7856.53,4511.76,2771.75,3048.41,20.54,20.77,211.84
4141,64,Tarjeta,Paula Anderson,CPF,16949314,GB72QYZL25759803177600,2024-07-02 17:32:17,Chile,México,3652.69,3707.75,8260.41,4827.34,17.09,19.8,78.6
4142,950,Exchange,Scott Mitchell,CC,85705259,GB53OXCU72348653859153,2024-08-25 17:12:56,Perú,México,4450.18,4717.36,4543.85,3237.0,28.3,19.78,360.62
4143,774,Tarjeta,Rachel Vance,CC,40640879,GB57DGLK73237832044490,2024-06-22 21:04:01,Colombia,Argentina,2699.99,2379.27,7312.36,615.5,30.46,9.43,99.06
4144,616,P2P,Carrie Mclaughlin,RUT,77211106,GB90EUEU75854719900752,2024-10-20 23:28:23,Chile,Chile,1222.14,1944.1,452.08,3413.29,4.26,8.02,100.01
4145,991,Exchange,Kara Carpenter,CC,37686642,GB81ERKW74674823322453,2024-08-28 23:33:48,Argentina,México,4651.71,1360.92,9317.29,3666.76,20.43,11.18,134.49
4146,849,Remesa,James Allison,RUT,38677353,GB47TQMM50111140849158,2024-06-27 01:43:13,Chile,Argentina,7675.38,2936.39,2065.81,3961.55,14.59,6.39,285.37
4147,903,Remesa,Alex Benjamin,RUT,29352534,GB51PKJI88010954750423,2024-10-07 22:37:34,México,Perú,4646.1,4477.63,9730.53,501.77,1.96,12.39,148.25
4148,810,Tarjeta,James Mills,RUT,79756070,GB08YSJB84915246274406,2024-12-25 10:38:04,Argentina,Argentina,3233.66,2811.18,3898.3,1863.26,32.96,3.59,210.9
4149,303,Remesa,Kayla Jones,CC,76410731,GB14DXCI32134361268615,2024-01-24 12:06:08,Colombia,México,4425.38,3895.95,4698.01,4346.12,36.7,18.59,71.11
4150,453,P2P,Michael Miller,CC,99347972,GB87LDVK86644475811351,2024-06-05 03:00:51,México,Perú,2124.69,1231.47,9224.02,3133.54,23.08,8.22,24.62
4151,378,Remesa,Denise Dunn,CPF,29246601,GB62ODCK95561285625874,2025-01-06 09:04:28,Colombia,México,7722.73,4440.8,1022.42,750.35,29.67,5.16,363.26
4152,191,Tarjeta,Christopher Ho,DNI,60566657,GB22LMQZ93722258120736,2024-12-09 08:54:34,Perú,Argentina,181.93,1245.22,9482.27,4324.84,49.23,12.2,64.24
4153,294,Exchange,Antonio Saunders,CPF,56503528,GB55WLZA43298925535911,2025-01-16 12:00:52,México,Perú,940.08,3301.39,9801.96,2426.0,21.45,3.57,193.49
4154,992,Remesa,Kayla Ritter,DNI,12270234,GB97MJLT78586421420329,2024-07-29 06:22:55,Chile,México,2733.68,2769.37,3858.39,4065.05,5.74,18.73,450.74
4155,556,P2P,Donna Krueger,CPF,79871324,GB58QJNZ82732582415442,2024-07-15 06:42:10,Chile,México,5465.42,1588.97,6377.35,1246.72,34.17,21.28,241.01
4156,306,P2P,Amanda Johnson,CC,72969020,GB46QVZT21627199944255,2025-01-07 08:25:34,Argentina,Perú,9979.29,888.25,3220.99,2505.65,32.72,1.32,157.64
4157,401,Remesa,Mr. Harry Howe,DNI,65635041,GB45WORE23879868075700,2024-03-29 05:17:04,Chile,México,2985.71,2537.11,5627.81,149.91,35.09,0.92,357.65
4158,799,Exchange,Ralph Aguilar,CC,64697481,GB55UQMC28752135883620,2024-08-15 08:51:33,Colombia,Chile,3900.38,3545.5,1307.7,834.68,14.29,21.81,100.33
4159,153,Remesa,Alexis Hunt,RUT,79059249,GB47IXHA79398672668348,2024-09-18 13:19:12,México,Perú,2364.61,4776.34,5432.11,3071.57,28.3,23.51,198.23
4160,119,Remesa,Julia Mcpherson,CPF,87055314,GB77ISWE45123472187697,2024-07-19 09:07:09,Colombia,Chile,4418.23,4448.18,7428.85,935.25,32.47,10.11,178.13
4161,6,Tarjeta,Mario Cooley,RUT,56405381,GB92YVGH48132264930349,2024-07-22 04:39:31,México,Colombia,9615.43,1026.65,546.95,3003.29,38.45,14.78,447.83
4162,706,Tarjeta,Crystal Brown,CC,31201573,GB51KCME44326174352374,2024-03-23 04:33:13,Argentina,México,3910.98,2799.17,9527.14,4412.42,28.9,23.51,299.24
4163,85,Remesa,Mr. David Strickland,DNI,38159094,GB62OLJK69067482701331,2024-05-06 19:06:23,Argentina,Argentina,821.92,2229.43,754.0,4608.07,39.16,17.17,216.62
4164,416,Remesa,Charlotte Simpson,CPF,13281974,GB52NTSM17230637847893,2024-11-17 01:07:31,Chile,Chile,3446.58,1677.39,7474.53,293.9,8.59,0.66,449.89
4165,120,Tarjeta,Margaret Murphy,CC,33756852,GB12KWTT67909809283432,2024-02-16 10:38:48,Perú,Argentina,3960.84,584.13,4513.38,64.82,12.03,19.44,296.99
4166,78,P2P,Melissa Pearson,CC,56514084,GB83VNFW92881286698361,2024-03-22 17:04:04,Perú,México,6831.8,2855.3,390.95,150.17,30.56,3.04,60.91
4167,880,Tarjeta,Stephen Williams,CC,89370942,GB73HJNS01637397755753,2024-09-13 04:45:33,Perú,México,8212.45,1679.06,859.14,211.26,3.41,2.52,115.74
4168,234,Tarjeta,Timothy Farmer,CPF,79404648,GB65MHRK81313218299419,2025-01-18 09:32:00,Argentina,México,264.07,1604.03,802.83,4302.59,10.43,14.27,81.83
4169,55,P2P,Jeffrey Peterson,CPF,19494333,GB42OYUV66290837630260,2024-07-08 20:47:58,Colombia,Colombia,3299.63,2410.95,6028.72,4466.43,47.65,20.25,92.81
4170,114,Remesa,Terry Johnson,CPF,32165882,GB67MREV56078738348818,2024-12-10 12:07:51,Perú,Colombia,2713.65,4551.05,6433.82,3196.01,10.35,4.02,291.23
4171,406,Remesa,Ivan Simpson,CC,69883641,GB24JWOL75927016496773,2024-03-23 02:09:07,México,México,6771.35,1331.54,315.35,1388.5,14.2,21.3,297.82
4172,710,Tarjeta,Judith Rojas,DNI,13188373,GB90WMEK57661399474074,2024-11-04 06:42:42,Argentina,Perú,4594.18,2359.86,430.09,2451.29,4.28,17.53,430.98
4173,322,P2P,April Ellis,CPF,74107370,GB86FBBW69668815352005,2024-10-21 16:46:42,México,Perú,3193.39,3085.9,7462.68,2515.35,41.87,18.85,97.8
4174,622,Remesa,Sarah Shah,RUT,94554850,GB61DTMP15706399516297,2024-07-12 11:01:50,Argentina,Colombia,5178.63,1329.47,2464.16,4202.28,11.47,1.19,412.01
4175,148,Exchange,Candace Anderson,DNI,31596903,GB51QEZU50343501041928,2024-12-18 11:57:22,México,México,7211.85,4871.06,8404.45,1065.97,21.58,12.98,382.57
4176,260,Exchange,Andrea Roberts,CPF,12798908,GB94NLNV81880233431516,2024-02-29 04:26:38,Chile,Perú,4108.71,1406.28,1097.59,4872.28,9.05,17.14,340.94
4177,738,P2P,Angel Wright,DNI,57070894,GB32WWGV23177531854191,2024-02-02 12:30:34,México,México,5420.63,2645.02,3730.58,2719.08,6.97,3.03,102.29
4178,693,Tarjeta,Jennifer Clark,CPF,86093825,GB55TMDP14574954114673,2024-04-26 21:51:25,Colombia,Argentina,3624.4,456.73,1281.53,4022.2,13.27,7.32,273.0
4179,850,Exchange,Crystal Ochoa,CPF,95074301,GB29YUMA71293867779850,2024-09-26 08:57:26,Perú,Perú,9709.49,4167.65,1070.86,771.11,47.96,3.3,369.34
4180,925,Remesa,Lori Pena,DNI,65171052,GB74LDZT14421659647130,2024-10-14 07:26:51,Colombia,México,6136.28,1993.0,3916.36,3146.27,4.75,10.53,73.25
4181,539,P2P,Jeffrey Brown,DNI,32306825,GB52CIJV65619783338592,2024-06-11 22:10:41,Argentina,México,573.34,2702.52,271.59,2328.89,4.65,0.04,318.76
4182,516,Remesa,Erica Montgomery,RUT,72050095,GB24QNGU13737940699168,2024-03-21 15:34:46,México,México,1194.17,2646.17,7396.79,2989.12,36.45,11.56,396.42
4183,429,P2P,Ariana Green,CPF,22429678,GB82KUXW94494509890235,2024-05-31 09:38:37,Argentina,Argentina,2628.06,3347.14,5092.08,2115.17,13.18,0.64,459.77
4184,462,P2P,Jordan Wong MD,RUT,82035413,GB19RHRA62401896448747,2024-03-05 21:58:21,Argentina,Perú,8513.32,3616.66,7284.21,485.68,37.49,19.09,183.39
4185,517,Exchange,Angel Lee,DNI,97620273,GB15VWGA05626159768329,2024-08-12 15:48:25,Colombia,Colombia,8359.86,3856.57,2336.26,1909.05,17.37,22.2,342.14
4186,916,Exchange,Kristina Browning,RUT,28056683,GB98LUSK06991431957058,2024-07-10 08:45:42,México,Argentina,4390.23,428.29,8036.7,3065.71,32.44,14.63,382.49
4187,31,Exchange,Lisa Wells,DNI,60352319,GB52RXPU38399840375726,2024-06-11 15:03:16,Colombia,Perú,6651.55,3482.88,1995.09,4147.18,19.43,4.72,181.28
4188,355,P2P,Dennis Farley,DNI,59008631,GB11SJNF70642731282494,2024-11-07 01:53:23,Perú,México,137.8,4228.79,8303.66,3322.85,31.81,19.09,96.94
4189,389,Exchange,Lisa Taylor,CPF,97870437,GB88SXVZ07221594423726,2024-10-25 15:07:47,Perú,Argentina,6321.57,4289.53,7490.47,4556.53,26.37,8.44,355.56
4190,491,Remesa,Lawrence Lopez,CC,40995079,GB79ELIP15404374137960,2024-06-09 18:04:33,Colombia,Perú,4848.57,4751.31,6060.74,642.85,2.22,21.06,410.71
4191,758,Remesa,Lynn Green,DNI,66549449,GB72OYCN31088428334895,2024-05-02 06:55:32,Perú,Argentina,7736.23,1442.0,1843.83,911.68,10.54,14.27,53.52
4192,76,P2P,Aaron Bauer,DNI,81439648,GB15EIIM59945345867694,2024-09-11 01:01:34,Perú,Argentina,2582.51,2926.32,1596.62,1341.05,41.45,12.2,364.71
4193,481,Exchange,Suzanne Welch,DNI,98159399,GB14AEPB94498456900203,2024-10-08 13:15:34,Chile,Argentina,4045.66,2164.51,1645.95,3010.41,2.02,10.99,471.32
4194,23,Tarjeta,Samuel Long,CPF,48587907,GB96YMCD03772909023359,2024-10-31 16:51:11,Chile,Argentina,1495.63,491.15,6907.42,2105.77,4.06,7.49,19.89
4195,839,Exchange,Blake Cox,CC,15999066,GB67VLLF60859804931867,2024-05-29 21:42:33,México,Chile,1870.74,794.17,8008.94,2420.21,32.41,19.82,282.16
4196,138,Tarjeta,Donna Harvey,CPF,89535897,GB85XKDK69050529742807,2024-03-25 17:15:56,Perú,Colombia,5873.84,228.82,9058.58,759.93,35.32,1.71,241.93
4197,341,Remesa,Steven Sandoval,CC,90372962,GB83YCTL93164483523942,2024-01-23 17:07:35,Argentina,Chile,4767.53,3174.23,1712.86,1857.76,45.49,15.15,158.14
4198,983,P2P,Olivia Taylor,RUT,76927598,GB86LEUQ52094536077057,2024-09-16 07:27:59,Argentina,Argentina,2327.48,3455.35,8834.47,3273.48,7.98,18.29,416.96
4199,810,Tarjeta,Brianna Reed,RUT,91984253,GB51YJUK18909941817315,2024-12-31 01:35:24,Argentina,Argentina,3719.24,3299.53,1869.44,3443.53,2.07,1.78,254.11
4200,123,Exchange,Trevor Reed,DNI,48179568,GB78SZGA94538310065637,2024-07-03 04:12:58,México,México,2728.2,4398.82,7793.32,4900.62,9.52,22.63,194.37
4201,154,Tarjeta,Stephen Dominguez,CPF,82290870,GB49OHYA94526190070391,2024-10-21 23:22:55,Perú,Argentina,1412.14,2045.39,6486.02,3568.32,2.27,5.56,77.91
4202,901,Exchange,Kristen Holmes,RUT,93733276,GB78SFCA72924612785269,2024-02-03 13:21:47,Perú,México,5521.75,4920.18,382.17,4940.88,27.82,18.06,51.77
4203,157,Tarjeta,Phillip Leon,CPF,92448977,GB65RSPQ94888141413717,2024-05-29 06:31:08,México,Argentina,3618.51,4767.81,7442.12,1167.5,11.12,8.52,369.5
4204,615,P2P,Jason Mendoza,CPF,47436863,GB15WJJS14659820407220,2025-01-09 00:21:09,Colombia,Perú,2077.8,726.83,8288.87,3778.23,35.3,12.09,405.65
4205,592,Tarjeta,Donna Andrews,RUT,69614116,GB89XUQL40117500302598,2025-01-08 00:45:38,Perú,Perú,790.26,4416.41,946.99,3012.47,2.73,4.26,439.18
4206,395,Tarjeta,Scott Young,CC,46661392,GB52LCAR57660483597381,2024-10-06 04:08:21,México,México,9327.63,4437.72,7620.51,3726.66,10.57,11.45,127.65
4207,137,Tarjeta,Cynthia Levy,RUT,31392061,GB04KZQE54698401297213,2024-08-17 19:16:05,Colombia,Argentina,1138.06,2395.98,7217.42,1842.33,2.59,13.31,263.01
4208,837,Tarjeta,Erik Kim,DNI,11265252,GB75VBSK91031673087307,2024-03-11 10:12:50,México,Perú,3212.55,2214.06,999.82,3905.53,21.04,13.92,211.38
4209,977,P2P,Renee Powell,CC,81959765,GB20IKEQ51671272203058,2024-07-02 13:49:20,Chile,Chile,8320.24,4190.53,4879.82,3463.8,17.61,16.89,240.52
4210,846,Tarjeta,Michael Lewis,DNI,90884531,GB03NAUQ32788095954749,2024-06-21 11:37:45,Perú,Colombia,7840.19,143.7,1286.08,4128.11,14.02,2.41,217.9
4211,282,Exchange,James Wilson,RUT,84250882,GB29CEAG09430344332500,2024-04-07 15:35:36,Chile,Chile,7411.94,353.8,9235.29,267.57,41.46,18.36,113.83
4212,547,Remesa,James Woodard,RUT,23236383,GB11KJGR11032861777968,2025-01-08 13:42:18,Argentina,Chile,5962.02,2433.01,1085.64,3478.12,34.36,8.02,290.74
4213,759,P2P,Mr. Eric Phillips DVM,DNI,75191270,GB59WJQQ58790785916043,2024-07-10 20:56:05,Colombia,Perú,5130.54,508.69,3465.03,1892.2,39.63,0.53,476.35
4214,153,Remesa,Norman Barron,CPF,30606464,GB86RZOT12808291242632,2024-04-01 14:22:11,México,Argentina,9375.14,1945.49,1041.57,2104.17,10.27,3.78,76.43
4215,229,Exchange,Robert Humphrey,DNI,80843926,GB45SHWA59945284113752,2024-02-02 08:53:10,Chile,Chile,5311.54,2503.68,1649.97,356.96,47.68,16.23,268.37
4216,639,Exchange,Dr. Brooke Mack,CPF,77311706,GB10XALM90100628320758,2024-06-24 19:33:30,Colombia,Chile,6114.22,1096.28,1691.27,2276.87,37.39,13.07,227.55
4217,899,Tarjeta,Lisa Lopez,CC,19209316,GB51AOYH65876162680034,2024-12-15 18:41:04,Argentina,Argentina,687.06,3012.53,8109.51,648.52,32.27,24.43,166.44
4218,616,Tarjeta,Kristen Petty,DNI,47561971,GB54VEZM07691846481164,2024-06-06 13:22:10,Chile,Perú,127.85,2807.18,5541.76,4791.81,33.51,15.67,399.89
4219,838,Remesa,Richard Rogers,CC,91593897,GB73ABVO54507550971708,2024-03-27 15:59:22,Perú,México,7682.41,4134.45,8665.36,4889.9,32.74,23.25,164.26
4220,448,Remesa,Austin Braun,CC,44447791,GB19HDST47839994383282,2025-01-02 04:05:13,México,Argentina,7524.72,3392.02,991.07,3658.22,39.32,21.52,337.37
4221,3,Tarjeta,Martin Greene,DNI,58052578,GB55VEPU10373581214464,2024-06-04 05:04:55,Perú,México,5187.58,832.66,3811.29,838.01,27.25,17.83,398.23
4222,617,Exchange,Joseph Wallace,CC,16054441,GB45UNII78857328668628,2024-02-12 21:30:00,Chile,Perú,9402.63,3407.69,9994.17,2293.31,20.7,24.52,186.73
4223,320,Exchange,Emily Atkins,CPF,75247110,GB78OLQI49832945320309,2024-06-28 16:50:53,Argentina,Colombia,7407.31,2732.84,6903.05,350.46,13.74,16.72,485.18
4224,260,Remesa,Lisa Blair,RUT,76437650,GB21GYPU37804931404374,2024-02-23 22:43:11,Argentina,México,1148.4,4980.5,2017.02,2517.57,33.21,22.02,306.0
4225,493,P2P,Nicholas Small,CPF,69485441,GB68IILP56936265584800,2024-06-20 08:52:00,Perú,México,1849.6,1228.48,1409.4,2234.25,32.8,16.44,431.52
4226,282,Exchange,Michael Jones,RUT,76697479,GB91HMJX96424385649515,2024-02-03 08:51:20,Chile,Chile,1405.71,3728.22,5991.26,610.27,31.41,6.04,422.73
4227,170,P2P,Kathleen Washington,DNI,68692154,GB88YLEG77934577133742,2024-07-22 13:11:48,México,Argentina,2038.73,2556.26,2948.8,3788.03,10.21,13.11,305.41
4228,607,Remesa,Sean Gibson,DNI,19082449,GB58CLYT71707841789405,2024-03-09 14:49:41,Colombia,Argentina,9381.53,4087.01,2595.88,1035.98,4.81,20.48,420.49
4229,125,Exchange,Mary George,RUT,28201778,GB22JNVN07025840495601,2024-11-23 23:17:19,Colombia,Colombia,6640.85,2330.38,2041.38,529.56,46.31,2.63,223.12
4230,717,P2P,Eric Cooper,CPF,97436320,GB69DIKY01689306534148,2024-04-02 20:01:54,Chile,México,2493.01,3897.52,8624.15,343.8,28.02,3.68,437.71
4231,283,P2P,Tonya Brown,CC,91093496,GB04VVEW90078006408951,2024-10-20 06:36:21,Chile,Argentina,7944.64,4473.2,6141.74,1572.02,14.71,8.47,231.16
4232,22,Remesa,Robert Simmons,CPF,38081988,GB75XQFH33410531807945,2024-03-17 15:05:04,Perú,Argentina,5431.52,4645.82,2888.52,1464.74,33.96,8.05,172.18
4233,164,Exchange,Jeffery Flores,CC,63920125,GB20MPFY87725946225979,2024-09-07 00:21:26,México,Perú,6184.35,2783.11,2710.82,4843.39,16.09,23.01,316.27
4234,393,Remesa,Chloe Roberts,CC,39243321,GB85GAEO45331640623218,2024-10-02 02:56:22,Colombia,Argentina,3738.22,4909.7,5679.05,4204.8,25.77,13.8,55.99
4235,875,Remesa,Jason Dean,RUT,53819166,GB82QBEW15625295845851,2024-02-21 11:30:12,México,Colombia,6622.02,1917.26,3464.88,1087.46,34.34,15.5,260.76
4236,113,Tarjeta,Gregory Mendoza,CC,97482402,GB67XMIR76908841888529,2024-04-10 10:08:27,México,Colombia,6725.2,4405.14,8096.39,4393.3,21.39,18.18,108.7
4237,114,Remesa,Laura Hoffman,RUT,55353086,GB91SJZS10436713782677,2024-12-06 00:31:31,Colombia,Chile,7238.04,2563.9,8797.04,3458.95,48.42,7.55,486.32
4238,31,Tarjeta,Jordan Mueller,RUT,63911796,GB16DMZS96204838590001,2024-10-29 06:32:56,Argentina,Colombia,8191.5,3240.72,3627.83,4237.25,29.07,11.36,214.58
4239,605,Remesa,Amy Clark,CPF,61390078,GB27YQAH62492841912741,2025-01-15 02:19:35,Chile,Argentina,277.86,2427.33,7836.23,4432.45,32.02,0.26,351.72
4240,701,Tarjeta,Sheila Anderson,CPF,17173624,GB93NVDO69485100402793,2024-05-04 11:38:03,Colombia,México,3839.15,3983.28,3402.02,2928.39,25.27,8.49,94.28
4241,666,P2P,Tara Brady,DNI,39443719,GB97YFRS45679037228526,2024-12-13 14:57:13,Argentina,Perú,6270.87,1678.71,2840.62,2667.1,24.94,21.76,119.21
4242,18,Remesa,Tamara Villanueva,CC,78393441,GB38CRAP99592057678906,2024-04-28 03:47:05,Chile,Argentina,1634.73,2327.76,4292.59,757.8,26.33,7.51,272.31
4243,1000,Tarjeta,Joshua Jacobs,CPF,18297070,GB51SVIF82292687362568,2025-01-14 13:28:01,Perú,México,2183.53,3089.32,176.68,3033.02,8.49,5.04,402.34
4244,801,P2P,Melissa Lester,CPF,85783050,GB39SDUA19764240405370,2024-04-02 03:40:47,México,Perú,6801.82,3527.42,8079.62,4294.62,48.76,3.45,161.17
4245,890,Exchange,Gabriel Preston,CC,84289403,GB57SSFR46768688603946,2024-05-22 12:02:26,Colombia,Chile,345.55,1078.32,7997.68,1449.27,22.89,13.07,257.87
4246,873,Tarjeta,Brett Thompson,CPF,47497213,GB14WYFA62808156150526,2024-02-18 04:12:30,Chile,México,3980.9,1013.1,803.25,2571.65,11.39,4.67,120.76
4247,211,Exchange,Jennifer Obrien,CC,41715026,GB05AXOC90604208181944,2024-07-02 13:31:08,Perú,Chile,888.45,1660.01,6246.78,4995.36,20.02,15.63,261.97
4248,114,Exchange,Lisa Church,RUT,27902079,GB52XRTL84858079163740,2024-05-26 01:13:55,Perú,Chile,8131.95,1482.08,9728.38,4320.0,47.38,19.38,335.11
4249,999,Remesa,Daniel Abbott,CC,37946887,GB30KJAH21427815591143,2024-03-12 03:51:33,Perú,México,1990.26,3071.08,9873.16,4689.36,43.96,7.43,363.28
4250,501,Exchange,Mary Smith,DNI,42529061,GB47DXKE67130081485822,2024-04-02 19:43:21,México,México,3394.42,4994.64,2882.09,1806.82,43.94,14.58,279.46
4251,468,Exchange,Brianna Jones,CPF,77354264,GB76ENNB51739585439481,2024-03-08 18:58:15,Chile,Chile,2243.54,3959.92,6320.16,1010.71,38.8,5.62,182.64
4252,212,Exchange,Beth Newton,CC,96206045,GB91NIVV40714631181327,2024-02-12 14:29:05,Chile,Argentina,9237.13,3067.33,3946.65,2515.45,38.33,12.37,246.34
4253,715,P2P,Linda George,RUT,81864454,GB03YXDE50856046736748,2024-08-05 04:14:10,Perú,Argentina,2152.75,3198.19,7844.93,4829.55,48.39,0.35,193.86
4254,432,Exchange,Paul Harris,CPF,51265997,GB47VIPX16074852469715,2024-02-28 18:15:31,Colombia,Colombia,6442.42,2510.12,9593.93,714.8,21.1,18.25,89.95
4255,714,Remesa,Michael Cervantes,DNI,70297023,GB02FJTN38171668953964,2024-04-11 09:51:49,Argentina,Perú,6531.46,2519.02,6260.72,1382.38,46.92,0.53,59.59
4256,450,Tarjeta,Julie Vazquez,CC,44994327,GB21TWHX72425825096868,2024-07-27 08:22:02,Chile,Colombia,6973.87,2271.56,563.56,1469.4,46.81,20.36,138.6
4257,34,Tarjeta,Kimberly Stewart,RUT,65428339,GB94FHSJ02457855878289,2024-04-16 10:08:12,Chile,Argentina,7690.91,482.86,5237.07,493.67,17.44,4.57,362.45
4258,99,Tarjeta,Kristi Howard,RUT,50484930,GB48SQWB30216684060574,2025-01-14 17:58:40,Chile,Perú,4797.44,623.05,7978.26,1177.69,40.32,7.33,76.04
4259,150,Exchange,Daniel Garrett,CC,11483348,GB52INZS72977904277243,2024-07-18 20:34:51,México,Perú,8019.36,4295.35,2511.45,2966.12,39.61,15.56,132.29
4260,97,Tarjeta,Mrs. Alexandra Tran DDS,RUT,98882411,GB35LPEL98218763142238,2024-05-18 04:25:20,Argentina,Chile,4796.08,1238.38,9666.49,622.29,20.11,10.6,407.37
4261,404,Exchange,Bradley Wilcox,RUT,33714293,GB63GCUI81042569243444,2024-06-30 23:18:33,México,Argentina,8497.68,3332.35,5121.56,1363.73,4.12,5.77,130.57
4262,678,P2P,Tonya Snyder,CPF,47565739,GB98PKXQ81440549239483,2025-01-19 17:14:32,Colombia,Perú,2245.99,4266.09,1532.75,2599.43,0.55,12.8,128.91
4263,761,P2P,Andrew Ramirez,RUT,19859346,GB02WWPH98848469405553,2024-12-08 09:18:52,Perú,México,2377.96,3581.98,5888.98,249.33,42.07,23.58,432.58
4264,273,Exchange,Edward Moore,DNI,31110733,GB18XJXM94766795211303,2024-12-20 13:33:59,Perú,Chile,6004.46,1618.01,5829.32,3140.05,0.06,9.36,92.18
4265,384,Tarjeta,Tina Sanchez,CPF,78265117,GB42LLPN09469152467791,2024-10-23 07:17:33,México,Chile,664.99,4199.39,7802.02,1686.99,18.16,7.07,445.69
4266,460,Tarjeta,Cody Rogers,RUT,11702429,GB31JKRK75950840447295,2024-09-09 00:01:57,Argentina,Argentina,1681.85,4691.33,6899.79,3170.21,9.76,5.02,365.5
4267,722,Tarjeta,Francisco Martin,DNI,99038714,GB96IHMB17143853888034,2025-01-05 12:41:43,Argentina,México,4214.85,3881.78,786.38,515.13,34.63,19.17,22.82
4268,600,Remesa,Melvin Robles,DNI,97784565,GB51KYBU20368236639057,2024-11-22 15:05:53,Colombia,México,2293.35,3271.72,5841.08,4899.41,23.67,21.9,77.34
4269,746,P2P,Brenda Johnson,CPF,95283525,GB51IPWT06225119849333,2024-02-11 19:10:36,Chile,Chile,7211.83,775.88,7399.5,3198.9,27.92,7.23,412.37
4270,957,Exchange,Makayla Ross,DNI,79342739,GB81FRZJ82121105804575,2024-12-01 08:17:31,Colombia,Chile,7603.06,3037.33,2563.26,1902.29,30.72,2.27,63.22
4271,481,Tarjeta,Evelyn Smith,CC,29528167,GB77EWND52572677026831,2024-10-02 02:29:33,Perú,Perú,4815.71,1555.75,8828.64,4304.39,7.56,15.29,52.15
4272,389,Exchange,Sean Torres,RUT,82837964,GB57NGOS85324017797148,2024-07-29 15:12:23,Colombia,Colombia,1820.55,1913.67,9715.86,1241.35,41.5,7.18,381.04
4273,136,Remesa,Thomas Oliver,CPF,82294896,GB49LHXF59260982150997,2024-10-02 14:51:16,Chile,Colombia,8335.19,862.65,8105.76,298.31,38.1,6.03,36.12
4274,762,P2P,Michael Wood,RUT,39557576,GB07BAZA48879022771226,2024-02-12 22:35:53,Chile,México,5891.77,3467.41,4598.76,3965.46,2.23,20.67,287.7
4275,762,Tarjeta,John Green,DNI,89886453,GB46NWDV11523943677100,2024-10-03 22:21:22,Colombia,Argentina,1606.43,2788.16,7967.74,4566.15,24.04,9.25,70.02
4276,819,Remesa,Christian Harris,CPF,20706124,GB20LGXX89155531111163,2024-01-26 09:59:08,Colombia,Chile,2962.17,2015.65,7137.77,350.28,20.0,23.05,140.01
4277,11,Tarjeta,Yvonne White,RUT,72671767,GB50IPPG48265625435555,2024-04-30 19:33:11,Argentina,Argentina,2110.77,2409.83,8756.12,2979.52,28.65,11.72,302.89
4278,755,Remesa,Melissa Silva,CC,66190458,GB48BUID31148962842871,2024-01-27 19:20:21,Chile,Colombia,6901.48,2761.56,967.32,4790.33,48.21,1.52,107.93
4279,948,Tarjeta,James Richards,CPF,23678150,GB64DFYX19236564776451,2025-01-04 12:31:27,Perú,Colombia,9603.91,1772.56,8280.09,4197.36,21.44,24.07,335.16
4280,376,Exchange,Thomas Williams,CPF,24681028,GB52XWEJ99493069180141,2024-01-25 10:18:57,Argentina,Chile,7828.56,3787.83,1642.72,4231.26,44.54,11.9,322.83
4281,770,Remesa,Leslie Fuller,CC,40185950,GB70XGVH82897242081838,2024-07-29 15:07:55,Chile,México,2198.26,782.68,8257.62,4010.22,34.72,24.01,432.73
4282,950,Tarjeta,Kayla Cantrell,RUT,77301647,GB72DTMV77053117353153,2024-11-14 21:52:54,Argentina,Argentina,1162.2,3163.7,1334.67,1524.58,22.98,5.29,26.44
4283,287,Tarjeta,Lisa Miller,DNI,25805106,GB21LRDU80036374084895,2024-10-28 20:11:53,Perú,Colombia,3476.52,911.6,714.15,1295.14,8.64,15.97,349.16
4284,641,P2P,Wendy Roberts,RUT,67758528,GB79AKZN71422614658091,2024-04-10 16:15:22,México,Argentina,8525.19,1332.27,6371.27,2412.96,17.47,21.98,38.76
4285,560,Exchange,Tommy Jackson,DNI,39758480,GB96GJLJ69049163906866,2024-04-04 12:50:50,Chile,Colombia,808.98,1591.43,2314.34,4849.28,31.02,6.3,497.09
4286,57,Exchange,Brenda Hines,CC,58521892,GB57JYGA71998217410190,2024-11-03 15:55:24,Argentina,Colombia,3357.5,2620.73,7836.31,1459.6,21.71,14.28,438.04
4287,767,P2P,Shannon Cardenas,CC,33103504,GB33KYOS41614053316339,2024-06-04 05:54:53,Chile,Chile,6246.07,3828.76,3304.56,2336.31,0.56,11.39,403.57
4288,869,P2P,Andrea Torres,RUT,19482820,GB62XRTR37376747675716,2024-02-09 16:51:34,México,Chile,5581.27,4686.56,9445.07,2993.81,23.77,5.17,371.06
4289,393,P2P,Madeline Ramos,CPF,82750624,GB09DXLV78113896925771,2024-12-01 04:12:43,Argentina,Chile,5485.36,3291.44,9543.54,2677.58,29.48,15.24,202.49
4290,664,Tarjeta,Brian Lee,CC,56373384,GB62KCEP84464214286408,2024-10-23 21:36:04,Colombia,Argentina,1215.86,1918.3,8155.14,1095.67,12.14,19.41,98.57
4291,893,Remesa,William Patton,DNI,48492796,GB80TCFV77446792679743,2024-07-23 01:41:06,Argentina,Colombia,451.62,424.61,6370.68,3115.61,33.12,15.71,482.68
4292,588,Tarjeta,Rodney Martinez,CC,75076984,GB73KXVA89792233736991,2024-10-01 02:35:14,Perú,Chile,414.26,3326.23,7054.73,3025.16,48.98,18.04,28.87
4293,565,Tarjeta,David Wagner,DNI,13965781,GB39QGNQ69459285747110,2024-05-26 09:25:26,Perú,México,5662.66,2539.94,3006.18,545.2,12.7,8.77,473.78
4294,15,Remesa,Tanya Henry,CPF,15683865,GB68WKYQ61605547455957,2024-04-28 03:12:08,Colombia,Argentina,6284.48,1622.37,2553.07,1726.02,3.96,0.08,129.95
4295,135,Tarjeta,Mary Price,CPF,54291962,GB04QNJM63827993448141,2024-06-09 13:54:17,Perú,Perú,3470.09,4339.25,6903.16,3594.27,41.47,3.85,450.25
4296,179,Tarjeta,David Swanson,CPF,82506983,GB33TZWP13708440378962,2024-11-08 13:48:54,Chile,Colombia,2822.03,3405.55,3708.25,3267.01,27.28,7.51,107.62
4297,710,Exchange,Sandra Mcconnell,CPF,79274209,GB91AUCI16949566310833,2024-10-22 05:43:00,Chile,México,8854.4,596.76,6458.4,2102.49,22.69,13.33,277.05
4298,899,Remesa,Alyssa Watson,DNI,49155587,GB54HAJO14632323502309,2024-05-28 06:57:35,Colombia,Colombia,3227.84,1008.44,1488.41,1487.22,11.75,8.79,142.72
4299,655,P2P,Judy Franklin DDS,RUT,60395728,GB93ZYIP59496757445948,2024-07-15 11:18:27,Chile,Argentina,5961.81,3678.79,6432.25,4636.22,7.51,24.89,350.43
4300,349,P2P,John Lopez,CC,18118042,GB90PXMA04872087497231,2024-07-11 03:51:05,México,Perú,9178.74,2369.92,7217.04,2187.16,12.43,0.87,73.17
4301,324,Tarjeta,Kyle Page,RUT,88392783,GB84LIJO77502929412438,2024-12-01 02:50:52,Perú,Perú,1628.53,4553.34,5288.75,1467.32,8.69,10.07,141.97
4302,375,Remesa,Katrina Johnson,CPF,50174068,GB57MKFJ97815021975662,2025-01-06 11:28:02,Perú,Argentina,163.03,1719.35,3580.88,2401.83,28.78,24.61,492.76
4303,407,Tarjeta,Robert Sampson,CPF,81562424,GB34OLNE50099106193939,2025-01-17 17:53:05,Chile,Perú,1135.75,629.72,4386.47,3867.55,12.48,19.39,296.46
4304,459,P2P,Stephen Walker,RUT,74765738,GB29VXBI55835339231548,2024-10-05 13:05:38,Argentina,Argentina,9893.76,3346.77,9538.62,1254.96,26.24,12.98,216.12
4305,158,Remesa,Hannah Warren,DNI,34080838,GB30LQEP47219237222862,2024-12-19 21:01:20,Chile,Colombia,8969.34,4941.9,5967.48,2445.08,17.03,11.48,349.69
4306,697,Remesa,Jamie Clements,CPF,24725853,GB71IEUB20533157804591,2024-03-14 15:07:19,Argentina,Chile,8600.75,3311.74,3871.92,4794.94,47.25,10.01,480.56
4307,587,Tarjeta,Julia Jackson,CC,53440086,GB96WVCU06726206273446,2024-10-22 19:50:04,México,Colombia,5103.81,2782.15,5032.38,904.59,6.31,14.72,260.2
4308,345,P2P,Sherry Mckee,CC,19931057,GB49DWEB98219791235680,2024-12-20 12:10:24,Perú,Perú,7941.51,4836.28,7293.96,4990.55,5.38,10.54,13.18
4309,494,P2P,Jamie Chase,CPF,21253554,GB08OEDM30333302964701,2024-07-24 10:55:14,Argentina,Chile,545.17,444.0,4050.22,1885.79,17.2,21.31,166.27
4310,967,Remesa,Ryan Collins,DNI,80631366,GB78NKAX63088174174312,2024-11-25 11:57:02,México,Colombia,9777.85,812.03,9772.62,2894.75,0.0,14.93,425.05
4311,489,P2P,John Pena,CC,23068120,GB59GLZZ66666071151355,2024-05-27 00:23:57,Perú,Argentina,9243.8,4138.23,9911.71,2441.97,0.59,8.79,326.16
4312,837,Tarjeta,Kayla Avila,CPF,82709490,GB59PSMG69514787634311,2024-09-18 21:34:37,Perú,Argentina,8441.7,1251.74,9564.72,3741.0,8.12,21.18,125.77
4313,863,P2P,Elizabeth Ortega,RUT,80276455,GB47DIYW32094617322517,2025-01-06 02:20:55,Chile,México,4376.94,4903.15,1052.22,2660.83,6.46,19.01,398.3
4314,266,P2P,Jeffery Barron,CPF,22406248,GB04HRLG65742686234190,2024-11-19 20:12:05,México,Colombia,3592.81,1561.97,146.05,1800.27,0.24,13.85,396.91
4315,953,P2P,Deborah Johnson,CC,95856742,GB05WUSH11199260191170,2024-11-17 08:11:54,Perú,Perú,7903.52,1174.23,4476.71,3332.79,23.22,12.54,341.18
4316,827,Remesa,Sarah Wilson,DNI,26072799,GB62XQXG43972532805814,2024-07-18 19:54:20,Perú,Colombia,3485.22,1340.95,8408.38,4766.99,47.94,8.87,175.62
4317,559,Exchange,Randall Mason,RUT,20377164,GB93EHOT18559805271937,2024-10-17 08:53:48,Argentina,Argentina,2115.26,2812.79,5062.54,3230.02,36.37,0.39,93.71
4318,638,P2P,Rebecca Schultz,RUT,85259149,GB80SLAW11010043632647,2024-02-24 05:16:41,Colombia,Colombia,9561.83,2219.47,7278.23,3814.59,48.81,6.26,457.76
4319,12,P2P,Mrs. Kathryn Cox MD,CPF,75197923,GB80GCCU98555355357204,2024-10-22 17:53:42,México,Colombia,7991.19,552.41,5570.28,1410.02,12.25,16.09,428.57
4320,351,Exchange,Alexander Simpson,RUT,57425026,GB60LKYB12189961405497,2024-06-11 06:33:59,Perú,Chile,8627.15,3013.23,4527.36,3328.94,11.35,4.32,281.44
4321,759,Remesa,Tracy Howard,RUT,31992606,GB05POPD18087217841991,2024-06-22 13:57:54,Argentina,Chile,4176.22,2087.27,1871.71,1522.44,5.08,0.73,110.91
4322,994,Remesa,Amy Jennings,DNI,63262830,GB32XBUZ39807004705878,2024-05-07 04:05:13,Colombia,Chile,1808.43,1724.24,892.98,4673.66,15.73,15.57,253.4
4323,974,Remesa,Andrew Carter,RUT,89785788,GB62WJFD10830987255383,2024-04-30 05:02:11,Colombia,Perú,1255.59,2269.63,3818.64,4980.23,48.68,4.69,280.41
4324,270,Remesa,Cindy Smith,RUT,11912645,GB27LJFB23836062060174,2024-12-24 21:00:36,Chile,Chile,4306.19,1392.93,4122.0,2729.46,41.52,4.02,48.83
4325,976,Tarjeta,Diane Wright,CPF,73305915,GB38BNJT20512453721200,2024-05-27 01:52:31,Argentina,Perú,316.79,3489.83,7551.86,3336.92,46.71,14.96,136.69
4326,485,Tarjeta,Stephen Medina,DNI,40723359,GB61XXPD19597902796923,2024-07-28 16:48:48,Chile,Colombia,1013.95,1764.98,7673.9,1659.53,3.06,10.96,25.9
4327,895,Exchange,Anthony Romero,CPF,53979149,GB08QUNZ31925558699216,2025-01-05 08:36:53,Colombia,Colombia,4068.28,270.36,7080.38,3686.13,15.25,5.83,253.12
4328,682,Tarjeta,Lauren Williams,DNI,50880240,GB02CZIH96480503712299,2024-08-07 11:04:00,Chile,Argentina,982.54,3668.92,5448.84,2862.22,28.31,2.87,16.31
4329,788,Tarjeta,Jason Chang,DNI,44875109,GB21RYVB38455799157492,2024-06-20 09:39:51,Argentina,Chile,2299.47,2538.26,9139.65,3159.38,2.05,17.34,293.6
4330,278,Remesa,Lindsay Odonnell,CC,48628757,GB61BOCI96956379002148,2024-09-13 01:31:03,Colombia,México,3141.72,2383.91,7441.42,4617.8,8.49,23.11,386.08
4331,602,Exchange,Christina Klein,CC,11045481,GB75XIDX90320591821461,2024-02-20 17:18:44,México,Colombia,7048.78,992.28,9879.33,2813.45,27.07,6.05,224.2
4332,358,Tarjeta,Noah West,DNI,60149793,GB30WLYJ78509873924186,2024-02-01 18:02:54,Chile,Argentina,887.83,2599.51,2512.52,1160.01,44.94,13.45,267.55
4333,474,Tarjeta,Tanner Hooper,CC,57462069,GB25OQGO17622667628657,2024-07-27 21:56:24,México,Colombia,2629.15,1646.18,8362.86,894.11,34.26,3.98,126.6
4334,154,Exchange,Andrew Le,RUT,40958042,GB08UQLC11925825908396,2024-07-12 06:01:04,Perú,México,3142.44,2959.15,9643.49,1514.85,46.62,4.32,59.25
4335,117,Remesa,Jorge Fisher,CC,81804631,GB33MRFB72736964288174,2025-01-19 20:08:50,México,Colombia,5003.0,1330.25,2114.06,1892.39,2.65,6.62,438.18
4336,371,Remesa,Brittany Williams,CC,15142619,GB80QIIG61233649152814,2024-03-15 16:07:17,Chile,México,2757.51,3492.52,2400.78,1421.4,30.66,0.69,125.84
4337,804,Exchange,Erin Garner,CC,63466109,GB66GHCS69231250220128,2024-09-05 08:00:02,Perú,Perú,9419.07,2829.43,5231.66,2818.04,0.63,13.99,324.2
4338,839,Tarjeta,David Madden,RUT,46212757,GB46UCSK62729046393927,2024-11-20 22:57:00,Argentina,Chile,825.67,1186.58,1899.44,1495.16,32.18,22.1,101.88
4339,445,Tarjeta,Melissa Anderson,CPF,20108627,GB87ZTPL96419916871591,2024-12-22 12:10:00,Perú,Perú,3778.05,3738.79,631.59,1742.99,23.17,9.33,337.85
4340,604,Tarjeta,Charles Davis,CPF,67377520,GB47KRUX83348959025500,2024-12-31 21:22:01,Argentina,México,3202.33,4839.36,3265.98,546.66,23.66,5.18,397.47
4341,664,P2P,Emma Marshall,CC,55987991,GB76DWNF76743181888443,2024-06-17 04:07:43,Argentina,Argentina,6190.51,4716.03,2299.39,3171.61,35.54,17.43,498.35
4342,302,Tarjeta,Eric Lawrence,CC,76321914,GB49ASKA48183504651317,2024-09-30 18:51:33,Chile,Chile,3898.05,2231.83,275.08,3527.41,28.3,10.63,180.43
4343,668,Remesa,Matthew Oneal,RUT,89875341,GB38YCBD64648672903010,2024-12-10 13:43:54,Colombia,Perú,2842.87,4283.42,6860.35,2273.3,33.22,4.4,454.95
4344,287,Remesa,Pamela Norman,CPF,42888490,GB62ALLC59015860360065,2024-04-25 12:26:20,México,Chile,2872.91,2924.29,3204.1,2875.82,32.1,4.22,124.17
4345,64,Remesa,Cole Anderson,CPF,57989009,GB27FJWX27971228128660,2024-10-13 19:10:20,Perú,Colombia,1192.0,2073.67,1233.3,4578.38,41.3,12.34,312.84
4346,396,Remesa,Paul Rubio,RUT,59976349,GB58RYSG87715185433150,2024-11-30 19:59:55,Colombia,Argentina,8773.14,1783.57,6963.64,622.71,29.61,1.99,251.12
4347,203,Tarjeta,Kristina Watson,CPF,58141904,GB20OQJB99854506171529,2024-07-12 18:11:06,Chile,Argentina,4900.93,1377.44,4753.52,804.54,34.96,24.5,392.71
4348,35,Exchange,Christopher Ramirez,RUT,28165973,GB42QBVN82329756761788,2024-07-30 01:03:17,Perú,Argentina,3158.77,1692.41,3846.33,4549.52,28.57,24.93,318.78
4349,377,Exchange,Jennifer Jackson,DNI,43234200,GB57OGDJ28769858901569,2024-08-11 18:34:00,Chile,México,3024.42,995.12,5445.34,467.04,45.62,23.76,88.42
4350,88,Tarjeta,Charles Rodriguez,RUT,13373091,GB94NZTX25692596645008,2024-10-03 15:12:50,México,México,4104.92,4392.59,5441.42,4441.03,44.01,16.23,57.61
4351,539,Remesa,Dr. Alyssa Mccann,CC,47261498,GB79CSDE20137347083622,2024-07-09 11:40:30,Chile,México,1182.52,4129.57,643.01,2504.1,10.79,24.42,257.65
4352,606,P2P,Michael Perez,DNI,53088646,GB02AWED15922345187801,2024-11-03 13:34:18,México,Perú,298.58,2922.21,1770.76,2197.95,23.52,21.55,246.35
4353,756,Exchange,Jaime Parks,RUT,64176453,GB15AAZH04833629253856,2024-03-22 17:27:46,México,Perú,3493.9,4037.4,671.6,2463.97,15.85,12.2,120.76
4354,736,Tarjeta,Donald Hudson,RUT,12457531,GB57QSTI59818135841516,2024-07-12 21:29:32,México,Colombia,4141.04,629.87,6021.93,2738.46,3.52,5.25,315.99
4355,370,Tarjeta,Ashley Espinoza,RUT,21589491,GB24KZTC07640134738402,2024-03-26 00:18:10,Argentina,Colombia,8251.27,2850.93,6049.63,4369.93,20.47,9.8,485.03
4356,579,Remesa,Richard Sullivan,RUT,59836239,GB73HLAW10684693890368,2024-03-25 09:24:55,México,Perú,563.72,1262.61,3024.05,1334.5,23.35,15.69,431.68
4357,135,Remesa,James Smith,CC,16488572,GB08DGFD07066032669014,2024-05-30 17:57:13,Colombia,Colombia,4090.5,4547.22,8988.34,1950.91,5.64,2.74,301.24
4358,628,P2P,David Arnold,CC,31677398,GB16SKJZ61103975113853,2024-04-30 11:40:44,Argentina,Perú,4438.4,1062.99,2190.69,1672.79,42.79,15.65,13.53
4359,951,P2P,Michael Cole,DNI,53089342,GB47QMTB95729643057118,2024-05-23 08:56:49,Perú,Argentina,5382.25,3241.66,5178.54,1687.44,24.93,10.73,201.16
4360,651,P2P,Sherri Garrett,CC,78926205,GB97YPPA19665216786414,2024-02-13 23:59:23,Colombia,Colombia,5087.24,2980.45,1413.43,1345.34,0.92,4.73,354.58
4361,815,Exchange,Jennifer Kemp,CPF,79940645,GB95VTNV91612686668113,2024-11-04 23:19:05,Colombia,Argentina,7728.49,3200.95,2643.4,3969.1,12.29,7.59,15.87
4362,499,Tarjeta,Jeffrey Brown,CPF,28154038,GB19RJDF35179154917611,2024-12-27 21:45:34,Chile,Chile,6589.13,1348.06,8091.95,3499.3,34.3,1.02,458.62
4363,316,Remesa,Bradley Ross,DNI,85143574,GB94XSKW58744452952017,2024-11-17 11:31:30,México,Chile,7908.97,3444.04,210.4,1188.71,47.05,2.07,291.77
4364,625,Remesa,Kimberly Anderson,RUT,76854320,GB47PFHU93228532878029,2024-03-14 07:49:59,Argentina,Perú,5491.35,4506.88,9295.23,4820.43,12.34,12.89,398.5
4365,763,Exchange,John Garza,DNI,35740371,GB58NQGC23459210457591,2024-02-04 15:24:15,Colombia,México,658.26,2028.28,2831.18,3422.45,32.79,3.9,196.12
4366,411,P2P,Michael Jackson,DNI,58436264,GB71FENT63689551055594,2024-12-13 11:40:21,Chile,Colombia,4540.0,3777.28,7898.29,2361.33,28.93,7.48,173.73
4367,949,Tarjeta,Holly Murphy,DNI,24902759,GB33OKWC48248095821268,2024-06-30 16:49:03,Colombia,México,5314.3,3356.31,8315.71,724.23,21.28,7.71,264.97
4368,209,Remesa,Robert Vasquez,RUT,26070715,GB15VXSF44705943130327,2024-04-26 20:20:55,Chile,México,4179.7,4263.42,9970.47,2478.88,4.37,5.39,436.02
4369,885,Remesa,Matthew Evans,DNI,73816116,GB04RTPK07331994127599,2024-06-30 10:19:06,México,México,349.02,3823.46,2729.12,1024.45,17.74,18.1,350.18
4370,429,Tarjeta,Mark Bradley,DNI,78049751,GB93YPOR12022185033860,2025-01-02 13:28:24,Chile,Chile,6319.59,3759.88,6361.7,3757.45,9.33,15.21,452.52
4371,486,P2P,Christopher Fleming,RUT,39626099,GB90VIKI85138765347362,2024-02-23 05:23:40,Argentina,Perú,2359.11,2190.73,7456.97,1013.22,49.05,21.98,369.43
4372,680,P2P,Tracy Graham,CC,89717567,GB98WMGG28706971550644,2025-01-16 18:57:24,Colombia,Perú,7351.21,1618.07,5418.45,3946.51,34.91,20.02,65.91
4373,646,Tarjeta,John Garcia,CPF,67036670,GB41GAKJ23385839434658,2024-02-09 18:03:03,Colombia,Perú,4187.86,1608.94,1967.25,1576.06,8.27,6.19,471.74
4374,44,P2P,Theresa Rivera,RUT,47469022,GB78CIPK09209741983508,2024-03-28 03:53:26,Perú,México,8060.28,839.94,7779.59,2847.6,39.08,14.84,307.12
4375,3,Remesa,Angela Perez,DNI,99688501,GB67ZKKW64773815349603,2024-11-04 14:09:09,Perú,México,3245.55,2825.59,9463.98,2585.71,6.58,9.37,45.08
4376,88,Remesa,Michael Patterson,RUT,85289305,GB71MOBB47147920150807,2024-09-13 00:08:29,Chile,Argentina,3288.4,3797.58,5068.75,1958.48,13.11,17.97,439.41
4377,10,Tarjeta,Kristine Trujillo,DNI,77566881,GB23VGFJ10496491796022,2024-12-21 20:26:52,Colombia,México,3139.93,763.09,4823.42,3318.95,47.38,8.87,440.18
4378,735,Exchange,Jack Martinez,CC,70033251,GB98XSQL90926747159142,2024-06-26 20:19:09,México,Argentina,5704.12,775.71,304.55,1135.84,14.56,4.65,450.9
4379,992,Exchange,Alan Boyer,RUT,21030576,GB16HUAA92077746168114,2024-04-21 12:53:51,México,México,9426.31,2055.17,6080.69,1221.78,13.36,0.27,245.9
4380,729,Tarjeta,William Lawrence,DNI,15677710,GB19RZSJ44519619207988,2024-08-19 18:29:12,Colombia,México,9668.28,3245.4,2834.52,4457.18,10.49,21.77,493.26
4381,706,P2P,Danny Williams,DNI,62238858,GB35BOLC76088498897437,2024-06-15 11:44:20,Argentina,México,3719.51,4069.81,9488.39,1308.2,35.01,1.03,28.51
4382,10,Exchange,John Maldonado,DNI,83992051,GB20PIPK07344778266134,2024-02-19 16:30:20,Colombia,México,8584.54,2544.11,4365.23,822.34,19.3,7.42,287.18
4383,536,Tarjeta,Sandra Lopez,RUT,13459416,GB46PLMK24061759689933,2024-12-07 14:41:18,Chile,Argentina,4024.94,2316.55,7109.18,1554.37,30.79,24.74,499.93
4384,789,Exchange,Amanda Wilson,DNI,14143077,GB75VBAC25647228106304,2024-03-20 15:59:34,Colombia,México,7739.06,1879.77,274.54,2841.22,19.8,16.28,31.39
4385,360,Exchange,Melissa Rivera,DNI,45939410,GB79QDKM15906165752541,2024-10-03 11:19:26,Perú,Argentina,5328.63,1888.24,7563.55,2779.69,49.27,20.67,495.32
4386,604,Tarjeta,Danielle Wheeler,CC,11626976,GB31ZJMO39262548761660,2024-03-09 05:07:19,Chile,Argentina,9011.43,4290.37,9541.42,1594.97,38.8,9.09,369.87
4387,294,Remesa,Brenda Hurley,CC,94334082,GB73FTQT46973775030841,2024-12-24 07:10:08,Colombia,México,3603.0,3976.79,8448.19,2021.5,2.26,15.2,265.16
4388,722,Remesa,Charles Jackson,DNI,37454984,GB71TXTG55949224761784,2024-06-17 12:32:26,Colombia,Perú,4895.81,615.02,7653.46,4474.09,30.14,6.4,202.24
4389,325,Exchange,Lisa King,RUT,67613615,GB51HBYQ11015615572682,2024-09-20 01:03:07,Perú,Perú,2198.78,2499.47,586.73,3705.3,2.78,16.5,130.9
4390,765,Exchange,Matthew Diaz,CC,63785666,GB76ZRYG93500950318841,2024-06-20 18:06:17,Perú,Chile,3289.32,2477.65,1550.58,4670.71,2.29,7.99,232.16
4391,927,Remesa,Laura Pope,CC,35436667,GB33UOSB73133579741788,2024-11-27 04:37:04,Argentina,Colombia,2435.82,1744.5,1282.28,3637.51,37.62,13.15,101.31
4392,209,Tarjeta,Heather Thomas MD,CPF,41946065,GB68NKFF49924860687319,2024-04-19 21:36:22,Perú,Perú,5565.72,3987.9,6359.2,2354.54,1.73,10.33,398.53
4393,29,Tarjeta,Gary Bishop,CC,95306637,GB30EOSK23056871739864,2024-02-11 08:15:12,México,México,9493.24,2894.6,7644.17,4112.84,47.18,16.07,397.34
4394,282,P2P,Victor Collins,CC,14609056,GB54LCAH66935770922154,2024-07-07 04:51:25,Perú,Perú,5109.11,1635.25,7340.66,4732.19,4.75,0.96,44.62
4395,84,Tarjeta,Matthew Patel,CC,78689187,GB46NPOK00040945732178,2024-02-23 04:49:16,México,Chile,4784.47,3644.84,2456.17,4757.97,15.02,19.39,143.03
4396,146,Exchange,Jasmine Cross,CPF,88715037,GB09BPGH49867259984229,2024-09-30 19:58:30,Colombia,Argentina,3178.67,1046.1,7275.13,3401.8,0.86,6.21,253.02
4397,441,P2P,Amanda Hickman,CC,83895697,GB47YZXD78519818912664,2024-09-28 13:25:02,México,México,6894.09,3982.16,778.17,1466.91,16.89,7.67,393.33
4398,193,Exchange,Tammy Mclean,CC,82118575,GB52OYDM44829346750735,2024-02-19 08:11:26,México,Chile,1407.47,2698.52,6929.24,101.42,27.05,4.47,307.76
4399,608,Exchange,Michael Higgins,RUT,88332232,GB83ILSX73251479965660,2024-03-01 01:21:45,México,Colombia,1762.13,2773.5,7744.08,4666.76,9.14,2.72,363.86
4400,537,P2P,Jeremy Torres,CPF,71973507,GB90ZSAH76044713025692,2024-11-05 20:40:49,Argentina,Colombia,3892.88,1077.19,7621.76,2378.32,4.36,5.87,408.54
4401,273,P2P,Jamie Smith,RUT,83600126,GB25PSVB80106190538747,2024-02-12 19:23:27,Argentina,Colombia,6829.6,1750.13,2674.02,823.35,41.45,18.75,472.38
4402,6,Remesa,Sarah Peters DDS,RUT,38759076,GB67ESVJ85715598036724,2024-08-08 09:01:52,Colombia,Colombia,686.6,4360.22,8106.43,3044.33,42.26,23.59,91.71
4403,408,Remesa,Alison Evans,DNI,16058606,GB45ZODP24897987028047,2024-04-21 01:03:36,Argentina,Argentina,4384.87,3280.02,3473.0,977.77,46.25,24.45,473.26
4404,656,Remesa,Ruth Jackson,CPF,82490420,GB85MRDR64934214177145,2024-08-27 02:09:33,Perú,Perú,1800.04,287.15,3720.75,1172.0,47.54,11.26,38.99
4405,355,Remesa,Colleen Fields,RUT,90611536,GB87BDKC77638445372331,2024-09-29 19:24:30,México,México,1167.83,176.44,6516.99,812.63,5.03,11.94,76.91
4406,961,Remesa,Ethan Patterson,DNI,23302798,GB22NFYH76749616075562,2024-12-28 10:36:42,Perú,Argentina,8832.11,687.81,5781.75,4985.63,44.17,7.81,315.29
4407,934,Tarjeta,Juan Blair,DNI,49022084,GB89AEIH64424468495746,2024-06-08 02:05:03,Argentina,Argentina,415.85,407.23,1328.84,1807.85,32.83,1.5,450.58
4408,210,Exchange,Robert Woods,RUT,43751356,GB46WVZQ33180223175912,2024-05-26 06:21:06,México,Colombia,2993.67,2047.61,384.2,2903.44,38.66,19.09,205.74
4409,445,Remesa,Michael Reed,DNI,93468933,GB64HGFZ85261369904842,2024-11-29 09:40:47,Argentina,México,6928.67,3740.93,4519.44,61.97,44.9,1.87,319.92
4410,715,Remesa,Jessica Pham,CC,20549993,GB59ZVHZ91991923444884,2024-03-16 14:31:28,Perú,Chile,2438.48,2615.16,3780.87,817.22,3.66,2.64,55.82
4411,429,P2P,Michael Hernandez,DNI,57602695,GB78IRQY24543885297335,2024-04-23 06:50:34,Colombia,Colombia,9782.19,3750.09,9377.4,1232.26,41.55,21.64,497.5
4412,16,P2P,Adam Wallace,DNI,56813495,GB97KYSC77043838129458,2024-03-28 13:15:23,Colombia,Chile,417.32,3532.38,396.68,2320.48,46.2,5.18,488.68
4413,832,Remesa,Ann Fernandez,DNI,98414859,GB25XDBS09088763576640,2024-02-01 07:27:55,Perú,México,9208.63,2724.88,5649.03,3151.54,44.06,4.16,400.93
4414,228,Exchange,Kimberly Alvarado,CC,33739241,GB57NQOT68472322032135,2024-04-11 07:07:37,Chile,Perú,1304.97,829.11,4726.21,4238.82,33.03,17.92,213.46
4415,751,Exchange,Lisa Barnes,CPF,61211843,GB57MTNG32414798887785,2024-05-05 08:03:56,Chile,Chile,7744.57,113.1,602.68,2649.11,5.16,14.37,53.68
4416,757,Remesa,Christopher Jones,CC,38924421,GB20XNHZ91613644639392,2024-11-15 22:46:52,Chile,Colombia,6191.42,1764.51,2457.19,4782.42,1.37,0.26,296.07
4417,644,Exchange,Diana Zimmerman,CC,60773697,GB49BFME08628774485757,2024-03-18 09:43:15,Chile,Perú,7551.17,2333.3,3702.51,3857.91,14.66,18.01,97.51
4418,200,Exchange,Dillon Stevens,CC,30357697,GB09QYVQ35650870375472,2024-02-03 03:00:30,Argentina,Argentina,4428.99,363.96,1366.79,4092.16,12.9,15.07,159.24
4419,702,P2P,Veronica Stanton,CPF,56555956,GB62PQHO60074492038933,2024-08-21 16:17:45,México,Colombia,4485.55,844.98,1003.82,1983.08,46.93,7.95,461.27
4420,58,Exchange,Maureen Hernandez,CPF,51385305,GB68AWWZ56600984866228,2024-01-30 01:30:55,Argentina,México,7756.78,753.34,9434.31,1444.1,14.11,20.59,370.72
4421,679,Exchange,Laura Holden,DNI,90270208,GB50IFCD96405549222394,2024-02-20 14:59:49,México,Chile,430.15,1641.25,1524.62,3123.22,40.37,7.34,21.38
4422,491,Remesa,Jared Leonard,DNI,91380453,GB87IRZV64128239180535,2024-07-28 10:32:19,Chile,Colombia,7908.52,4399.7,5050.67,4569.65,2.19,15.18,11.61
4423,762,P2P,Kevin Robinson,RUT,52414529,GB78YAVV86002711099562,2024-02-09 12:50:04,Argentina,Argentina,8197.52,1935.11,5850.55,2868.12,18.32,9.24,86.5
4424,700,Tarjeta,Ashley Watson DDS,RUT,26323104,GB90XHTS43642739612698,2024-04-11 05:41:22,Perú,México,4099.95,2069.06,2466.02,3350.07,7.71,10.6,312.02
4425,206,Remesa,Katherine Smith,DNI,31124139,GB65BIAC44908898617757,2024-07-26 20:24:57,México,Chile,6361.24,3526.63,2430.35,173.82,35.68,6.76,51.45
4426,595,Tarjeta,Daniel Lee,DNI,74679052,GB91UAAD21253692496066,2024-09-10 17:47:06,Perú,México,9907.34,1945.79,1060.82,891.49,9.31,18.5,347.43
4427,468,P2P,Heather Mckinney,CC,77763840,GB06FSKK14139934116557,2024-10-23 17:22:27,Perú,Perú,9802.37,1641.47,1310.63,3899.99,6.58,8.96,213.43
4428,682,Remesa,Ashley Davies,CPF,10510886,GB74RBBZ87337817727855,2024-05-06 13:07:47,Colombia,Argentina,6840.87,1183.62,622.6,1162.17,22.2,3.31,248.4
4429,120,Tarjeta,Dr. Jeff Hunt,CC,54433734,GB53MZEZ44454510264130,2024-10-14 05:41:37,Chile,Argentina,3146.82,336.17,8635.58,3332.44,16.71,7.51,96.65
4430,481,Tarjeta,Sara Farrell,CC,35187603,GB37MEVI43161152086283,2024-05-29 21:42:55,Argentina,Chile,2851.82,4860.18,7336.39,319.69,42.61,4.29,236.29
4431,627,P2P,Nancy Peters,CPF,59027262,GB51AYZH34310324578035,2024-02-08 12:45:37,Chile,México,8074.23,1418.13,3396.19,4577.75,12.01,4.88,256.72
4432,690,Tarjeta,Mackenzie Brown,CPF,85204540,GB77OUMR11530738800714,2024-11-05 12:00:47,Argentina,Argentina,3219.17,624.11,9106.68,1571.41,6.88,4.84,343.91
4433,983,Remesa,Amy Johnson,RUT,37509079,GB59KEHY74836379110229,2025-01-18 19:45:17,Perú,Argentina,3242.59,232.06,8533.64,3264.09,27.99,10.81,487.61
4434,546,Tarjeta,Joseph Richardson,RUT,56608468,GB38ZYLV19144030427360,2025-01-04 13:31:31,Perú,México,634.86,4199.08,9672.73,4966.34,39.56,6.85,122.54
4435,554,Tarjeta,Danielle Phillips,RUT,52214418,GB07HSNC53419075410139,2024-04-01 12:15:52,Chile,México,191.42,4789.33,561.24,1478.75,0.93,1.71,158.43
4436,983,Tarjeta,Kenneth Lane,CPF,15972237,GB17PFNU49997437211863,2024-06-22 08:10:42,Argentina,Colombia,1148.73,801.75,3323.29,1130.68,47.36,24.84,365.02
4437,322,P2P,David Bauer,RUT,99008754,GB24MLXX04217575064094,2024-02-29 17:26:52,Perú,Perú,2277.03,397.46,7606.18,3835.75,43.85,15.59,467.5
4438,815,P2P,Reginald Rodriguez,CC,75103119,GB79HGBZ05481389260988,2024-12-09 08:56:50,Colombia,Colombia,5341.03,322.24,938.09,113.62,41.36,8.14,88.85
4439,154,Exchange,Jacob Harvey,CC,96334798,GB03CFIY96362108368355,2024-01-27 21:42:18,Perú,Chile,4868.6,1913.15,5915.55,1371.72,20.87,1.26,119.48
4440,932,Exchange,Dr. Kyle Hughes,RUT,81728052,GB08ZKGB40401190233466,2024-02-03 05:16:41,Perú,Colombia,7785.85,1432.91,6412.19,4304.75,45.16,6.5,486.29
4441,179,Exchange,Jeffrey Howell,CPF,14768153,GB05YNIF55372391997591,2024-12-18 05:05:00,Argentina,Chile,9193.65,2937.76,7187.89,765.85,25.61,0.72,303.73
4442,977,P2P,Christopher Keller,DNI,96666507,GB11LZSL30581377537279,2024-03-05 21:32:55,Argentina,México,1679.86,1661.09,5062.79,2138.64,42.45,5.74,73.13
4443,704,Tarjeta,Megan Shields,CPF,91477729,GB04GHUU78997670846541,2024-05-03 18:17:55,Perú,Chile,2964.14,3593.82,9225.88,2040.72,41.36,18.13,243.77
4444,561,P2P,Jasmine White,DNI,99960777,GB59BSMQ30026669753628,2024-04-24 10:16:34,México,Chile,7436.23,4093.99,2110.27,3951.61,28.62,20.65,494.36
4445,129,Remesa,George Moore,DNI,26401633,GB33BMPX45177336110093,2024-06-19 19:19:59,Colombia,Argentina,8940.38,3756.75,9693.43,1138.51,33.89,15.97,69.28
4446,700,Remesa,Justin Foley,RUT,31951951,GB68JTPM96450624089910,2024-01-28 01:14:14,Colombia,Argentina,3525.74,1183.21,2797.9,4543.82,31.77,5.08,127.18
4447,77,Remesa,Anthony Curry,CPF,42837668,GB79GXMG76410920974228,2024-03-16 15:36:23,Colombia,México,7834.22,725.7,8644.6,3423.74,17.29,15.33,474.19
4448,654,Exchange,April Moore,DNI,92527258,GB35MRYS85495417959824,2024-12-26 12:22:22,Colombia,Chile,332.74,1704.61,8502.29,641.69,28.36,23.85,480.3
4449,478,Tarjeta,Mrs. Nicole Carey PhD,DNI,69694536,GB66NEWD40635234357159,2025-01-13 09:38:14,Colombia,México,6452.94,2230.3,5940.6,3416.53,7.29,7.59,169.1
4450,882,Exchange,Victoria Barton,DNI,36633895,GB19TJMB49110949946867,2024-05-10 05:45:54,Chile,Argentina,1167.26,196.76,1884.52,1074.96,26.87,6.01,371.17
4451,877,P2P,Michael Sanchez,CC,44321220,GB89MMEG35650155645377,2024-05-08 10:02:43,Argentina,Perú,6228.33,4197.63,479.0,409.58,24.59,19.45,195.14
4452,708,Exchange,Nicole Olson,RUT,19265451,GB53UMSC63870353214138,2024-07-31 06:23:32,México,México,7974.55,2973.66,4800.32,3110.89,23.14,9.8,316.68
4453,921,Remesa,John Harper,DNI,98659019,GB02JIJJ40982185923470,2024-01-28 13:13:33,Chile,Perú,5344.83,2218.68,9042.0,3406.94,49.14,15.27,257.93
4454,185,P2P,Anthony Drake,CC,99722961,GB82KARW11611696447324,2024-10-01 16:28:20,Argentina,Chile,6012.72,2891.78,1145.12,956.4,15.0,3.34,40.59
4455,780,P2P,Adam Griffith,DNI,12917060,GB26TRXN62472379334879,2024-12-16 05:42:10,Perú,México,6513.98,4549.84,7257.34,1477.52,44.94,19.77,29.82
4456,938,Exchange,Joyce Williams,CPF,97354156,GB96QEJB15657640165850,2024-10-09 21:50:50,Argentina,Argentina,3578.29,2835.43,2721.73,2748.18,0.78,18.69,356.81
4457,919,Tarjeta,Charles Bailey,CC,66821079,GB13FETC93179943383978,2024-11-01 20:20:59,Perú,Argentina,3885.91,1908.57,1877.91,2559.85,21.33,22.69,86.77
4458,578,P2P,Daniel Travis,RUT,43988552,GB07BIUL66261463768164,2024-06-06 03:41:27,Chile,Perú,5409.62,2563.6,6911.28,2798.23,24.47,15.73,435.65
4459,974,P2P,Bryan Brown,RUT,96706677,GB18XFZS62546726253782,2024-01-30 04:09:10,Chile,Colombia,2793.45,1188.78,4666.93,2803.82,38.85,4.88,270.76
4460,155,Remesa,Eduardo Cook II,RUT,11379847,GB37EQBR80358274458161,2024-11-19 17:47:42,Chile,Perú,2498.78,3239.91,7186.99,1731.21,43.69,19.62,446.8
4461,787,Remesa,Olivia Burns,RUT,30447395,GB34VGQP40805341485101,2024-05-28 10:40:42,México,México,7515.5,940.47,2548.71,4758.28,44.77,16.95,44.08
4462,677,Exchange,Jessica Jackson,DNI,20209773,GB51NUJU07866079248840,2024-06-05 22:22:51,Chile,Argentina,7616.73,4399.82,4200.27,62.86,26.16,0.95,477.83
4463,855,P2P,Michael Martinez,CC,11285554,GB54YPUK35804020331378,2024-12-24 15:52:29,Chile,México,1064.83,4702.97,7071.78,3131.65,22.17,9.62,47.01
4464,174,Tarjeta,Ashley Nielsen,CPF,30931193,GB84QFXH07368909470976,2024-07-09 23:32:37,Colombia,México,1533.0,4689.49,2255.35,1750.34,22.87,9.48,108.49
4465,381,P2P,Brittney Romero,DNI,10340256,GB11EGNR53800618329400,2024-05-15 01:41:14,Colombia,México,1967.25,3796.98,2776.92,2029.99,1.34,22.19,359.96
4466,931,Exchange,Thomas Hayes,RUT,27315867,GB22IZXX15527886339539,2024-09-04 19:06:08,Chile,Chile,1030.24,3952.05,3659.41,2567.73,23.32,9.53,484.73
4467,119,Remesa,Misty Mason,RUT,76528381,GB81UWBM67574230832121,2024-07-06 07:22:27,Colombia,Argentina,7182.12,885.46,8268.46,184.31,16.63,21.38,316.54
4468,776,Remesa,Mary Hernandez,CPF,31252014,GB77TCTO07265613747913,2025-01-16 00:29:42,Chile,Perú,2915.29,3604.04,9597.17,340.72,7.65,11.23,109.27
4469,630,Remesa,Terry Allen,CPF,44082079,GB76ZIPM12273563207657,2024-10-24 22:29:08,Perú,Argentina,9868.15,3301.46,8441.13,3126.06,19.8,18.97,11.77
4470,41,P2P,Alexa Baird,RUT,71226213,GB88CLSO29073884855356,2024-03-16 15:00:27,Colombia,Perú,9382.45,3019.38,9127.66,4097.74,5.37,3.57,392.35
4471,121,Exchange,Philip Howard,RUT,13458093,GB19JHYY32557985023154,2024-07-27 20:25:13,Colombia,Chile,7513.94,2922.61,3329.75,412.42,2.46,21.88,241.46
4472,533,Remesa,Alan Collier,DNI,41547481,GB22BLQP28569357622273,2024-05-05 23:52:47,México,México,4986.6,488.38,5697.08,1989.72,24.01,22.98,487.67
4473,793,P2P,Laura Farmer,CC,26073284,GB72QFMK11289472140777,2024-10-13 11:55:50,México,Argentina,3212.52,2071.88,6900.39,3782.94,22.32,17.31,12.28
4474,205,Remesa,Heather Frederick,RUT,56721910,GB04CKVF09143096720198,2024-06-03 00:27:06,Colombia,Colombia,4254.31,1763.51,3710.61,1126.76,6.23,6.29,120.14
4475,950,Remesa,William Fowler,CPF,49854256,GB76EXJO44422085609539,2024-12-10 04:11:01,Chile,Chile,9702.74,1428.94,3126.36,3652.5,29.72,18.67,251.62
4476,938,P2P,Lauren Alexander,CPF,21710781,GB33JKDG84033799387151,2024-12-05 11:47:07,Colombia,Argentina,5415.96,643.38,7336.86,1018.18,15.44,4.62,297.89
4477,83,Exchange,Michelle Murillo,DNI,59495015,GB47GKGB72228138295418,2024-06-18 10:57:01,México,Chile,2620.32,2826.57,9447.25,3281.43,24.37,6.6,156.02
4478,630,Remesa,Sarah Chen,CC,53536086,GB56ODSC38413683112427,2024-06-21 07:39:50,México,Colombia,4732.01,2467.33,564.94,4790.18,18.14,13.7,400.14
4479,975,Remesa,Jennifer Bowen,CPF,55736627,GB86FFZP69534034269766,2024-09-18 01:47:16,Chile,Argentina,200.24,3655.99,3819.56,2015.39,16.24,5.93,30.23
4480,902,P2P,Connie Owens,DNI,33307284,GB33SMZT92683002885354,2024-09-12 03:41:41,México,Argentina,611.37,3616.3,5456.94,4207.51,29.8,14.28,320.04
4481,725,Remesa,Cynthia King,DNI,40562751,GB87CEOJ12135576195626,2024-03-01 05:19:40,Perú,Colombia,5449.06,4891.24,9437.33,2958.99,45.35,5.01,117.14
4482,620,Exchange,Danielle Chase,DNI,95905439,GB79HDJJ66816994269147,2024-03-30 01:50:25,Perú,México,1517.04,4252.7,1695.87,2377.91,46.48,3.98,286.59
4483,323,P2P,Ebony Lawrence,DNI,76016775,GB61NNHT95529871929169,2024-05-08 10:28:47,Colombia,Argentina,6039.59,3941.47,9308.44,1061.56,45.28,24.31,35.1
4484,455,Tarjeta,Brian Carter,RUT,19803714,GB19VSHB82847085609461,2024-06-14 00:27:50,Chile,Perú,9155.16,1889.99,7274.51,1532.7,33.82,20.28,128.91
4485,609,Remesa,Ernest Moyer,CPF,71646100,GB60TTUG99270004816165,2024-12-02 22:33:18,Perú,Colombia,2969.79,193.2,7321.0,1817.28,46.05,15.92,48.3
4486,93,Exchange,Michael Howell,CC,22380119,GB29YQUW15974755216850,2024-05-08 05:53:48,Chile,México,9633.95,1133.14,6084.79,3018.1,31.02,2.74,309.45
4487,424,Remesa,Charles Mckee,CC,84739214,GB52JICA21319797365133,2024-09-10 19:16:07,Argentina,Argentina,5697.85,3918.74,7796.86,1136.73,10.03,4.35,98.93
4488,67,Tarjeta,Samantha Daniel,CPF,29149457,GB36NLEL07231735186967,2024-11-11 01:59:07,Chile,Chile,9377.38,2482.13,7953.18,2314.56,29.77,23.62,153.19
4489,59,P2P,Ronald Jackson,DNI,47602836,GB56CKUO19160404756401,2024-06-21 14:35:58,Argentina,Perú,7406.26,483.06,6604.69,3024.48,6.89,2.61,152.22
4490,566,Remesa,Jennifer Powers,CC,99650325,GB13WGUM41298955538695,2024-07-04 03:06:48,México,Perú,9697.32,3378.11,2613.77,140.93,33.03,10.83,424.58
4491,757,Exchange,Joshua Riggs,DNI,73598255,GB44HSED27452814600790,2025-01-03 09:14:59,México,Chile,3537.23,2458.5,7378.29,1313.06,9.92,16.08,469.12
4492,504,P2P,Jason Johnson,DNI,29030066,GB29GLVB22568748193921,2025-01-17 06:08:45,Chile,Colombia,3767.04,3593.67,467.64,4062.09,1.36,11.51,315.52
4493,49,Exchange,Teresa Jenkins,CPF,15202423,GB54XEMP61458734777128,2024-08-05 05:27:23,Perú,Argentina,5968.55,1567.49,3655.49,1714.7,27.48,13.91,243.33
4494,173,Tarjeta,Keith Richard,RUT,32045047,GB75IFQP52884732824929,2024-10-21 03:15:45,Perú,Colombia,1358.39,3389.22,2696.74,1788.97,17.46,19.03,424.89
4495,776,P2P,Stacey Thomas,DNI,38648402,GB51UFIV81981930919620,2024-04-11 17:40:07,Perú,Colombia,2396.26,431.97,9736.84,4122.8,2.77,3.08,264.87
4496,667,P2P,Anthony Roberts,CC,24024298,GB53NTCZ00022948620432,2024-04-01 21:18:23,México,Argentina,9014.68,859.25,5073.1,786.16,20.56,5.82,330.19
4497,487,P2P,Paul Graves,CPF,80756327,GB87UUBY26308767563437,2024-05-02 17:47:48,México,Chile,9034.7,71.0,1173.74,4199.86,8.72,5.22,435.59
4498,76,Remesa,Mariah White,RUT,40651370,GB15VSXX55404465775808,2024-11-11 23:05:28,Chile,Perú,6953.45,98.45,1491.32,4243.03,18.08,1.27,345.13
4499,580,Remesa,Virginia David,RUT,48422543,GB67GHJT68384736206005,2024-03-27 16:38:13,Argentina,Chile,8942.59,696.02,1296.6,4330.78,6.82,22.09,324.95
4500,52,P2P,Laurie Garcia,CC,59452446,GB27LIYZ91138391289840,2024-09-05 15:11:39,Argentina,Argentina,7137.86,1594.05,2369.09,3320.47,36.32,17.02,267.15
4501,218,Exchange,John Davis,RUT,41267975,GB45KOHB83385852170250,2024-06-29 15:20:47,Argentina,México,6335.61,4374.3,7691.35,1045.97,22.42,3.09,145.65
4502,158,P2P,Mark Hale,DNI,37355707,GB02XXPI93556500374812,2024-05-19 17:26:26,México,Perú,1392.41,1612.27,3323.81,173.95,19.47,5.41,174.28
4503,621,Remesa,Michael Baker,DNI,61580049,GB07MWGB46488920907536,2024-01-31 02:53:20,México,México,7666.18,2330.63,8659.07,2146.45,15.36,8.96,385.2
4504,907,Exchange,Andrea Schmidt,RUT,65413987,GB85TOSY96921168635561,2024-06-24 15:40:34,Colombia,Perú,7371.38,1410.33,2643.61,3496.66,48.89,16.32,223.48
4505,832,Tarjeta,Misty Mclean,CC,33679625,GB29BIMD60416957978718,2024-07-22 19:26:36,Argentina,Colombia,6238.92,3910.89,2251.78,2860.85,32.51,20.12,415.98
4506,658,Exchange,Charles Galvan,CPF,14827865,GB98LNEM45611862101945,2024-02-04 04:11:51,México,Chile,4264.46,664.98,5670.95,2496.5,33.36,8.1,390.93
4507,254,Remesa,Andrea Gonzales,CPF,69147909,GB63ATSE96944712942201,2024-02-08 14:41:30,Perú,México,5792.63,3215.03,4528.96,4603.01,34.11,23.25,103.35
4508,671,P2P,Kevin Rodriguez,CPF,67524046,GB36PFSU23575903172082,2024-04-20 06:50:19,Argentina,Colombia,4526.64,4633.24,6931.34,4316.41,12.74,20.16,54.49
4509,688,Exchange,Stacey Ramsey,DNI,59491317,GB37NSQM51512737961070,2024-12-08 23:26:46,Chile,Argentina,3468.54,4591.32,7784.16,1455.44,3.54,14.4,99.13
4510,337,Remesa,Aaron Drake,CC,63306215,GB65WLXW31447875552040,2024-05-18 07:38:28,Colombia,Perú,1164.62,516.38,2824.26,221.17,13.53,19.25,99.75
4511,14,Remesa,Michael Leon,CC,65187148,GB63ZKZT06164266403532,2024-03-29 16:38:52,Perú,Colombia,4026.01,1799.95,3641.9,289.63,14.23,10.43,303.85
4512,893,P2P,James Jordan,RUT,60673808,GB21OJEI14895518432722,2024-10-17 09:47:56,Colombia,Argentina,2288.67,2638.83,5934.19,3259.95,43.97,12.25,270.75
4513,658,Exchange,William Sullivan,CPF,25862127,GB33KZCG81735716800052,2024-07-02 03:11:10,Argentina,Chile,4316.47,2299.25,4365.32,284.59,33.62,3.11,485.02
4514,952,Remesa,Angela Day,DNI,96408188,GB57NXLL74323721490454,2024-02-12 15:20:59,Argentina,México,262.19,4632.91,4932.77,1132.32,49.2,20.06,47.32
4515,48,Tarjeta,Perry Costa,RUT,81476231,GB70QCAL93752929656476,2025-01-02 07:29:01,México,México,3203.94,3324.99,1024.93,1331.51,36.12,10.73,285.29
4516,679,P2P,Alexander Hernandez,RUT,53448134,GB36AGCM36974586723687,2024-09-10 07:21:44,Chile,Chile,9106.53,3433.13,2220.51,966.57,7.89,22.05,433.55
4517,79,Exchange,Linda Sanchez,RUT,74395764,GB70AFLR79688194414385,2024-02-28 18:24:28,Perú,Chile,9574.34,3465.66,6257.45,2769.52,49.44,21.53,147.41
4518,331,P2P,Jason Kelley,CPF,74385799,GB65MKGG11235557460975,2025-01-16 15:16:55,Perú,México,7843.89,3241.76,576.06,2852.03,13.5,7.66,465.18
4519,421,Tarjeta,Cory Perry,DNI,14223994,GB45CGVX24416613513772,2024-02-02 16:09:37,Chile,Colombia,7956.14,4342.0,5596.36,1822.63,16.71,12.36,155.32
4520,367,Remesa,Elizabeth Brooks,CPF,43254270,GB59MRMR66214026281201,2024-07-13 11:15:44,Colombia,Chile,9144.48,4396.39,712.01,2366.1,16.06,7.87,241.43
4521,799,P2P,Edwin Wells,CPF,92963876,GB97QYHS58535225576021,2024-11-17 21:12:00,México,Perú,151.62,4212.32,9692.38,4291.21,28.72,5.72,179.42
4522,263,Remesa,Seth Bates Jr.,RUT,71068859,GB03JMVO97066467568250,2025-01-05 05:19:27,Perú,Chile,2335.59,3168.7,9442.65,762.23,14.56,24.38,445.79
4523,654,Tarjeta,Stephen Bishop,RUT,98162870,GB55XBVI85220334246735,2024-04-30 07:08:27,México,Argentina,5120.92,4806.07,9497.69,310.66,48.09,13.94,99.76
4524,726,P2P,Mark Dean,RUT,14430983,GB26MOHS97545167859736,2024-02-14 13:29:13,Argentina,Colombia,5016.09,1394.48,7576.82,380.45,10.26,15.19,454.15
4525,613,Exchange,Kimberly Park,CC,86038335,GB45KQXN94776041166797,2024-08-04 04:24:24,Perú,Colombia,7691.61,1910.2,7121.55,4686.65,32.33,17.44,78.34
4526,225,P2P,Lisa Orozco,CC,85385792,GB20FFBA95050753405362,2024-05-05 19:20:36,Argentina,Chile,3321.11,563.78,9376.45,4398.64,23.08,8.26,392.29
4527,501,Remesa,Ryan Maldonado,RUT,88086060,GB44CLTF13060141531770,2024-03-01 17:51:57,Argentina,Perú,5884.69,1012.12,3046.24,1923.72,27.23,23.06,44.79
4528,907,Exchange,Sarah Gomez,DNI,50158491,GB78NQSJ02651478440104,2024-06-22 06:28:29,Argentina,Colombia,3256.8,3366.29,1499.07,4623.83,5.58,21.48,180.0
4529,400,Remesa,Paul Stewart,CPF,66965215,GB89TLHZ20708683644289,2024-07-15 23:26:11,México,Perú,3668.79,2253.73,4875.88,2789.79,25.19,2.69,108.51
4530,516,Tarjeta,Christina Green,CC,72995566,GB38YDQD33648099608127,2024-09-21 04:48:59,Perú,Argentina,6790.39,2086.16,5109.93,4341.31,45.13,12.34,317.74
4531,995,Remesa,Jason Webb,CC,93117145,GB50IHUM93740951441708,2024-09-13 10:36:16,México,Perú,4495.8,1006.05,5018.0,1709.95,14.11,7.95,252.67
4532,325,Remesa,Alan White DDS,RUT,86803548,GB87QSSD01087888929139,2024-09-08 16:49:15,Colombia,Perú,4513.01,2413.47,9160.65,616.51,16.06,16.48,109.47
4533,819,P2P,Roberta Landry,CPF,55777584,GB27GINT84583089885979,2024-02-04 15:52:25,Chile,Chile,4308.91,4939.7,2305.62,454.93,17.16,19.22,438.69
4534,807,Tarjeta,Tracy Werner,CPF,55368078,GB53KIHU03308525221164,2024-06-08 16:58:14,México,Colombia,4622.97,1746.82,1582.48,826.13,14.34,9.95,19.55
4535,228,Tarjeta,Patricia Petty,CC,53856385,GB35SEYQ70947739091691,2024-07-13 17:36:08,Colombia,Colombia,7495.7,2743.55,1041.5,353.25,19.44,14.1,121.7
4536,233,P2P,Christopher Mcdaniel,DNI,24677734,GB97XDPD07249975579402,2024-02-19 12:26:59,Chile,Perú,7721.53,286.85,5320.53,4482.72,34.51,12.54,331.98
4537,171,Remesa,Tom Patterson,RUT,49279935,GB47JFBG71820571660068,2024-04-10 19:15:46,Argentina,México,7406.1,233.18,3052.1,1638.39,49.39,13.17,406.0
4538,405,Exchange,Laura Peterson,DNI,54502657,GB67CESO68547187285101,2024-09-08 20:45:34,Chile,México,6589.13,97.86,120.42,3152.13,44.4,19.64,206.63
4539,533,Exchange,Amber Wang,CPF,76314541,GB32TQJU77215067822413,2024-07-25 20:44:42,Argentina,Chile,6470.94,4991.82,3544.05,4962.69,42.63,8.65,170.01
4540,424,Exchange,Stephanie Hall,CPF,36918671,GB15COWX84993362579371,2024-09-11 21:05:00,Chile,Colombia,9205.31,4346.08,809.35,1305.7,6.68,0.03,482.63
4541,267,P2P,Brandon Collins,CC,26496703,GB29UXQL23263107119910,2025-01-09 14:48:19,Chile,Perú,3107.58,2555.29,9336.91,3695.86,11.27,20.03,467.12
4542,499,P2P,Donna Wilkerson,DNI,95428401,GB32XIQX84649956667604,2024-05-12 23:23:00,Perú,México,3404.69,3772.78,5938.96,4817.36,6.42,12.35,268.36
4543,201,P2P,Sarah Smith,RUT,58986494,GB35XUDY91020521567708,2024-12-20 04:12:21,Argentina,Argentina,8920.64,2346.22,4698.89,3614.69,39.23,24.2,91.43
4544,779,Exchange,Lauren Brown,CPF,58009918,GB94TFLL57832261569172,2024-02-20 07:54:02,Colombia,Chile,803.64,3863.29,5599.69,2609.24,16.6,6.21,194.94
4545,393,P2P,Micheal Robinson,CC,89584367,GB77ZXKC21068894265255,2024-09-23 00:49:03,Argentina,Colombia,3527.18,265.69,3942.23,549.08,46.3,11.26,445.32
4546,712,Remesa,Peter Clark,RUT,59849199,GB85RZDK17931515077547,2024-02-22 05:30:04,Colombia,Perú,3129.24,2800.37,731.89,3409.06,29.08,19.92,414.88
4547,298,Remesa,Kathy Blankenship,CC,95706400,GB17TYTD97549081734537,2024-07-06 19:28:52,Colombia,Colombia,9605.14,2215.0,9869.51,1315.23,43.22,23.4,446.53
4548,662,P2P,Krista Moyer,CC,81843126,GB95XNMN99096671303192,2024-04-25 17:47:18,México,Chile,4914.82,2427.6,2751.79,4688.65,42.71,8.14,271.88
4549,392,Remesa,Mr. Adam Flores Jr.,RUT,63714608,GB90MGLN59285050536040,2024-09-10 11:37:19,Argentina,Colombia,9329.1,4681.35,4087.67,3042.31,22.08,5.61,44.21
4550,608,Exchange,Michael Simon,DNI,77871927,GB19MDQU94349706084295,2024-02-28 06:28:05,México,Argentina,9166.89,2332.32,1473.05,1118.0,38.73,0.93,286.53
4551,595,Remesa,Andrew Mills,CPF,49796620,GB54TYII37910015526394,2024-10-22 00:11:32,Colombia,Perú,693.28,1639.4,1051.58,4610.31,24.02,21.55,383.26
4552,695,Exchange,Jennifer Vasquez,CC,38731216,GB56UJRK46126694898773,2024-09-28 23:56:43,Perú,Perú,7643.27,4205.79,8508.11,4278.06,6.28,7.31,263.78
4553,482,Exchange,Timothy Peterson,CPF,76673839,GB42LJHM74080056028775,2024-02-08 17:39:16,Chile,Colombia,2636.78,206.56,8696.58,3261.08,11.88,10.36,334.31
4554,807,Remesa,Michelle Lee,CC,55469104,GB48XPWA83040212029093,2024-03-23 15:37:39,Colombia,Argentina,344.13,1442.66,9405.01,3581.2,11.76,9.08,377.1
4555,358,Tarjeta,John Goodwin,CC,68477485,GB70PAKB24597261104400,2024-11-09 20:21:07,Perú,Argentina,4043.06,2061.78,3732.51,1894.36,39.42,16.34,171.45
4556,68,Tarjeta,Andres Phillips,RUT,86540957,GB48IPOE97732602405733,2024-08-29 22:19:42,Chile,Chile,6820.5,2533.79,9434.64,2985.46,38.36,3.38,130.95
4557,397,P2P,Brian Rodriguez,CC,43206185,GB56BGDR62792355092882,2024-03-04 12:15:34,Perú,México,7915.86,4784.5,3543.17,4007.22,21.96,4.54,303.5
4558,571,Remesa,Shawn Velazquez,RUT,79341188,GB33WOFF48176214997580,2024-08-05 15:00:09,Colombia,Colombia,5254.81,1281.75,2596.27,3596.09,37.86,4.52,488.02
4559,609,Exchange,Kristi Chandler,CPF,34230375,GB86HHKV14352648967313,2024-03-29 08:27:51,Argentina,Perú,3193.9,2482.02,7596.38,874.61,25.12,23.25,117.38
4560,147,P2P,Jennifer Martin,CPF,76752164,GB57CRIX90416116371309,2024-05-27 22:39:26,Perú,Chile,1823.16,3836.65,9212.82,2644.7,13.88,13.1,282.07
4561,75,P2P,Jennifer Cox,RUT,55579579,GB43UWRR83813462523418,2024-07-15 21:24:43,México,Chile,2117.51,3894.35,7211.32,3845.5,2.19,1.78,333.95
4562,848,Exchange,Michael Yang,DNI,76801649,GB36SGSR66724872687123,2024-09-07 16:15:53,México,Chile,9328.67,3063.62,2325.97,1555.23,49.85,8.77,496.59
4563,989,P2P,Susan Thompson,DNI,49489076,GB58IZBN01752601589171,2024-07-07 11:52:43,Colombia,Colombia,436.34,1625.76,1574.59,4652.95,20.72,20.84,137.97
4564,314,Exchange,Nancy Owens,CPF,77730896,GB97PLYB79019170172933,2024-12-10 21:00:07,Colombia,México,3463.02,1571.56,5826.1,3772.08,1.31,14.04,453.46
4565,509,Exchange,Kristina Barry,CPF,45050476,GB56GGVF84603026694842,2024-08-21 17:55:52,Chile,Chile,6718.46,1579.82,4906.76,3087.15,34.27,19.16,277.16
4566,859,Exchange,Ryan Phillips,CPF,12191367,GB61XTGQ90156398591825,2024-06-23 02:41:54,Argentina,Colombia,8913.11,4272.35,1079.6,4092.85,16.9,1.01,171.63
4567,948,Exchange,Sheila Gonzalez,CPF,28345015,GB02VKNV37845515918691,2024-05-20 17:31:00,Perú,México,725.02,3008.12,6209.9,297.74,18.84,5.78,457.63
4568,230,Exchange,Lacey Larson,DNI,55362809,GB07KOQU42250247860092,2024-10-05 14:53:24,México,México,9737.04,1789.84,2976.07,1169.48,14.99,19.26,398.98
4569,538,Exchange,Sarah Smith,CC,58732044,GB94FKYV79795686370662,2024-12-28 09:45:15,Colombia,Argentina,8475.97,615.47,3914.18,2618.13,21.0,10.51,332.47
4570,152,P2P,Deborah Berger,CC,52395806,GB72NHTJ96640320870989,2024-03-06 05:35:22,Perú,Perú,2613.26,2555.82,9610.03,212.96,12.75,24.92,94.67
4571,25,Tarjeta,Denise Smith,RUT,58234334,GB07YKZD27227934005060,2024-12-04 00:22:25,México,Chile,5366.7,2072.36,4703.45,606.92,16.44,14.5,481.4
4572,401,P2P,Debra Fischer,RUT,99061689,GB85SPUP26206597211454,2024-02-26 11:38:12,México,México,8386.68,2807.04,6629.28,2179.82,19.07,1.69,266.04
4573,798,Tarjeta,Mr. David Johns,CPF,81784293,GB93QUYE38195517518345,2024-03-12 09:32:59,México,Chile,6784.3,1077.82,5937.38,1193.11,35.15,3.69,417.52
4574,912,P2P,Edwin Shelton,RUT,85237306,GB37SXYN73080924998514,2024-05-23 18:05:04,Perú,Colombia,5403.24,1352.44,5639.53,2694.95,25.3,3.74,313.71
4575,930,P2P,Amanda Crosby,DNI,95486582,GB75KGKC24425058818376,2024-05-16 15:33:18,Colombia,México,3471.48,3099.47,8611.43,1749.47,27.59,11.24,428.25
4576,42,P2P,Craig Ward,CC,94083041,GB12PFCN14108506014975,2024-11-20 01:38:45,Argentina,Perú,2128.79,214.27,3457.5,878.24,48.72,19.92,390.96
4577,868,Exchange,Veronica Brown,CC,87189286,GB65YAUW41882124011645,2024-02-29 05:31:03,México,Perú,139.27,2046.66,8169.8,2381.91,41.66,16.53,472.67
4578,736,Tarjeta,David Johnson,RUT,22537772,GB03TBCJ81756171255253,2024-02-21 22:35:02,Chile,Chile,321.78,3660.24,6366.05,1805.91,5.32,19.43,104.25
4579,846,Exchange,Taylor Garcia,DNI,39884901,GB55FEOD35242886752533,2024-04-12 23:44:36,Chile,Chile,202.25,3099.55,8113.45,346.72,31.18,11.37,343.7
4580,237,Exchange,Shannon Harper,RUT,17832780,GB17RPAV48798062908103,2024-02-09 04:02:23,Chile,Colombia,3723.35,4875.25,4221.72,2105.0,7.44,22.09,475.56
4581,599,Tarjeta,Sarah Ramirez,DNI,19714856,GB42ZGSD12691106589918,2024-02-11 16:17:18,Argentina,Perú,6989.8,4383.05,9038.26,4146.03,15.03,14.46,270.29
4582,475,Exchange,Jesse Bond,CC,99457970,GB40TQMW81494771929665,2024-12-17 15:56:44,Colombia,México,7320.94,2210.34,1241.53,2520.76,2.72,8.51,268.36
4583,702,Tarjeta,William Cherry,DNI,21951781,GB95KJCN41257156812506,2024-07-10 23:50:33,Chile,Argentina,9695.3,4203.42,9458.79,1245.18,44.38,9.58,423.08
4584,547,Remesa,Alicia Rodriguez,CC,53320725,GB16JOXQ28258815300703,2024-03-07 07:54:24,Chile,México,8470.58,257.73,1554.3,3597.36,44.66,4.72,197.02
4585,254,Exchange,David York,CPF,37714661,GB17WXGC53219070378734,2024-03-27 23:19:07,Colombia,Chile,8519.85,679.45,1202.53,3025.51,47.59,12.55,85.69
4586,725,Tarjeta,Mrs. Morgan Lara DDS,DNI,65570436,GB57FDMP91534015856565,2024-08-31 20:28:42,Chile,Perú,525.97,4896.27,823.51,3410.57,18.04,13.47,410.44
4587,170,Exchange,Steven West,RUT,73427475,GB08HLFH20830015958700,2024-01-30 04:05:32,Colombia,Perú,7873.46,4927.22,9022.55,1741.19,1.1,18.8,164.7
4588,85,Tarjeta,Karen Carpenter,CPF,29428632,GB89UURT35607750073240,2024-06-07 20:27:19,México,Perú,9818.23,1714.24,6674.09,1991.63,28.87,8.43,221.67
4589,798,Tarjeta,Colin Ford,RUT,15759077,GB68SZGD21244740753678,2024-03-29 06:07:51,Perú,México,9535.7,3643.38,123.77,177.74,19.68,24.73,327.78
4590,589,Exchange,Richard Knight,CC,49860474,GB19FVKO41242519072436,2024-09-12 21:22:38,Colombia,México,8727.57,1336.64,4490.02,2160.93,7.46,21.14,337.98
4591,903,Remesa,Dr. Grace Dean MD,CPF,46012067,GB78EEQJ28147895634904,2024-08-29 09:04:24,Perú,Chile,8754.63,1600.46,1808.38,4580.89,12.94,9.91,27.36
4592,285,Exchange,Kristina Stephenson,CC,90427381,GB32SZCV26524828701510,2024-03-03 01:19:49,Perú,México,3592.57,4337.94,9116.32,908.09,39.73,6.43,21.92
4593,896,Exchange,Kristen Winters,CC,42914343,GB28GOOV91790890851103,2024-05-27 07:00:49,Argentina,Perú,4010.47,2102.06,4234.67,156.13,3.67,14.82,402.61
4594,293,Tarjeta,Gabrielle Macdonald,CPF,62872577,GB56JPFK86292052331162,2024-12-21 01:59:20,Colombia,Colombia,5094.42,4026.93,7077.59,2015.44,49.28,4.88,204.73
4595,460,Tarjeta,Kevin Cowan,DNI,51996197,GB31EWBF78002783524441,2024-10-18 06:12:00,México,Chile,4620.39,384.56,659.57,1332.87,23.58,6.27,54.2
4596,430,Tarjeta,Renee Burgess,CC,50391543,GB73CHAJ09545861697242,2024-03-24 00:06:31,Chile,Colombia,1946.11,1363.63,2517.52,2453.08,42.01,15.8,91.53
4597,361,Exchange,Jessica Wolf,CC,14550253,GB94PDPR22031010135648,2024-03-26 18:29:36,México,Perú,1093.58,3997.47,3480.95,135.51,41.51,3.55,215.99
4598,566,Tarjeta,Kevin Anderson,CC,70706469,GB75NUEZ09992300554613,2024-02-11 18:17:39,Colombia,México,1009.88,1946.63,5346.29,1103.67,14.49,0.57,430.57
4599,869,P2P,Brooke Avila,CC,61173615,GB35YDMF58580860432377,2024-08-22 12:47:30,Argentina,Colombia,2846.63,1817.87,6278.54,1449.21,6.29,3.16,106.8
4600,892,P2P,Jennifer Anderson,DNI,56706764,GB04HZWF66986578886437,2024-09-27 02:08:25,Chile,México,122.57,4031.29,6658.87,4827.59,22.07,23.86,439.26
4601,768,Remesa,Dylan Silva,CC,96092797,GB52DSBW68620311887430,2024-08-12 02:40:08,Argentina,México,9402.32,1411.08,3046.75,173.64,1.94,7.46,401.61
4602,61,Exchange,Anna Greene,DNI,73677093,GB74QVJY00311185244379,2024-03-28 07:16:15,Argentina,Argentina,3745.29,2662.79,7447.58,4614.71,19.2,10.52,271.1
4603,597,P2P,Jaime Wells,RUT,42591400,GB33FTFN51971704811848,2024-11-28 08:50:07,Perú,México,3468.05,2150.19,3005.62,3398.82,32.94,6.86,234.87
4604,75,P2P,Mrs. Jamie Sharp DVM,CPF,43773774,GB97DTRZ65986934170475,2024-10-16 16:54:01,Perú,México,6738.05,2865.81,7618.92,1004.15,30.87,14.87,255.44
4605,53,Remesa,Lauren Green,DNI,73597883,GB11XSHA11007550456213,2024-03-10 14:44:01,Argentina,Argentina,7735.33,3952.46,690.88,2259.65,30.71,23.38,491.62
4606,249,Remesa,David Jones,RUT,39959877,GB04XTMH12415710705920,2024-04-02 08:54:35,Perú,Colombia,9861.84,4361.58,6007.52,2129.34,42.3,7.14,341.31
4607,505,P2P,Thomas Jackson,RUT,79038617,GB13HHKA40926002275823,2024-07-17 10:41:52,Colombia,Colombia,1579.66,3178.7,4694.53,2487.26,42.4,24.48,419.0
4608,803,P2P,Jennifer Sanders,DNI,96449418,GB93TOZG27459232841838,2024-04-18 12:15:27,México,Argentina,2010.44,1190.43,2202.19,2134.4,25.83,2.2,378.09
4609,101,Exchange,Christopher Martin,CPF,46681346,GB24ECTU15152129972085,2024-08-23 00:22:40,Argentina,Colombia,8759.84,3299.37,2028.32,3351.28,40.51,12.02,417.02
4610,687,P2P,Carol Lee,DNI,39701181,GB98DAPR38877945375141,2024-03-24 13:05:00,Argentina,Colombia,1441.58,4155.43,7657.05,4721.89,8.49,2.91,474.56
4611,333,Exchange,Andre Villanueva,CC,80808444,GB29WRSH58985312226390,2024-11-18 10:21:58,México,Chile,4407.99,2382.29,5891.44,3225.41,19.52,16.84,327.67
4612,545,Remesa,Joseph Marquez,RUT,88480118,GB91WDWU56464943743661,2024-07-05 06:49:26,México,Argentina,4631.93,2949.83,9072.3,883.28,2.19,15.26,308.8
4613,663,Remesa,Brittany Durham,CPF,19638765,GB20NTHX25353549318876,2024-05-06 21:58:37,Argentina,Chile,4463.72,3438.35,5440.74,4546.26,1.15,9.64,73.44
4614,318,Tarjeta,Cody Escobar,RUT,66020682,GB72MGAY52487581807384,2024-11-16 22:02:05,Colombia,Chile,8207.43,1922.58,1014.73,4796.61,42.8,16.03,240.56
4615,967,Remesa,Steven Cain,RUT,54291210,GB72CDAF01177591316741,2024-08-19 02:08:26,Chile,México,9529.65,1835.2,9341.69,802.88,38.24,18.06,370.53
4616,666,Exchange,Holly Lewis,CC,19709285,GB74QMIW08062468889562,2024-01-25 23:31:08,Argentina,Perú,9113.66,1325.68,9944.66,603.09,4.82,0.48,246.28
4617,408,Tarjeta,Jennifer Cameron,CC,17482807,GB32JNVI29123496400341,2024-02-19 19:42:13,Chile,Perú,8485.45,4066.91,6622.99,4316.62,48.55,10.95,460.15
4618,356,Exchange,Amber Hill,CPF,86673240,GB93VMVZ68065251635634,2024-09-16 15:44:48,Perú,México,1679.82,1578.0,8676.09,1983.9,26.05,5.92,91.5
4619,572,Tarjeta,Nathan Olson,CPF,54133398,GB05GEWS44960431812145,2024-01-24 20:50:44,México,México,1420.67,2281.13,9058.6,4858.65,0.38,8.45,90.79
4620,340,Exchange,Ray Smith,RUT,10192319,GB79NSUR24150196351746,2024-12-04 21:40:33,Perú,México,5874.59,1683.66,3187.69,1110.05,46.71,18.14,497.54
4621,211,Exchange,Timothy Howard,CPF,71076471,GB89PTXE19439233645936,2024-10-02 13:54:54,Perú,Perú,7279.47,287.92,8267.63,2739.67,5.97,3.52,236.42
4622,252,Tarjeta,Kenneth Gonzalez,DNI,50683510,GB66SWXK08134198643540,2024-08-14 13:36:04,Colombia,Chile,6619.43,4751.17,896.87,3626.5,42.26,11.39,143.01
4623,258,Tarjeta,Zachary Henderson,CC,36941144,GB65CIHC06070229481890,2025-01-05 09:54:50,Perú,Colombia,3204.46,3349.02,8057.52,1557.9,41.79,16.01,215.2
4624,807,P2P,Eric Parker,CPF,18873731,GB61GLVB29014094261014,2024-08-26 06:10:25,Perú,Colombia,7818.31,300.37,9303.34,4228.24,39.24,16.37,357.02
4625,384,Tarjeta,Lori Oliver,CPF,32844833,GB82SGRI63338015077809,2024-07-20 14:38:10,Argentina,México,8074.36,4691.78,3699.9,753.52,19.39,9.16,140.61
4626,155,Tarjeta,Angela Evans,DNI,75767409,GB94PYFO17700434170260,2024-11-08 21:43:16,Argentina,Argentina,3171.86,880.72,5908.15,144.02,16.91,9.31,453.84
4627,333,Exchange,Joseph Cook,CC,76110593,GB98GESE54496219175771,2024-10-01 04:16:41,Colombia,Perú,8578.37,1753.31,6848.26,3877.37,7.25,5.94,288.12
4628,773,Remesa,Robert Shelton,CPF,42597743,GB30UREY75489738678070,2024-11-18 11:41:52,Perú,Perú,9845.82,3188.08,8999.65,4760.17,43.37,22.83,443.35
4629,140,P2P,Katherine Williams,RUT,79501689,GB46IJBI08337384150527,2025-01-05 19:41:37,México,Chile,4830.1,3948.35,2668.15,1194.37,9.57,18.81,465.63
4630,281,Exchange,Paul Clark,CPF,42908594,GB39TVNE34120645057556,2024-09-02 18:23:22,Argentina,Colombia,4490.67,2820.57,968.91,2235.53,46.88,5.31,330.2
4631,958,Tarjeta,Traci Garcia,RUT,52736216,GB92NNSH91526837474370,2024-08-16 05:05:47,México,Colombia,8222.32,1991.06,5030.59,691.14,10.24,14.02,276.71
4632,106,Exchange,John Cook Jr.,CC,22065716,GB25ZHMG10058498956600,2024-03-16 22:02:47,Colombia,México,538.06,3122.87,1853.02,2990.54,36.37,21.7,238.98
4633,939,Tarjeta,Melissa Gray,CC,69471207,GB32FPVR26655699462307,2024-07-27 23:49:48,México,México,5243.24,2810.05,8868.85,729.17,31.04,14.22,132.08
4634,934,P2P,Mr. Steven Wang,DNI,99435922,GB09OZYS51593053046130,2024-10-13 23:15:55,México,Chile,2233.02,584.87,3682.03,718.93,15.07,6.38,123.66
4635,400,P2P,Kyle Douglas,DNI,65419078,GB83UXVM09566800699034,2024-05-05 00:15:53,Colombia,Argentina,3677.84,3592.92,1161.69,1912.05,31.53,18.3,215.22
4636,707,Tarjeta,Michael Ford,CC,63470146,GB81ELFF62130911671979,2024-02-21 07:17:40,México,Perú,4856.86,3443.97,5118.49,3614.08,34.65,23.44,372.3
4637,152,P2P,Andrea Lewis,CPF,94653579,GB98HWNY70570272651950,2024-07-15 11:49:54,Chile,Chile,6132.88,1291.17,7505.31,2303.36,18.15,9.38,451.03
4638,916,Remesa,Casey Bishop,CC,90853891,GB86XAND61915123721793,2024-05-07 05:30:20,Perú,Perú,7732.91,3401.22,7451.96,914.4,2.05,1.54,319.2
4639,963,Tarjeta,Jack Young,CC,89886444,GB11AFHA17734632173118,2024-06-19 00:05:09,México,México,2828.13,387.56,2153.58,957.19,40.74,0.81,284.49
4640,529,Exchange,Christopher Bauer,CC,33715238,GB75XOWJ84086131080105,2024-08-29 03:45:53,México,Colombia,8617.22,4235.92,9948.54,3782.35,34.28,18.99,88.74
4641,504,Remesa,Maureen Ferguson,RUT,30076294,GB02QJZS07669272024297,2024-11-04 15:53:38,Perú,Argentina,6316.15,2274.28,1659.83,295.39,14.62,22.63,288.64
4642,98,Remesa,Erik Ray,RUT,87525943,GB64BUOA53018368353739,2024-09-14 21:20:43,Chile,Chile,1086.69,2610.02,8615.35,2788.02,3.85,10.04,360.54
4643,186,Exchange,Theresa Ward,DNI,61446694,GB17AEFM31893282359843,2024-05-22 11:40:32,Argentina,México,953.25,729.53,1742.93,4897.21,24.1,19.9,478.19
4644,581,Tarjeta,Alexis Chandler,CPF,68871121,GB66NEUU44526122612299,2024-09-02 07:04:10,Perú,Chile,2014.32,1005.46,6869.5,1667.49,33.93,23.68,462.77
4645,433,Remesa,Emily Watson,CC,17627790,GB43VMXA68053503384862,2024-12-13 15:08:08,Perú,Perú,6329.34,4171.01,4197.82,3664.66,34.84,11.73,264.9
4646,925,Exchange,Charles Schneider,CC,94238518,GB75DYST28434642329552,2024-07-06 04:44:51,Perú,Argentina,8698.61,2943.45,6033.74,2567.99,6.61,22.63,313.59
4647,942,P2P,Jason Griffin,RUT,49334005,GB08CDRU78430276948320,2024-05-23 23:16:04,Colombia,Chile,6004.77,1929.22,4464.17,2961.12,48.65,5.4,473.42
4648,863,Remesa,Jordan Stone,CPF,70328991,GB98XWZE47049556621845,2024-09-20 14:02:00,Chile,México,9232.09,4615.11,9819.31,4751.73,15.43,24.67,342.72
4649,460,Remesa,Christina Harris,CPF,87575381,GB58RRRR82102609224549,2024-02-20 16:46:20,Perú,Chile,958.05,3752.28,5260.8,4769.28,36.95,23.57,469.56
4650,671,Remesa,Angela Maldonado,CPF,71675584,GB87ZCVX53838688851800,2024-11-27 09:52:44,Colombia,México,7552.88,1204.17,8804.59,2655.5,34.54,21.05,100.03
4651,393,Remesa,Carrie Saunders,RUT,68022526,GB49QHPE28570246492445,2025-01-13 21:24:42,Perú,Perú,5886.33,3777.73,2784.74,3427.81,16.0,7.37,35.68
4652,203,Exchange,James Myers,CPF,11483133,GB15BVSF38949205241574,2025-01-13 10:01:04,Chile,Perú,1750.45,3744.67,3342.78,1925.0,40.28,22.57,141.79
4653,920,Tarjeta,Katrina Shaw,DNI,32580642,GB26SSRY76180116222165,2024-07-23 10:19:36,Argentina,Chile,9854.45,2068.62,2232.24,3800.89,19.42,2.43,159.64
4654,125,Remesa,Alyssa Edwards,CPF,54376193,GB12IOCU60505605258519,2024-07-18 13:41:49,Argentina,Colombia,9447.15,4160.39,5152.46,1286.37,39.56,10.14,219.6
4655,79,Exchange,Angela Taylor,RUT,99859376,GB71QGFF50345834985354,2024-06-27 14:06:13,Perú,Argentina,7969.36,4157.19,2562.92,4577.3,18.66,13.25,15.78
4656,96,Tarjeta,Brittany Thomas,RUT,47836903,GB14NQZL75827322610476,2024-02-08 13:01:23,Chile,Perú,2674.74,1340.7,5732.71,3751.54,38.02,18.71,433.57
4657,542,P2P,Manuel Reeves,CPF,89222129,GB10VOPK33894159760441,2024-10-04 15:01:29,México,Chile,9240.13,4864.39,3652.19,2992.09,46.5,16.81,228.18
4658,450,Remesa,Felicia Murray,RUT,35697073,GB55KNDY39492060376635,2024-08-01 12:13:37,México,Chile,5791.46,3293.32,2790.79,445.46,14.86,17.57,463.25
4659,701,Remesa,James Carter,DNI,47672779,GB47RLJH36170699421357,2024-02-11 01:49:50,Perú,Perú,3284.6,4239.44,9254.56,4095.79,0.06,7.48,372.07
4660,743,Tarjeta,Timothy Gonzales,RUT,29866813,GB97OZEJ83224066414206,2024-01-31 09:02:41,México,Perú,8557.51,4916.71,8684.7,684.32,26.07,18.6,429.84
4661,176,Tarjeta,Todd Smith,DNI,37880735,GB38HWNO24485286007211,2024-10-09 05:07:58,México,Colombia,5204.66,67.46,3705.23,657.99,6.42,16.73,98.88
4662,605,Tarjeta,Heather Fernandez,CPF,62229418,GB76HZWB59079748799916,2024-02-27 05:19:50,Perú,Chile,4412.3,2554.29,8719.62,3355.51,38.91,10.19,54.34
4663,791,P2P,Peter Perez,RUT,88845911,GB25JNXY33384323916079,2024-06-19 05:43:06,Perú,México,5006.38,1534.95,6704.1,1642.34,14.57,11.83,139.98
4664,806,Tarjeta,Regina Anderson,RUT,63999772,GB16ABCH52526331519676,2024-11-01 16:14:17,Perú,Chile,5590.63,1744.51,6491.53,1676.27,34.81,16.37,43.54
4665,522,P2P,Michelle Kelly,CC,23125151,GB87MOQQ20275141659100,2024-03-05 19:33:02,Perú,Perú,6272.91,782.25,3142.84,4410.54,21.64,11.29,138.4
4666,214,Tarjeta,Cindy George,RUT,92146102,GB85VVVR45362281429218,2024-05-05 16:02:00,Argentina,Argentina,6353.28,3280.31,6064.01,3721.5,32.06,18.16,391.74
4667,267,Exchange,Alicia Hoffman,RUT,69363249,GB70DLKW21220656771004,2024-12-15 05:13:19,México,Perú,9216.31,2910.7,4694.86,1828.07,36.67,20.85,245.56
4668,140,Exchange,Amanda Brown,CC,71886630,GB19AIQO99928928353121,2024-07-15 06:47:32,México,Perú,9909.6,1184.61,3605.72,1390.78,26.95,11.92,110.46
4669,976,Remesa,Shawn Nguyen,RUT,13236245,GB72HXLT84475216585174,2024-01-26 07:37:09,Argentina,Argentina,7066.39,4339.97,1004.7,444.98,48.8,1.48,389.15
4670,71,Remesa,Donald Williams,CPF,95576528,GB12LDMO79768452917472,2024-05-16 22:19:01,Perú,México,4187.25,1374.55,3055.68,4345.19,19.32,0.97,499.48
4671,573,Exchange,Ralph Underwood,CC,49771079,GB63OLPG54279197651562,2024-03-15 14:27:11,Chile,Argentina,7654.77,4748.89,2749.82,2323.19,4.54,22.07,234.0
4672,802,Tarjeta,Travis Grimes,RUT,60122446,GB94QBKU95221326162755,2024-12-13 23:04:02,Argentina,Argentina,1278.38,799.7,8260.89,3808.91,40.74,3.11,478.65
4673,280,Remesa,Richard Montoya,DNI,44726579,GB95LHID56814406851515,2024-06-13 13:01:28,Colombia,Perú,5990.62,2299.22,4655.63,4565.27,20.29,7.8,386.59
4674,61,P2P,Dana Randall,RUT,80672050,GB69MRKH77432062761815,2024-08-19 14:18:04,Chile,Colombia,518.69,4642.59,8832.55,2784.84,12.22,16.37,61.23
4675,863,Remesa,Tommy Myers,CC,10834784,GB21ZJHG26959837107625,2024-12-14 17:21:38,México,Chile,2555.35,3776.54,9046.32,682.36,1.1,16.19,196.08
4676,793,Remesa,Julie Sanchez,DNI,61351489,GB67MJIC58859190315151,2024-09-24 18:36:29,Argentina,Chile,6804.95,1338.14,9062.78,4431.0,28.96,17.85,323.64
4677,18,Remesa,Andrew Nash,DNI,12453050,GB87ONDQ08052687377227,2024-06-03 13:16:39,México,Perú,6469.64,2122.29,4922.42,506.08,5.35,19.67,122.88
4678,226,Remesa,Kathryn Lewis MD,CPF,51904144,GB59JFHN19363403681395,2024-11-10 21:57:12,Argentina,Colombia,3151.56,925.51,7144.49,1325.58,1.46,5.71,164.75
4679,565,Tarjeta,Julie Gibson,DNI,31351216,GB70QLOR68218957139639,2024-12-04 13:14:24,México,Chile,3643.25,3178.5,8751.79,2517.86,3.83,22.03,457.16
4680,277,Exchange,William Gould,CPF,93166826,GB22CTAU84818426106626,2024-11-27 17:32:15,Colombia,Perú,1771.49,2047.55,3063.99,4157.75,30.25,2.97,482.46
4681,462,Tarjeta,Rebecca Andrews,CPF,86422738,GB26AJZI78985362664656,2024-09-07 03:30:58,Chile,Argentina,3848.73,900.83,5475.82,1475.61,15.36,18.91,478.96
4682,373,Tarjeta,Tyler Hudson,CC,84936854,GB89BQCY46555721409001,2024-06-25 05:14:41,Perú,Perú,2569.75,4068.77,8809.92,3856.65,20.2,3.27,138.36
4683,55,Exchange,Ann Sellers,CC,12464007,GB28JDMP37754797921887,2024-05-28 07:16:17,Chile,México,7912.93,4509.76,9894.52,322.95,41.13,19.98,103.97
4684,225,Remesa,Edward Mcconnell,CPF,48453700,GB42CNBC41518838363737,2024-12-24 14:56:20,Perú,Argentina,8877.32,3630.05,6819.41,4195.02,48.94,22.2,236.12
4685,167,Remesa,John Brown,RUT,71918904,GB24PEWY33740274098507,2024-03-21 17:37:09,Chile,Argentina,1166.06,3180.28,3914.9,2037.02,33.49,8.54,227.81
4686,958,Exchange,Keith Salazar,CPF,38844914,GB43LQOA05445542744909,2024-06-22 12:23:08,Argentina,Colombia,1510.15,2990.9,7287.04,596.53,18.82,13.26,321.91
4687,272,Tarjeta,Miss Wendy Frazier,CC,66838382,GB77SJFP98483389804344,2024-10-27 16:03:53,México,Chile,1958.74,1631.68,8902.21,3366.55,40.16,12.34,35.91
4688,291,Remesa,Michael Torres,DNI,20477215,GB78GCUO43727840837180,2024-12-30 21:46:19,Argentina,Perú,9855.59,2624.11,2985.93,3354.29,13.31,20.77,68.54
4689,905,Exchange,Roberto Steele,DNI,89596336,GB27NAEF46016071469443,2024-08-14 07:59:59,Perú,Chile,9261.92,4658.68,1362.64,2797.59,20.08,6.79,189.91
4690,4,Remesa,Ashley Rodriguez,CC,92891929,GB30TFBE07462152573430,2024-04-20 10:54:56,Chile,Colombia,3276.7,1787.62,2992.49,671.33,0.96,8.65,456.33
4691,6,Tarjeta,Victor Hutchinson,RUT,89603252,GB39CHJG64893219412796,2024-05-31 17:01:21,Colombia,Perú,5454.18,2038.47,4293.69,4688.13,2.69,10.85,278.78
4692,851,Exchange,Roger Wolfe,CPF,60410055,GB73NBSH97546166496118,2024-12-18 07:02:13,México,Argentina,7108.19,4418.41,5504.04,3998.81,7.78,7.18,64.62
4693,206,Tarjeta,Diana Freeman,DNI,53117523,GB38EDXO98211682403550,2024-02-20 06:33:48,Chile,Argentina,6619.41,1456.13,5133.82,1229.43,18.98,8.68,395.86
4694,73,Exchange,James Price,DNI,59816212,GB98IJUT43514649382585,2024-02-01 14:31:34,Colombia,Argentina,8797.04,3279.85,3750.77,1925.72,47.75,2.02,238.94
4695,565,Exchange,Terrance Kennedy,CC,91138635,GB61UREU36577802223322,2024-05-13 06:30:32,México,Chile,9901.47,2851.43,8770.67,754.39,3.75,14.53,204.07
4696,460,Tarjeta,Christine Spencer,CC,27009679,GB28CGSR07186803049806,2024-12-17 17:07:45,Perú,Colombia,3996.21,3868.18,2260.52,3322.2,8.81,10.97,394.46
4697,624,Tarjeta,Danny Ford,CPF,15666576,GB25YTGJ61205082375368,2024-12-10 00:13:57,Argentina,Argentina,6170.6,773.9,6846.91,1265.15,10.21,8.73,365.62
4698,7,Remesa,Latoya Gonzalez,CPF,24191883,GB59HHYW43970446866062,2024-11-03 07:55:38,Argentina,Chile,5510.54,630.52,6827.79,2618.91,31.75,21.11,455.23
4699,171,Remesa,Laura Anderson PhD,DNI,61862091,GB55KUJO34077273987731,2025-01-20 20:50:58,Argentina,México,8140.78,2399.69,2994.23,2515.9,16.63,17.25,398.06
4700,18,Tarjeta,Manuel Vaughn,CPF,77485094,GB86EAXC30498354259326,2025-01-05 00:26:59,México,Perú,9609.78,4428.58,1552.7,3026.02,48.19,15.92,393.22
4701,220,Tarjeta,Mary Woods,RUT,38673730,GB23MSHU31669585421878,2024-12-06 14:38:18,México,Chile,9793.16,4237.01,2572.92,1964.76,20.82,22.98,270.32
4702,47,Exchange,Philip Wilson,RUT,34340476,GB26WBPZ55240534056078,2024-10-30 23:29:17,Argentina,Chile,5396.46,1473.46,8574.35,3746.94,46.6,10.31,170.9
4703,211,Exchange,Brittney Mathis,RUT,62147334,GB61CLLP57878587240183,2024-12-17 04:04:42,Argentina,Colombia,3765.04,499.59,8403.87,2198.52,30.41,3.09,202.02
4704,508,P2P,Taylor Reid,DNI,75149639,GB20VMDP36591745435051,2024-03-11 07:52:09,Colombia,México,6457.66,2489.57,8623.58,4236.32,13.34,3.23,431.93
4705,935,P2P,Darrell Tapia,CC,70095711,GB16VCRU17238031537338,2024-10-15 10:25:55,Argentina,Perú,3903.34,618.01,9846.85,296.46,15.0,16.92,469.43
4706,511,P2P,Joshua Nichols,RUT,68462565,GB53WNZY91639806596272,2024-09-20 15:16:31,Argentina,Perú,7895.14,1064.16,7826.56,2819.09,17.52,12.33,389.99
4707,262,Exchange,Jeffrey Smith,CPF,59816100,GB84FIBS51376387173709,2024-01-27 19:17:53,Perú,Argentina,4652.45,379.42,2416.82,1021.38,1.92,23.38,74.01
4708,431,P2P,Michael Houston,DNI,52574544,GB88VQNF76849530487487,2024-03-02 18:52:03,Perú,Colombia,4719.88,3461.22,2105.6,3084.16,19.0,15.13,154.08
4709,513,Tarjeta,Christopher Bennett,DNI,23074009,GB65MFXU72642920264058,2024-06-01 13:20:19,Colombia,México,6865.17,1333.29,6262.34,3132.77,30.6,24.31,341.09
4710,595,Tarjeta,Carlos Strong,DNI,93954914,GB75UKIN56014419961175,2024-11-28 01:22:23,Colombia,México,4805.77,3610.68,3398.61,4060.39,31.9,2.95,432.48
4711,479,Tarjeta,Rodney Allen,DNI,97726293,GB51MOOB15357938742243,2024-08-15 18:01:15,Argentina,México,712.58,3338.89,2227.81,3109.53,31.51,2.58,389.74
4712,715,Tarjeta,Daniel Woodward,CC,86141647,GB60QNIQ70967012885363,2024-03-21 20:34:26,Colombia,Chile,5247.99,1718.32,1139.7,4309.24,15.2,13.74,373.83
4713,371,Tarjeta,Samantha Simmons,CPF,92988930,GB29IGUT81335057312114,2024-10-31 16:19:44,Colombia,Chile,2177.72,3774.33,9291.88,1700.42,8.29,11.86,53.34
4714,690,Remesa,Philip Medina,RUT,37865640,GB78IVAH27312160313638,2024-04-04 16:22:49,Chile,Argentina,8607.68,1428.54,5839.9,2196.44,19.32,2.05,465.66
4715,341,Remesa,Janet Johnson,CC,46651506,GB50CRDD67195105387683,2024-07-08 13:50:33,Colombia,Chile,7031.25,400.77,1571.45,3561.36,38.09,18.53,133.14
4716,43,Tarjeta,Travis Miller,DNI,10950418,GB46AGPX81422951768260,2024-05-22 07:50:51,Perú,Chile,1222.76,181.4,9827.09,812.53,21.33,24.33,81.44
4717,971,Tarjeta,Carolyn Scott,RUT,97614898,GB97MXRG19720091648543,2024-09-29 00:46:44,México,Chile,1113.59,1685.38,8179.75,3410.95,19.47,9.61,143.34
4718,852,Tarjeta,Adrian Smith,RUT,58976564,GB06WFDZ80827167169008,2024-11-26 14:56:18,Perú,Argentina,2679.03,3620.71,4509.49,2178.4,29.14,4.55,68.14
4719,564,Remesa,Sean Lewis,CC,75100969,GB54YNTP60846532851164,2024-02-21 01:16:18,Chile,México,5303.3,208.77,137.56,230.59,7.95,14.39,430.37
4720,620,Tarjeta,John Cruz PhD,CPF,29233108,GB77NLLN27301656840453,2025-01-19 12:26:33,Chile,Perú,965.33,2247.06,5109.3,2350.56,10.9,18.35,164.38
4721,901,Tarjeta,Michael Richards,CPF,91436541,GB21CAXF05213133060401,2024-05-06 11:17:21,México,Chile,8428.97,4414.85,7858.35,737.72,13.27,0.14,187.44
4722,1,P2P,Adam Villa,CC,27665227,GB40DVVX11429918358442,2024-09-26 05:27:39,Perú,Argentina,4742.82,3710.17,9598.88,4483.66,24.45,3.98,314.52
4723,138,Remesa,Jesse Daniels,DNI,62129852,GB56BHYI43290277044483,2024-03-23 09:17:18,Perú,México,8743.95,1956.61,2432.83,4363.09,1.66,13.88,294.58
4724,624,Exchange,Madison Foster,CPF,84218892,GB07UVFU45194978492432,2024-03-28 17:16:52,Argentina,Perú,7689.66,3643.31,6061.47,1750.8,21.88,12.26,360.5
4725,290,Exchange,Tyler Dixon,DNI,12654991,GB58JWFG08160271764937,2024-07-25 21:20:35,México,Chile,3063.02,4554.29,1294.33,928.14,13.91,13.16,118.88
4726,320,Exchange,Daniel Torres,RUT,84011690,GB16CSAK45334091019762,2024-01-31 21:01:01,México,Chile,2190.9,2003.08,5449.44,3046.49,29.05,5.13,435.24
4727,650,Tarjeta,Timothy Chaney,RUT,73035171,GB93SBOP47109781778143,2024-12-31 09:44:39,Perú,Colombia,8613.0,2289.89,4329.21,4904.38,43.27,13.41,208.0
4728,961,Remesa,Maria Carpenter,CPF,12996602,GB48ALCU15264341504341,2024-02-20 23:52:12,México,Chile,9442.35,868.51,2791.17,1327.36,16.35,0.65,233.82
4729,950,Exchange,Christine Schultz,CPF,76445350,GB39LAYW06446168091444,2024-04-29 07:47:08,Chile,Argentina,3643.15,821.58,4515.82,4511.43,35.31,14.49,357.86
4730,508,Remesa,Erin Rice,CC,14647969,GB74ZTGR91326931187051,2024-06-17 05:21:00,Perú,México,1146.38,843.3,1690.31,1533.25,43.26,21.1,323.92
4731,466,Remesa,Nicholas Rose,RUT,14806128,GB92IJCM09435327101022,2024-12-29 13:02:28,México,México,1960.88,110.74,7419.82,1682.41,21.3,16.66,495.44
4732,904,Exchange,Leslie Leblanc,DNI,43207277,GB45WRFY43311620820738,2024-09-23 19:05:44,Colombia,México,3369.61,4709.73,4354.41,4775.91,39.03,11.55,393.39
4733,746,P2P,James Williams,DNI,77385698,GB39NHVW99031753308014,2024-09-01 04:34:12,Perú,Perú,3648.24,1795.06,8377.96,2839.5,4.64,8.73,458.22
4734,22,Exchange,Amanda Sheppard,DNI,15529838,GB75CRZB43204739081758,2024-11-09 21:58:32,Perú,Chile,680.06,4988.65,1534.16,985.68,29.51,11.0,308.75
4735,300,Exchange,Jennifer Adams,CPF,63824706,GB18LLJI72075584792101,2024-12-12 20:47:52,Chile,Colombia,958.6,2557.2,7265.24,4811.28,8.42,13.6,31.49
4736,955,Tarjeta,Natalie Anderson,CC,18843975,GB54VBYU11102772217034,2024-11-29 12:05:05,Argentina,Perú,7032.43,1185.5,2064.86,1320.26,27.14,13.9,380.42
4737,491,Remesa,Andrea Green,RUT,82627915,GB11XAJI12033323823884,2024-04-07 08:56:57,Perú,Perú,3917.74,3165.21,7296.02,2465.95,31.43,16.17,169.91
4738,795,Remesa,Adrian Mitchell,CC,41503543,GB39VJRU59174451124136,2024-04-23 23:05:15,Argentina,Chile,1561.73,3130.05,8414.77,3971.07,15.88,3.58,425.0
4739,339,Tarjeta,Benjamin Carroll,CC,32199127,GB84HLKW03852027262843,2024-04-21 02:15:22,Colombia,Argentina,3516.23,1068.88,6637.25,3413.74,45.01,3.15,318.54
4740,644,Remesa,Douglas Copeland,RUT,64477768,GB45AAXZ44417918250037,2024-05-07 14:57:40,Colombia,México,9624.79,1269.18,7069.73,1689.55,45.69,12.88,370.29
4741,47,P2P,Cynthia Zamora,CPF,70464186,GB93FILX92514324870192,2024-12-20 05:48:43,Chile,Colombia,1887.96,2058.35,5385.43,4668.27,23.55,21.78,482.05
4742,132,Exchange,Kara Decker,CPF,38162045,GB46WNQZ65463564955265,2024-10-08 08:07:52,Chile,Colombia,5597.37,4639.27,5230.93,3756.63,14.61,23.12,27.78
4743,467,Remesa,Jessica Ruiz,DNI,33681709,GB11JHLR08633212087806,2024-07-20 07:19:22,Colombia,Colombia,7533.58,901.55,412.34,840.74,11.57,6.3,460.73
4744,7,Exchange,Ashley Mccarty,CC,52464465,GB20DTXX91811491514320,2024-11-18 07:58:46,México,Argentina,6724.88,4445.63,1296.01,1912.28,28.12,4.24,275.07
4745,793,Tarjeta,Travis Williams,RUT,59607770,GB70BPHV67756112339464,2024-06-18 06:39:41,Colombia,Perú,1990.34,2585.83,1344.22,4826.54,41.31,16.14,115.29
4746,259,Exchange,Margaret Jones DVM,CPF,19482433,GB20TUDT00147119790014,2024-12-25 11:35:56,Chile,Perú,4698.06,2452.63,3585.81,4196.64,20.05,4.09,11.71
4747,234,Tarjeta,Joshua Jones,CC,70551949,GB57DTND38773073643373,2024-09-18 05:41:05,México,Colombia,9155.07,1731.18,5950.41,2950.73,29.75,8.47,19.53
4748,122,P2P,Kimberly Miller,CPF,46027690,GB18WAMF16982726850394,2024-08-14 11:44:42,Colombia,Chile,6081.49,367.6,6718.38,3406.01,38.65,9.49,239.67
4749,604,Tarjeta,Kevin Taylor,DNI,87227779,GB02KHWG98244410917034,2024-11-15 19:34:11,Chile,Colombia,6645.36,1814.25,977.72,1295.05,29.76,5.68,190.36
4750,21,Remesa,Bridget Mahoney,CPF,16071023,GB07AOET47445675076010,2024-02-20 05:37:01,Chile,México,4959.83,4958.18,9468.68,3139.44,41.45,24.76,132.49
4751,457,Tarjeta,Dana Macias,CPF,86701568,GB41OMOB20174009313051,2024-02-03 01:31:28,Chile,Argentina,2980.3,3553.21,2332.72,3234.73,13.29,9.93,68.64
4752,284,Remesa,Kristin Bishop,CC,22481145,GB61TXUV22085220630930,2024-03-17 00:52:58,México,Perú,5384.0,213.18,6199.36,4009.93,4.12,14.53,370.35
4753,674,Remesa,Bobby Brown,DNI,41369368,GB23YTVI71693547168146,2024-09-02 04:28:44,Chile,México,3032.96,157.99,4616.16,454.55,46.99,9.57,187.03
4754,177,Exchange,Johnny Blanchard,CPF,55380298,GB16HQNV75541123496209,2024-05-09 14:38:40,Colombia,Perú,7353.69,4651.86,5948.69,4417.83,2.06,10.02,99.0
4755,223,Remesa,Dakota Nichols,RUT,60030856,GB59LYWL49490373457707,2024-04-10 21:07:59,México,Argentina,3421.08,3136.35,4386.56,3011.61,2.26,5.2,147.36
4756,618,Remesa,Sandra Jackson,CC,68700158,GB15VWCR96771948811098,2024-06-26 14:01:14,Perú,Chile,4405.52,4011.99,6278.17,2282.6,19.64,23.96,164.01
4757,422,Remesa,Sarah Savage,DNI,24916950,GB11SLOC82077981275067,2024-12-29 05:19:39,Perú,Chile,1666.46,3347.5,6569.72,476.75,39.3,1.71,316.58
4758,525,Exchange,Jeffrey Fernandez,RUT,81854192,GB39NBKG20987783913445,2024-09-04 18:51:58,Argentina,México,6753.43,2981.38,1133.72,1331.47,6.18,1.65,64.09
4759,845,Remesa,Patrick Zimmerman,CC,95441460,GB32AYEQ08626200466503,2024-06-05 23:39:46,México,Colombia,4803.76,3266.72,6472.69,2337.08,49.95,19.23,372.29
4760,805,P2P,Jonathan Garrett,DNI,55208337,GB57QXFH81192054973003,2024-07-18 10:14:37,Chile,Perú,2734.54,1086.23,5587.26,2793.1,27.06,0.71,61.64
4761,161,Exchange,Jessica Miller,CPF,29733232,GB77OOGM50724486672394,2024-05-05 05:49:28,México,México,7962.06,2747.66,9193.5,4570.92,44.53,18.0,471.97
4762,171,Tarjeta,Jimmy Johnson,CPF,44094694,GB81WCWO68004813890159,2025-01-05 23:52:51,Perú,Colombia,6797.98,2148.85,8378.42,1015.09,25.61,7.78,346.11
4763,602,P2P,Shannon Barnes,DNI,56947674,GB29LJBN82088311085306,2024-04-09 15:24:41,Colombia,Chile,5957.97,1613.41,5130.52,3056.82,28.96,13.62,91.14
4764,968,Tarjeta,Pamela Barnes,DNI,44857680,GB72TESN56142695922058,2024-11-08 21:46:20,Chile,Chile,5642.16,1039.84,4274.91,1263.52,41.99,12.86,231.83
4765,633,Remesa,Curtis Brennan,CC,77032176,GB22YZWD00458197872867,2024-04-22 17:08:17,Colombia,Chile,3131.25,3598.74,1817.27,2234.69,15.68,20.54,90.29
4766,51,Tarjeta,Rachael Miller MD,DNI,94215787,GB81VDHX81631086868857,2024-04-16 13:11:57,Perú,Colombia,3879.91,942.39,3802.19,2525.55,39.9,20.41,182.65
4767,48,Tarjeta,Wendy Fischer,CPF,22527092,GB90UVSD90984082002667,2024-03-12 17:56:38,Perú,México,1526.47,1663.26,2215.6,4203.31,35.55,17.11,420.3
4768,288,Remesa,Tanya Russell,RUT,74067742,GB98XMHH68674955419705,2024-08-08 14:45:15,Chile,Chile,1377.99,3461.91,8110.19,2952.99,39.32,24.79,297.22
4769,771,Exchange,Kristen Baldwin,DNI,52031263,GB87DSQW25438283106257,2024-03-14 06:43:33,Perú,México,5131.09,2559.23,8221.84,4880.38,49.16,20.47,68.47
4770,184,Remesa,Ashley Ellis,CPF,28329955,GB31SSGH16082270152015,2024-05-06 06:35:33,Perú,Colombia,2526.5,3803.16,3256.28,1177.97,34.45,7.99,251.89
4771,336,Tarjeta,Jessica Mclaughlin,DNI,29266267,GB12AUDA15290776545713,2024-07-27 07:26:13,México,México,603.63,3820.17,7926.51,1405.29,18.29,23.63,188.16
4772,316,P2P,Michael Tanner,DNI,33992721,GB47ZOQA27632503944268,2024-08-07 17:55:03,Colombia,Perú,4570.84,3373.84,485.43,2594.82,28.35,14.55,294.01
4773,514,Exchange,Sydney Davis,RUT,88271490,GB18UXDQ83527694801215,2024-03-15 11:24:39,Colombia,Chile,5294.13,383.45,4856.26,3380.49,45.51,13.97,348.38
4774,276,P2P,Breanna Walter,CPF,44456389,GB67PVNY53976438446397,2024-08-01 12:03:05,Chile,Perú,2922.33,306.22,3965.87,3939.1,19.21,10.47,136.37
4775,138,Remesa,Marilyn Gutierrez,CPF,42950773,GB89NDDH79505508849900,2024-03-17 22:15:14,Colombia,Colombia,9665.64,2915.7,5010.68,3385.93,32.67,5.84,278.16
4776,261,P2P,Jason Landry,DNI,83263205,GB39KVLV72178089452502,2024-08-11 20:08:56,México,Argentina,3639.92,4225.09,3747.68,1351.48,23.36,10.17,284.53
4777,768,Remesa,Chelsea Thompson,CC,85566458,GB33SYYZ51080843332527,2024-08-10 10:31:41,Chile,Perú,5507.75,2466.59,9111.19,2783.74,0.52,9.39,133.56
4778,843,Tarjeta,Jacob Andrade,RUT,86036393,GB35FPRC96815040950456,2024-10-09 13:59:51,México,Chile,558.68,3890.28,4291.71,4733.92,15.8,6.82,432.6
4779,591,P2P,Steve Parker,CC,13523532,GB76JUIV40477789914471,2024-09-10 06:27:44,México,Argentina,9957.64,2140.78,2105.26,2257.14,35.05,13.52,203.49
4780,371,Remesa,Mrs. Kimberly Nguyen DDS,CPF,41050637,GB43ZMRE45664785569146,2024-09-16 16:20:19,México,Chile,9773.47,2590.84,3022.04,3259.15,42.97,3.89,112.43
4781,879,Exchange,Christina Parsons,CC,21271483,GB88YADZ73652148301132,2024-10-19 00:11:51,Colombia,Perú,5240.72,1762.97,5257.63,2655.9,14.45,21.17,237.57
4782,902,Tarjeta,Kenneth Williams,DNI,30032377,GB47PQOA29460497927089,2024-07-08 08:23:36,México,Perú,9950.9,650.99,9252.21,4097.52,18.7,21.22,428.38
4783,486,Tarjeta,Steven Powers,CC,51255787,GB82IYCT42283547866478,2024-04-12 17:21:24,Argentina,Argentina,295.42,3864.03,7454.61,864.28,0.24,9.15,176.63
4784,325,Exchange,Robert Howell,CPF,26514547,GB74ZPLC75210017006727,2024-06-17 19:06:52,Chile,Colombia,6780.93,4202.85,5232.08,4480.1,45.11,0.47,497.89
4785,666,P2P,Shannon Flynn,CPF,65417161,GB15BWUQ56283594030180,2024-12-01 08:37:38,Chile,Perú,9236.68,4210.28,3342.01,3537.51,49.34,7.41,159.71
4786,423,Exchange,Ashley Clarke,CPF,21376367,GB72BBNH38833242783439,2024-05-11 00:09:31,Colombia,Colombia,2135.99,1432.62,3576.64,2044.8,12.5,12.1,115.65
4787,844,Tarjeta,Raven Chandler DVM,CC,78165614,GB70NKTL31449636861194,2024-06-06 07:37:54,Perú,Argentina,9919.71,3395.56,6256.86,3169.34,17.18,20.37,51.88
4788,235,Tarjeta,Travis Patterson,CC,92093612,GB20ZXHF89829291196279,2024-07-30 00:19:28,Colombia,Chile,2656.34,801.03,3577.51,2252.68,33.95,18.21,455.45
4789,209,Tarjeta,Stanley Singh,CPF,28589695,GB93ZNZY96524884808541,2024-09-13 01:59:50,Argentina,Colombia,7023.61,4517.57,9443.57,1355.8,18.28,19.16,352.44
4790,196,Tarjeta,Donald Williams,RUT,15077772,GB64YQLR70421193680695,2024-10-27 00:18:47,Perú,Perú,524.76,2781.59,8534.78,4489.26,9.41,9.42,160.47
4791,424,Tarjeta,Jamie Pham,CC,93947806,GB94EIOY94454260178186,2024-03-26 17:48:13,México,Argentina,8739.21,1377.43,4008.57,786.94,32.7,22.0,368.29
4792,890,Exchange,Linda Gallagher,CPF,72566726,GB41PPJW65086485578576,2024-05-07 23:21:49,Argentina,Perú,3634.37,4160.44,444.05,553.27,15.1,24.53,405.36
4793,88,Tarjeta,Michael Benson,RUT,16861675,GB52AJXM48585934553467,2024-06-25 17:49:30,Colombia,Argentina,3752.82,2073.52,4560.65,1350.38,26.64,21.2,483.4
4794,56,Remesa,Karen Baker,DNI,42613964,GB92KBZW01989196075421,2024-03-07 01:25:24,Argentina,Argentina,5189.36,3447.99,4206.67,4521.27,43.22,11.18,26.98
4795,652,Exchange,Johnny Chapman,CC,95083917,GB98VYBY36401146123410,2025-01-01 10:35:32,Perú,México,1787.09,3830.12,7144.12,4262.19,26.17,17.64,146.24
4796,955,Exchange,Dr. Cassandra Morales,RUT,14597229,GB42BFVK43065747102227,2024-04-02 19:26:18,Colombia,Colombia,3485.02,331.81,3226.21,284.28,17.78,18.01,345.23
4797,973,Remesa,Patricia Vasquez,DNI,37881815,GB39KZTJ24950609021548,2024-02-19 14:15:12,Colombia,Argentina,5339.71,2665.19,2320.66,845.63,46.27,22.5,434.33
4798,771,P2P,Jacob Dyer,DNI,33876438,GB15CBKR75787522690551,2025-01-09 02:45:25,Colombia,Perú,1597.67,3323.68,8401.95,587.84,39.61,0.91,22.99
4799,998,Exchange,Thomas Murphy,RUT,15416469,GB42UCKI67232207888895,2024-02-08 22:26:55,Argentina,Colombia,4960.56,866.89,4130.02,1350.82,23.4,24.25,297.5
4800,1,P2P,Robin Lee,RUT,58402273,GB42KHUH03060467699745,2024-03-16 08:48:09,Argentina,Perú,9964.97,4215.4,4746.37,3442.88,40.05,16.15,326.46
4801,127,Tarjeta,Edwin Shannon,DNI,66026120,GB18VRPC45533236603112,2024-04-15 06:29:04,Argentina,Argentina,9246.82,4966.64,9926.61,196.26,23.94,24.09,157.93
4802,88,P2P,Lauren Johnson,CPF,36485263,GB85DWGY35944722563931,2024-07-02 17:48:38,México,Perú,9390.12,1056.02,6722.34,4803.42,18.35,24.94,131.01
4803,279,Tarjeta,Hannah Hunt,CPF,90601895,GB62PELU65267219922209,2024-02-05 01:57:40,Colombia,Perú,2843.56,4525.79,6691.29,2872.02,23.35,16.84,110.44
4804,614,Remesa,Philip Shaw,CPF,43564863,GB56SWLA88875580655538,2024-06-25 09:52:06,Perú,Chile,427.38,2100.96,6365.27,3076.12,3.61,10.48,162.06
4805,261,Remesa,Jacqueline Castro,CC,69098680,GB57JITW46261938008792,2024-04-12 14:03:18,México,Chile,4186.48,2916.74,3011.24,3432.43,8.83,1.7,366.11
4806,777,Exchange,Gregory Brown,RUT,63255623,GB18OSWD21534255982970,2024-12-04 14:59:44,Argentina,Chile,9906.69,1541.6,2198.39,1688.19,12.66,2.22,405.75
4807,237,Tarjeta,Kristen Simpson,CPF,58644399,GB02CVAA76857299887050,2024-03-13 19:31:44,Argentina,Argentina,401.91,4368.12,5876.25,1985.04,41.9,0.17,347.32
4808,566,P2P,Emily Massey,CC,18543595,GB02PEOD29771567662883,2024-05-29 06:13:07,Chile,México,5756.05,4280.6,9821.33,3890.6,26.63,16.61,232.6
4809,16,Exchange,Ashley Escobar,RUT,87798767,GB98AUPI86307441542191,2025-01-12 01:19:16,Argentina,Chile,3601.66,4186.2,8302.53,428.76,44.71,9.39,460.1
4810,471,Tarjeta,Tony Rivas,CC,99966329,GB37DYDU82348282954970,2024-03-02 23:15:30,México,Perú,6898.22,198.78,6291.48,1964.22,10.43,2.29,18.89
4811,272,Tarjeta,Nicole Preston,CPF,63524650,GB25FEXB94722051251981,2024-08-06 19:51:17,Perú,México,1210.3,1344.14,3255.7,3499.16,27.77,10.81,39.86
4812,341,Exchange,William Brown,RUT,49378579,GB50KFRI36233952079728,2024-06-06 09:05:17,México,Argentina,2732.65,2338.94,8475.21,2159.93,45.65,10.36,84.87
4813,83,Remesa,Dennis Williams,CPF,34492586,GB28YHKS07488769139599,2024-12-13 05:51:53,Colombia,Colombia,9115.35,1397.09,8887.92,467.44,38.36,12.01,466.04
4814,887,Remesa,Jill Miller,CC,82510297,GB77GGTJ94664975336573,2024-10-15 08:21:04,México,Perú,3624.45,1665.43,1100.14,2365.85,3.73,9.69,362.47
4815,867,Tarjeta,Elizabeth Jones,CPF,96454644,GB85PYDC86885299092143,2025-01-12 07:49:05,Colombia,México,6613.77,356.96,5797.93,1753.04,38.33,17.63,247.13
4816,201,Tarjeta,James Ramirez,DNI,28317558,GB33WXKK22942477373047,2024-07-27 02:53:00,Perú,Chile,6432.88,3891.97,2881.38,2781.79,38.68,23.46,137.01
4817,544,P2P,Karen Barnett,CPF,29907818,GB50PFNC07131580871667,2024-11-18 11:08:16,Chile,México,4502.25,1036.92,7601.82,2853.9,43.13,20.39,264.34
4818,745,P2P,Matthew Shaffer,CPF,60945152,GB88RVLW43692610196311,2024-03-31 14:15:31,Perú,Argentina,5828.85,4971.55,4091.4,623.62,26.22,9.76,124.78
4819,820,Tarjeta,John Padilla,CC,79042783,GB24TVDA60209852975578,2025-01-20 04:00:34,México,Argentina,3288.0,4565.67,4813.05,3291.52,23.12,0.6,93.42
4820,19,P2P,Cheryl Gilmore,CPF,62779117,GB30CUOZ11188383504456,2024-06-02 10:59:22,México,Colombia,9863.96,612.22,9810.06,2320.97,22.73,14.23,374.78
4821,953,Remesa,Nicole Mills,CPF,87145129,GB16QBMF71482253949483,2024-03-29 10:58:46,Chile,Chile,8388.25,2695.6,1519.34,786.41,47.34,22.98,35.42
4822,658,P2P,Herbert Rogers,CPF,94147043,GB35FXLQ82480881471314,2024-11-28 07:39:10,México,Colombia,941.83,102.47,833.76,1533.55,42.98,8.5,451.53
4823,702,Remesa,David Cooper Jr.,RUT,88069085,GB06WKZT22202035088822,2024-10-29 02:42:44,Chile,México,8026.67,2652.45,6645.58,2612.56,2.85,2.72,320.0
4824,402,Tarjeta,Samantha Gibson,CPF,33203947,GB43FPPA01925653553985,2024-04-02 18:26:15,México,Argentina,5028.17,1463.92,2344.66,2746.05,45.74,16.66,197.08
4825,235,Tarjeta,Ronald Rivera,CPF,24515755,GB50IYZU28267820585035,2024-11-17 03:32:02,Perú,Chile,5248.91,766.62,2653.79,2034.42,5.64,14.85,117.79
4826,447,Remesa,Kevin Martin,CPF,85217412,GB05VPMO18936459363735,2024-09-23 01:08:54,Colombia,Perú,6629.12,1652.98,9605.27,1431.78,22.02,3.35,77.06
4827,474,Remesa,Kyle Tanner,CC,12587514,GB80SYCA27274394484366,2024-10-18 02:04:42,Chile,Colombia,9576.27,4466.45,6969.36,2971.13,7.55,23.32,481.63
4828,38,Remesa,Elizabeth Bailey,RUT,40740473,GB58INNA35509504499067,2024-03-27 19:10:53,Chile,Chile,6860.9,1810.24,6161.39,3363.06,9.54,3.96,75.68
4829,737,Exchange,Jennifer Munoz,RUT,37945080,GB18CXKB94289715672804,2024-05-02 04:06:29,Colombia,Colombia,1358.55,1044.95,9450.12,2369.44,7.87,10.89,334.14
4830,990,P2P,Nicole Jones,CPF,77702589,GB88YQJA55333085601907,2024-02-26 09:01:48,Argentina,Colombia,1959.03,4445.63,5001.09,4649.08,37.59,23.39,312.54
4831,582,P2P,Todd Lopez,CPF,30015087,GB81GCUA42819784568097,2024-12-07 02:28:20,Argentina,Argentina,5461.05,1887.71,1171.28,4326.55,18.86,17.4,255.76
4832,410,Tarjeta,Erin Brooks,DNI,40813947,GB10VSGL63689147812556,2024-05-15 00:47:02,Colombia,México,2230.53,686.04,7033.62,401.78,1.38,3.91,50.12
4833,568,Tarjeta,William Collier,CC,59010449,GB05JIUQ66575608557208,2024-11-14 02:43:10,Argentina,Perú,1768.77,1599.46,430.0,4377.4,5.95,0.59,308.88
4834,220,Exchange,Brian Le,CC,65767248,GB50ROAO96950135909197,2024-05-17 23:57:59,Colombia,Perú,5105.76,3128.81,7824.6,1020.73,2.34,16.88,397.47
4835,304,Tarjeta,Jessica Williams,CPF,14748316,GB63VKHU80865573871233,2024-04-30 19:35:10,Perú,Chile,489.43,2181.86,5006.63,483.56,35.27,13.23,393.42
4836,499,Exchange,Albert West,CPF,99252787,GB14ZVTD08176941986158,2024-03-17 13:23:06,Colombia,Colombia,2858.06,385.7,3566.34,3804.17,39.12,12.67,190.41
4837,810,Tarjeta,Bryan Simmons,DNI,15305745,GB46XTIU41419034594125,2024-06-27 12:36:07,Colombia,Perú,3681.92,2980.31,1172.33,4775.91,44.75,4.76,457.82
4838,874,Exchange,Shelly Lambert,CPF,18101863,GB97WFHL48273899920286,2024-02-23 05:30:20,Colombia,Perú,4450.07,2081.29,2824.06,3376.14,1.32,5.8,394.06
4839,764,Exchange,Edward Boyer,RUT,13539907,GB25PEMR76079359464381,2024-03-08 20:13:47,México,Argentina,2835.06,1638.75,6448.07,2689.82,18.71,18.92,111.38
4840,759,P2P,Adrian Parker,CPF,66057922,GB87JTEF96179756973830,2024-09-21 09:27:48,Colombia,México,6845.72,3826.19,4703.48,196.78,42.08,3.67,477.29
4841,213,Tarjeta,Margaret Valencia,RUT,67687304,GB52ISPM69765390017090,2024-04-19 09:04:08,Chile,Chile,5083.95,771.5,596.9,2621.81,45.88,4.0,73.41
4842,126,P2P,Emily White,RUT,74614072,GB94QLIU05269013215891,2024-02-15 11:13:51,Colombia,Chile,2489.99,2759.06,1780.96,4095.55,24.69,22.58,187.97
4843,616,P2P,Rebecca Villegas,CC,16110311,GB50QVFJ88757353618581,2024-10-29 16:40:59,Colombia,Chile,6664.96,3268.12,9571.14,887.39,44.19,17.22,344.25
4844,619,Tarjeta,Kelly Joyce,CPF,25818930,GB52DRTT92701966966773,2024-09-30 02:34:05,México,Argentina,9762.67,4543.28,921.54,1596.03,33.03,21.97,480.61
4845,711,Remesa,Andrew Palmer,RUT,47472215,GB45RLHX08479276720968,2024-07-03 14:18:27,México,Argentina,8262.34,2632.33,9260.02,3023.32,35.22,1.4,371.28
4846,611,P2P,Nicholas Kaufman,RUT,90445966,GB67PIRS79052467610526,2024-05-24 07:23:26,Chile,Colombia,4427.81,480.55,2933.78,142.39,32.14,23.09,214.83
4847,504,P2P,Christina Acevedo,RUT,94332522,GB36GBSW89349865448059,2024-08-23 16:53:27,Colombia,Chile,2192.54,2242.81,3561.68,218.89,44.39,9.85,397.97
4848,182,P2P,Kristen Galloway,RUT,64711043,GB08CXCA77101525400046,2025-01-03 16:46:28,Chile,México,9527.95,3825.51,9738.01,3610.4,4.55,23.76,364.32
4849,838,Remesa,Dale Zavala,DNI,41050130,GB37AXKE36063373627374,2024-02-18 00:56:42,Colombia,Argentina,2461.38,4040.78,8939.41,2138.03,1.6,10.7,499.53
4850,511,Tarjeta,Mary Rocha,RUT,80599404,GB26HTQR11632030102451,2025-01-05 13:44:56,Perú,Colombia,8139.74,1907.09,4719.0,653.22,31.38,20.04,463.83
4851,494,Remesa,Michael Davis,DNI,83478749,GB21KMRF55214521885258,2024-09-01 21:03:15,Colombia,Colombia,4044.93,469.13,1502.34,2827.66,3.6,13.53,312.89
4852,15,Remesa,Danielle Fox,CPF,49870395,GB93RBXN50575465115067,2024-08-29 05:21:32,Colombia,Colombia,9198.22,1598.89,4453.31,2137.7,5.69,21.24,366.43
4853,830,Exchange,Kevin Gonzales,DNI,43933715,GB17JHDD45466617253325,2024-05-09 17:01:12,Chile,Colombia,7188.96,4006.22,6930.08,1402.62,18.99,9.85,321.99
4854,88,Exchange,Angela Brooks,CPF,98095584,GB66UZVW19074822332668,2024-04-29 18:07:08,Colombia,Perú,6009.76,3868.74,7684.16,4335.72,11.8,19.84,294.44
4855,746,Exchange,Dawn Schmidt,DNI,36943210,GB65VFJJ86246532996871,2024-03-04 06:30:33,México,Perú,8194.85,2898.49,7329.71,1283.05,10.01,9.12,145.99
4856,182,Remesa,Elizabeth Duncan,DNI,19636583,GB14AAIP15846685742626,2024-09-03 02:13:05,México,México,3203.47,851.66,970.22,315.15,19.9,2.79,237.56
4857,29,P2P,Barbara Becker,RUT,89238251,GB85SPSG19099812947632,2024-04-29 14:09:32,Colombia,Chile,2035.19,799.76,8005.36,3432.9,8.59,11.05,278.34
4858,749,Exchange,Adrian Lewis,CC,42526491,GB50WBST26559667690654,2024-06-24 05:44:06,Colombia,Argentina,9630.41,3301.97,421.66,3578.57,24.53,8.3,179.76
4859,14,Remesa,Laura Williams,RUT,84201514,GB70DMUH88327352441346,2024-07-03 20:21:39,Perú,Chile,180.76,1660.69,6634.52,4338.64,20.16,0.13,59.87
4860,744,Tarjeta,Rachel Pratt,DNI,66300465,GB89TIAV75157177643711,2024-05-21 05:05:55,Perú,Perú,8704.03,3660.68,4910.54,2907.29,25.08,5.09,230.12
4861,291,Exchange,Sandra Turner,RUT,64262171,GB34SKTS69949847446569,2024-02-23 00:55:47,México,Argentina,6644.88,1166.58,2923.62,4248.7,18.7,7.91,406.92
4862,648,P2P,David Smith,CPF,23507054,GB40OOYL96264346365137,2024-01-25 09:30:39,Colombia,Colombia,6821.64,2619.78,9946.57,2151.23,12.67,15.08,43.41
4863,36,Exchange,Larry Nelson,CC,59364634,GB18KFWA23714657040378,2024-12-15 16:41:33,Perú,Argentina,7944.55,1568.06,1151.98,3742.25,44.85,5.32,73.67
4864,754,Tarjeta,Mary Waller MD,CC,59449955,GB87YDIL71998734781818,2024-09-11 01:53:07,México,Chile,873.42,3587.97,8396.31,4975.02,1.2,20.06,425.44
4865,45,Exchange,Christina Miller,RUT,43293225,GB95GMFZ07800039026374,2024-11-29 01:38:07,Chile,Perú,8071.96,2064.45,7794.58,4234.57,47.68,15.38,292.59
4866,853,Tarjeta,Carol Frost,DNI,44072693,GB44VBWV74777935178830,2024-06-12 15:51:33,Argentina,Argentina,728.39,2655.3,5318.44,2275.22,14.96,15.57,249.59
4867,635,Exchange,Brian Larson,RUT,40181386,GB05YICJ81215046330706,2024-03-16 06:45:13,México,Perú,4023.8,2388.26,3648.71,120.56,39.47,3.38,39.51
4868,88,Remesa,Brian Lee Jr.,CPF,86318352,GB54LGIY59508150336738,2024-09-05 14:58:20,Chile,Perú,9573.04,4787.24,8295.04,970.82,26.64,20.21,328.65
4869,835,Exchange,Matthew Sampson,CC,28893359,GB20ZSPF61393015164129,2024-03-25 00:45:56,Perú,Argentina,9970.2,1831.97,3480.7,2992.8,49.84,15.88,347.01
4870,108,P2P,Michelle Jones,CC,70974589,GB81FUEY13672142632362,2024-05-27 12:26:07,Colombia,Chile,8775.38,1969.89,8256.28,4108.98,42.87,13.11,475.27
4871,53,Exchange,Andrew Klein,DNI,44991692,GB38JSGE21832450923800,2024-05-27 21:10:03,Argentina,México,645.2,3352.98,679.35,4978.03,36.08,24.96,111.53
4872,49,Remesa,William Stevens,RUT,40685341,GB49LWGA71747248678314,2024-11-11 08:05:33,México,México,7446.17,1694.2,2920.15,582.27,38.5,19.73,179.96
4873,29,Tarjeta,Peter Watson,CPF,29214952,GB57AKIG87985017450546,2024-07-22 00:20:41,Colombia,México,3148.95,1337.14,5220.74,1108.53,22.24,8.64,99.71
4874,808,Remesa,Sue Zamora,CC,25931507,GB03XKYY08710583316028,2024-09-25 10:03:11,Perú,Colombia,3759.39,3323.79,7187.64,3141.59,36.64,24.05,14.7
4875,203,Remesa,Jordan Keller,RUT,20255576,GB24QFLX22153089210428,2024-07-16 00:53:02,Argentina,Perú,7262.67,2231.04,583.99,4628.65,13.64,13.06,136.27
4876,181,Exchange,Aaron Shepherd,CPF,38725414,GB36DQTH32738065410303,2024-09-27 09:24:29,Perú,Argentina,8767.43,3981.02,5103.15,2888.52,14.05,6.47,376.2
4877,532,Tarjeta,Natalie Kennedy,CC,52885217,GB03KRUX16084288327753,2024-06-10 05:57:17,México,Argentina,5355.43,4297.6,5049.67,4583.31,37.45,18.61,107.95
4878,740,Tarjeta,Kenneth Hill,CC,11783119,GB37RPSW63115854033013,2024-08-30 02:58:45,México,Chile,5466.4,1469.77,5761.95,2693.14,17.31,21.06,254.34
4879,467,Remesa,Anthony Clayton,CC,68199216,GB22GMNJ75464814509645,2024-12-07 00:25:13,Argentina,Argentina,5396.33,2597.27,5842.75,1263.78,42.54,17.89,453.56
4880,929,Tarjeta,Daniel Harris,RUT,79918941,GB27WAXB22993222732425,2024-11-20 11:31:38,Colombia,Argentina,7896.69,3444.06,2112.14,1590.6,17.41,9.38,206.52
4881,521,Exchange,Robert Crawford,CPF,46933812,GB22EFUQ52838189320821,2024-07-06 14:53:10,Perú,Argentina,5231.1,4226.03,3297.52,4546.55,49.98,1.19,462.12
4882,816,Remesa,Kayla Glenn,RUT,24742979,GB71GNOA74518597449530,2024-11-06 08:53:54,Argentina,Argentina,9067.72,3768.19,4832.85,373.42,28.58,14.2,52.09
4883,720,P2P,Jasmin Flores,DNI,59858829,GB94DLFE21897184407415,2024-10-03 23:25:38,México,Colombia,1103.68,3036.09,9540.47,1449.49,10.76,13.96,483.88
4884,816,Tarjeta,Denise Hughes,RUT,55843291,GB58CZST18478360977630,2024-04-12 17:03:10,México,Chile,9176.51,1503.8,2564.19,4167.86,31.41,7.14,62.1
4885,646,P2P,Rachel Campbell,DNI,24038078,GB62GZQB17359742780357,2024-11-20 23:53:21,Perú,Chile,5480.73,1890.3,898.34,1383.72,9.88,8.33,269.36
4886,16,Remesa,Karen Rivers,DNI,76255770,GB98WCRA40223230859278,2024-02-26 21:36:39,Perú,México,3220.16,106.5,2054.07,2616.39,47.42,2.4,182.3
4887,325,Tarjeta,Anthony Foster,DNI,92160008,GB60JCYE40075216215775,2024-02-01 22:36:32,Colombia,Argentina,6447.42,2094.22,2812.3,3169.01,33.48,15.24,78.18
4888,247,Remesa,Maria Stanley,RUT,46072348,GB69XPGJ48601691915138,2024-09-24 03:02:04,Chile,Chile,4307.44,2325.33,1707.32,995.2,21.48,16.95,256.28
4889,203,Exchange,Vanessa Williamson,RUT,87571441,GB58IIKT43627629366550,2024-12-12 20:13:48,Argentina,Perú,8871.09,2241.47,6619.67,2095.18,9.61,14.25,109.18
4890,963,Tarjeta,Joe Johnson,DNI,95301965,GB94CFFF40771604868085,2024-05-25 17:42:34,Perú,Chile,8228.53,294.32,4008.96,119.01,9.89,2.14,156.16
4891,373,P2P,Charles Perez,RUT,22277548,GB72AGVC74994850831896,2024-09-12 02:42:51,Argentina,Colombia,3547.26,2590.0,1624.92,4224.19,39.81,10.31,180.43
4892,470,Exchange,Penny Huff,CC,71341343,GB46NALN90451703022521,2024-09-28 07:44:38,Argentina,Colombia,7648.51,528.39,4927.05,3553.76,38.86,2.23,285.41
4893,698,Tarjeta,Morgan King,CPF,42591510,GB65TGMS22986040716959,2024-04-03 15:13:15,Perú,México,8303.16,213.59,3798.63,364.19,35.81,6.26,288.18
4894,243,P2P,Charles Bowman,RUT,90490754,GB96QTVA83381421863063,2024-06-20 03:03:07,Argentina,Perú,3145.44,536.88,4763.91,3828.47,24.36,23.26,30.56
4895,738,Tarjeta,Christopher Miller,CPF,27535593,GB78KFOH58696042167604,2024-09-22 13:38:22,Argentina,Colombia,5741.62,4979.72,9714.66,4799.78,38.82,11.33,211.72
4896,331,Remesa,Curtis Kennedy,DNI,88103767,GB88SFDE99231989302633,2024-06-03 09:58:09,Chile,Perú,5303.52,823.84,6467.35,3051.33,43.48,9.01,133.85
4897,62,Exchange,Amanda Webb,DNI,16918999,GB20RIOO50619540517911,2024-03-03 19:34:58,Colombia,México,1599.0,3745.95,3048.01,3446.45,48.37,9.37,55.53
4898,212,Tarjeta,Peter Smith,CPF,81954299,GB16VSNZ16352657048502,2024-10-15 19:26:18,Chile,Argentina,8981.51,2985.07,7320.65,1655.84,15.08,14.91,292.66
4899,101,Remesa,Joel Donaldson,RUT,97313474,GB41PHDR61807407397861,2024-06-24 18:19:05,Perú,Argentina,6816.87,4848.51,1719.45,4651.53,14.32,15.15,192.34
4900,998,Remesa,David Roberts,CPF,66774595,GB12GUWA11239570713001,2024-03-12 18:42:53,Perú,Chile,1028.65,2995.42,7072.84,2616.07,15.99,7.26,225.78
4901,511,Remesa,Jessica Wade,RUT,93254225,GB48FQCN37267913127386,2025-01-21 17:31:58,México,Chile,5768.04,354.63,6222.88,486.63,0.64,11.68,274.36
4902,503,Remesa,Steven Nunez,CPF,22491933,GB57OXQR23811826712951,2024-05-29 04:57:58,Colombia,Perú,1812.56,3246.68,2566.44,3726.88,19.34,2.74,57.8
4903,139,Exchange,Thomas Allison,CC,40678053,GB15SHDR41125742126230,2024-03-09 12:05:41,Perú,Colombia,7304.13,2913.38,248.71,3625.32,4.99,0.4,197.13
4904,454,Remesa,Jamie Robinson,RUT,12768586,GB85VUAP70194951165178,2024-04-11 05:47:04,Colombia,México,4084.13,1293.22,452.66,2534.35,19.12,19.24,309.22
4905,888,Tarjeta,Dylan Herrera,CPF,40281219,GB69UCTG72357508000972,2024-12-10 20:36:04,Argentina,México,8394.53,4826.56,1187.63,765.2,33.25,22.29,370.62
4906,260,Remesa,Michael Cole,DNI,89963900,GB91MJBV08292013435569,2024-03-22 03:03:55,Colombia,México,6803.58,3656.49,279.4,2836.46,48.35,7.77,26.36
4907,591,Tarjeta,Lonnie Ware,CPF,46436080,GB09UYXT42968322107804,2024-04-09 09:17:24,México,Colombia,9386.2,3217.04,4221.68,1284.58,12.02,19.71,283.98
4908,451,Tarjeta,Ryan Martinez,CPF,93449391,GB09GBJN03782106682266,2024-05-08 06:48:13,Argentina,México,1760.89,4947.18,5123.35,899.12,37.51,20.35,287.27
4909,301,Exchange,Tanya Berger,DNI,88985661,GB21HITO74484603031510,2024-09-13 21:54:07,Chile,Argentina,9883.71,3128.56,3302.59,54.52,38.57,22.71,361.39
4910,169,Tarjeta,Michelle Hall,RUT,71934381,GB12GOZV42765039515273,2024-08-07 19:39:18,Argentina,Argentina,5145.81,669.0,6674.55,2307.08,14.41,6.23,45.08
4911,357,Remesa,Christopher Lee,CPF,48889420,GB02GFMU12164469464387,2024-12-27 13:52:13,Chile,México,8637.61,2219.21,5815.78,3632.43,28.69,15.06,459.66
4912,598,Tarjeta,Danny Harvey,CPF,57719005,GB82DNJH59510513730782,2024-11-30 11:42:19,Chile,Perú,5458.54,734.0,9428.93,4849.09,18.69,7.89,409.51
4913,585,Tarjeta,Emily Thomas,RUT,22521372,GB73KAFT54327101883046,2024-06-25 18:04:41,México,Argentina,4350.71,645.17,2648.1,4451.75,7.22,5.2,214.45
4914,34,Remesa,Wanda Carter,CC,91727517,GB62CAQP15580592368070,2024-06-18 19:48:47,Perú,Argentina,6642.04,2257.76,6433.16,3573.39,44.67,16.83,54.02
4915,790,Tarjeta,Rebecca Anderson,RUT,85456859,GB92IPZJ91827450835266,2024-12-14 22:31:00,Argentina,Perú,152.53,2027.07,2744.5,1978.17,14.17,24.7,79.89
4916,92,Remesa,Anthony Smith,CC,62493421,GB92YEKO93842895976280,2024-03-16 19:26:28,Perú,México,6617.31,818.7,5009.88,154.25,39.92,22.33,331.5
4917,383,Tarjeta,Alyssa Elliott,CPF,75090355,GB27BYXE40243354781508,2024-04-14 11:24:08,Chile,Colombia,4065.24,3443.3,1502.65,3616.4,45.9,22.21,400.68
4918,760,Exchange,Corey Johnson,CC,30660435,GB62OJML50569054199583,2024-07-12 08:49:30,Perú,Argentina,7661.38,1639.62,1803.48,2935.76,15.77,2.19,323.28
4919,17,Exchange,Mrs. Dawn Beasley,CC,94602213,GB84JSUB31083052761841,2024-05-16 10:54:55,México,México,9046.57,803.75,3075.76,2937.45,10.69,20.74,33.82
4920,581,P2P,Wendy Fry,CC,11777747,GB08SRAW94872871727751,2024-12-01 06:17:27,Perú,Perú,6691.02,4320.74,4383.44,4048.4,20.22,19.26,465.25
4921,214,Remesa,Joseph Avila,CC,21185018,GB18UNBY36153221236681,2024-04-21 07:55:34,México,Chile,4648.96,2328.39,4304.33,2312.66,45.82,2.84,353.55
4922,440,P2P,Raven Cruz,CPF,79723351,GB71LNJD67572173829624,2024-12-15 13:04:17,Chile,México,3228.01,2234.02,908.58,4538.82,6.64,0.98,347.82
4923,382,Tarjeta,Leslie Cox,DNI,24267081,GB13QBEP05830985692093,2024-09-04 01:13:52,Colombia,Chile,3318.68,3133.52,5575.33,3600.38,5.35,24.78,180.89
4924,688,Exchange,Howard Jones,CC,50994814,GB31FGVU56067873338342,2024-10-14 19:50:01,Perú,Perú,7793.91,1394.1,1358.69,2722.11,1.56,18.49,80.53
4925,593,P2P,Tara Miller,RUT,76522501,GB78DKGA71124126517001,2024-06-23 23:53:44,Colombia,México,3889.37,4472.86,2341.06,3950.1,19.64,16.62,349.63
4926,233,Tarjeta,Denise Sanchez,RUT,47322419,GB98GKBW45425965605423,2025-01-01 05:44:41,Colombia,Colombia,2982.47,3325.16,2055.92,2918.8,5.26,20.34,146.65
4927,928,Tarjeta,Willie Brandt,CC,53344419,GB96HGGR76854223461185,2024-11-21 14:34:18,Colombia,México,6470.02,1114.57,4322.66,4312.92,25.11,17.31,281.09
4928,528,P2P,Jill Miller,RUT,22804167,GB16AVJV23944465635849,2024-01-30 13:54:45,México,México,5167.37,4646.45,8952.38,974.25,33.18,9.64,259.84
4929,347,Exchange,Kelsey Jones,CC,42489447,GB08ACKK82736985465909,2024-03-31 17:03:12,Chile,Argentina,621.69,3786.0,8817.78,1215.27,12.88,2.38,198.69
4930,774,P2P,Michael Thompson,CC,85008052,GB45KYFY97546582245429,2024-09-17 03:57:31,Perú,Argentina,9363.71,4800.18,465.65,1399.9,19.7,23.94,359.76
4931,951,Exchange,Daryl Moreno,CPF,74570487,GB97SPUX88355577512521,2024-11-10 19:41:18,Colombia,México,6005.08,1385.24,9960.48,413.48,22.86,14.89,190.95
4932,110,Exchange,Daniel Weber,CC,85639365,GB49BBUW09517310376464,2024-04-07 20:03:23,Chile,Chile,8560.84,4689.31,8865.61,2475.51,33.6,13.87,422.27
4933,468,Exchange,Brenda Williams,DNI,31850136,GB46CFYQ03745030120575,2024-01-30 18:00:18,México,Chile,6948.19,2415.5,3151.64,1104.17,31.38,14.68,322.47
4934,420,P2P,Jennifer Barnes,CPF,93171724,GB95GSXT64117597366841,2024-11-22 02:29:38,Colombia,Chile,2471.45,106.7,1916.42,2631.8,9.1,0.7,370.71
4935,340,Remesa,Kevin Stein,CPF,73025066,GB48OFZB11688876534816,2024-08-27 12:43:51,Perú,Colombia,4560.82,3157.6,3891.28,1571.7,39.87,3.33,112.46
4936,582,Remesa,Bonnie Guzman,DNI,88555037,GB35IEPO58767352936985,2024-08-03 11:18:26,Perú,Argentina,3210.91,3217.19,2069.47,4194.84,43.06,3.4,61.62
4937,49,Tarjeta,Nicole Morgan,RUT,98483921,GB09XMWF27459800770909,2025-01-22 02:02:42,Argentina,Argentina,6009.22,4891.35,2273.63,2513.98,7.35,22.78,231.12
4938,748,Tarjeta,Dustin Elliott,CC,10244839,GB58FVCI92503247674718,2024-05-05 07:36:37,Colombia,Chile,6135.41,3775.85,4247.94,4095.92,19.7,6.61,390.15
4939,103,Remesa,Jack Campbell,CC,12916444,GB80URPX38551485198502,2024-08-08 18:26:45,Chile,Chile,1457.38,415.77,1096.08,1314.88,31.97,17.97,135.62
4940,142,Remesa,Jessica Brown,RUT,50768292,GB55AIRA38111926095557,2024-12-18 10:50:25,Perú,México,2165.38,4299.78,845.31,2612.98,1.0,16.44,293.24
4941,449,Remesa,Julie Phillips,DNI,77451162,GB07NYNX76643597641856,2024-11-25 20:24:28,México,Argentina,1433.74,1732.05,8872.28,2075.87,38.18,11.24,57.98
4942,479,P2P,Sarah Phelps,CC,40160396,GB33WBGH11750783919562,2024-08-16 08:24:15,México,México,3523.41,3470.13,6281.12,3964.12,13.49,19.45,391.05
4943,231,P2P,Tammy Calhoun,CPF,96708503,GB82DZHP94607581028204,2024-08-31 11:29:56,Perú,Colombia,6183.07,3871.43,4060.56,156.19,21.61,23.94,202.04
4944,659,P2P,Lisa Kelly,CC,92222879,GB45TDSU26776565403353,2024-06-11 20:06:47,Argentina,México,1097.42,4605.11,5951.55,3603.86,45.96,7.82,282.52
4945,431,P2P,Samantha Shah,DNI,69246931,GB15TCLH34846211371531,2024-05-24 15:06:56,Chile,Perú,5074.44,416.2,2951.82,4211.98,37.13,13.0,446.42
4946,298,P2P,Danny Hart,CPF,71485586,GB16NEDW67590383877411,2024-04-30 23:41:42,México,Colombia,8261.41,1841.77,5090.98,4404.97,24.3,11.18,18.43
4947,615,Tarjeta,Kristi Hill PhD,CC,44727521,GB83TPZP25844669089163,2024-11-02 07:47:02,Perú,Colombia,3808.52,564.78,2685.77,2061.55,23.6,18.97,441.92
4948,553,P2P,Maxwell Harper,RUT,63701994,GB34ADLS84248906135552,2024-11-14 21:44:26,México,Perú,1377.86,3043.68,6184.87,1360.48,33.73,1.5,233.53
4949,726,Exchange,James Pratt,CPF,93348594,GB47TUAW06462029909403,2024-03-10 07:27:21,Perú,Perú,8652.71,2095.85,4143.93,4231.35,43.85,18.59,68.12
4950,584,Exchange,Heather Garcia,CC,12331885,GB85SNZT43161091518780,2024-02-09 17:07:59,Perú,Colombia,7583.23,2870.6,7732.11,3823.41,8.97,18.43,252.23
4951,565,Remesa,Sarah Garrett,DNI,69199146,GB75MIKS59303261246671,2024-06-30 05:17:37,Argentina,México,4003.4,4745.82,7582.66,1093.85,43.13,10.35,392.04
4952,580,Remesa,Nathan Martinez,RUT,15656912,GB80WMXV73631427331598,2024-10-01 06:11:42,Colombia,Chile,8452.25,2046.86,8476.3,3255.64,32.12,14.55,142.0
4953,658,Tarjeta,Matthew Morrison,CPF,55487234,GB41DQNY21812631436377,2024-12-12 15:16:29,Argentina,Argentina,6273.69,4204.59,6485.62,3016.76,23.48,18.09,366.99
4954,458,Exchange,Sarah Rogers,CPF,78671172,GB43FIQU67129033397468,2024-03-31 07:15:51,México,Colombia,4712.5,4045.08,2454.51,788.91,20.13,12.78,286.17
4955,87,Remesa,Darrell Fitzgerald,DNI,71896573,GB16XRNO25873600914230,2024-12-03 15:05:58,México,Colombia,7537.14,789.72,3651.24,922.91,30.12,18.74,448.9
4956,966,Remesa,Matthew Gomez,RUT,85200341,GB11ERBC35239461184617,2024-11-05 01:41:04,Chile,Perú,5122.67,3548.05,3436.48,3104.6,33.53,2.99,60.85
4957,101,P2P,Dwayne Arroyo,RUT,96664218,GB17LWEV62366642821608,2024-10-14 08:05:14,México,Chile,449.07,2877.87,2502.81,493.11,48.14,6.17,284.34
4958,431,Exchange,Tommy Sandoval,RUT,70064621,GB07UYIR52904540634092,2024-06-23 00:51:13,México,México,1000.04,3182.63,2093.61,787.72,24.98,17.11,345.44
4959,698,P2P,Courtney French,RUT,30290612,GB80YOGI42663202092204,2024-05-17 02:52:50,Chile,Argentina,1322.12,2873.26,2576.38,661.23,7.54,12.16,61.19
4960,742,Remesa,John Mendoza,CPF,20440253,GB90ZXSJ01055241449873,2024-07-18 14:01:17,Colombia,Argentina,3767.35,4044.86,2836.1,2960.73,34.96,8.12,285.52
4961,957,P2P,Randy Jackson,CPF,27221268,GB35TARZ98435355632795,2024-04-15 20:39:06,Colombia,Argentina,6633.95,856.7,1132.2,4380.8,32.21,15.97,436.66
4962,530,Tarjeta,Joshua Ramirez,RUT,45825306,GB40KJDE50515047237175,2024-04-13 05:22:45,Argentina,Chile,5439.02,1184.44,4493.36,4855.99,9.87,0.25,308.38
4963,484,P2P,Kenneth Gonzalez,CPF,28993836,GB51ZSEQ65068275514760,2024-12-11 15:37:15,Argentina,Argentina,9930.87,2289.5,7520.1,448.19,41.99,1.57,418.9
4964,221,P2P,Kristin Harris,CPF,43264237,GB82TCYB98616425597017,2024-07-26 06:53:02,Argentina,Colombia,8754.04,3638.65,3469.18,976.75,45.52,18.73,454.83
4965,716,Exchange,Amy Hudson,CPF,64612555,GB65FSIQ48280485200373,2024-06-22 16:03:01,México,Argentina,9602.58,3314.79,5541.24,2654.2,37.06,21.79,422.74
4966,556,Tarjeta,Jeffrey Lee,CC,70886491,GB46PTID52570421068190,2025-01-09 10:38:14,Perú,Chile,9678.52,1884.57,6802.44,4604.55,30.49,1.37,220.29
4967,346,P2P,Margaret Anthony,CPF,82005616,GB64SHFJ96532188088419,2024-09-06 07:10:06,Perú,Argentina,6555.4,758.0,1812.43,3082.72,39.87,21.5,453.27
4968,510,Remesa,Hannah Price,RUT,16844262,GB63ILGI40144387321551,2024-10-30 15:49:09,Perú,Perú,7650.91,4451.78,8185.05,4287.0,38.4,0.44,280.17
4969,738,P2P,Mr. Kyle Harrison,CC,77166930,GB05LWAX67881374492021,2024-03-17 12:49:31,Argentina,Argentina,5230.36,3681.96,1325.03,639.0,17.93,12.02,399.49
4970,255,Remesa,Bernard Harris,CPF,34801260,GB02OENN85105156570336,2024-07-10 21:09:41,Chile,Argentina,1066.48,3283.85,5046.93,4398.67,18.83,24.02,324.96
4971,402,Remesa,Michael Krause,CC,85173433,GB26MPOG11198260006062,2024-11-20 20:35:10,Perú,Chile,3770.79,572.39,1991.63,1585.56,18.9,8.63,333.06
4972,216,P2P,Samuel Wilkinson,CC,42826959,GB94BSTB34505334368588,2024-12-11 15:07:01,Chile,Chile,6529.59,3642.64,3914.47,2319.88,21.89,18.44,40.79
4973,566,P2P,Heather Lawrence,RUT,86130235,GB65JUFX87143411283576,2024-04-27 20:28:30,Perú,Perú,8330.21,4322.73,8536.12,4406.05,6.18,19.19,216.85
4974,424,Remesa,Cheryl Deleon,CC,13526799,GB28HBPR65840204209598,2024-02-04 21:49:29,Chile,Argentina,7755.22,4619.04,605.31,192.45,43.51,24.33,409.69
4975,72,P2P,Brenda Palmer,DNI,61096796,GB09RNPJ52907260662684,2024-03-04 01:51:10,Chile,Chile,1500.42,765.67,1800.53,967.14,5.76,15.42,114.41
4976,503,Exchange,Matthew Williams,RUT,68228246,GB18NCKU72004468891597,2024-09-18 14:22:41,Chile,México,3309.57,3140.44,7319.34,2307.4,26.57,2.91,384.87
4977,944,P2P,Anita Koch,CC,76172917,GB33TFJH56885452629463,2024-02-15 14:22:17,Chile,Chile,4898.52,4406.01,8465.59,1141.22,40.91,23.9,433.64
4978,980,P2P,Shelby Whitehead,DNI,69421645,GB02HIGX91083733425187,2024-09-30 15:33:43,Chile,Colombia,2035.97,3759.39,6618.71,1642.14,40.8,16.8,19.88
4979,967,Exchange,Kimberly Johnson,CPF,13619929,GB51AHSO57497122261725,2024-03-26 17:51:35,Chile,Perú,344.97,1085.81,1088.87,3316.23,39.1,1.71,51.31
4980,648,Exchange,Ariel Herring,DNI,64539538,GB09WYBM80451982424150,2024-12-24 18:39:06,México,México,4018.87,3511.82,4784.97,1004.19,11.11,21.52,474.25
4981,625,Remesa,Brandon Wilson,CPF,70803570,GB42TBIX38167706985855,2024-12-20 14:03:02,México,Chile,8003.82,999.14,3315.67,4128.09,35.28,11.15,326.87
4982,249,Remesa,John Finley,RUT,28239889,GB42FAID45310191660032,2024-07-25 14:12:47,Chile,México,708.11,3897.51,1528.38,3796.3,9.22,20.01,33.71
4983,307,Remesa,Daniel Rivera,CC,61526082,GB97HUIV97702921320406,2024-10-02 00:40:50,México,Chile,4022.12,777.16,3325.38,2608.61,27.31,2.41,304.51
4984,457,Exchange,Christopher Stanley,CC,73495605,GB27OYQN81518840088343,2024-09-25 20:36:41,Perú,Perú,9655.85,176.62,8284.11,4482.02,47.56,2.52,492.52
4985,917,Tarjeta,Timothy Garza,CC,58222019,GB58JTFA21983349946050,2024-02-12 03:02:39,México,Colombia,2116.96,1788.24,5814.14,2131.16,19.4,17.6,95.07
4986,312,P2P,Brian Moore,CPF,73179715,GB14ZHRS46032333622898,2024-12-19 00:12:04,Perú,Perú,4574.17,4111.73,3319.68,4292.71,18.65,24.95,247.18
4987,136,Remesa,Karen White,CPF,48719017,GB12IJNZ28813731077642,2024-02-11 06:58:43,Argentina,México,1930.27,2789.94,437.21,4590.31,2.75,8.93,445.33
4988,901,Tarjeta,Aaron Williams,CC,80974964,GB13RNIE40450933212265,2024-11-07 17:04:00,Perú,Perú,9398.67,3207.52,8619.14,1614.93,34.18,21.97,46.48
4989,176,P2P,William Ramirez,RUT,98898127,GB55QVTN52157143486298,2024-08-14 07:22:07,Perú,Colombia,1513.99,1218.33,1607.07,2372.9,30.03,23.27,147.34
4990,152,Tarjeta,Erika Rose,CPF,17774575,GB26ITAB33689830551194,2024-04-12 09:20:01,México,Colombia,1092.03,3240.45,2627.87,535.01,48.29,15.62,301.42
4991,904,P2P,Amanda Mayer,CPF,75404735,GB07CUIV72752142390698,2024-04-07 19:13:25,Perú,Colombia,7248.04,4572.65,8935.37,3296.76,1.2,2.46,363.75
4992,198,P2P,Jason Cohen,CC,11405431,GB53ZITF54976342613892,2024-09-16 06:11:39,Perú,Chile,6737.88,3986.93,8896.96,4831.53,31.1,2.97,378.67
4993,650,Exchange,Carrie Williams,CPF,53415920,GB84RRQI85808234459299,2024-12-11 03:58:06,Colombia,Chile,4149.2,4954.04,6542.24,2112.03,47.76,2.57,251.53
4994,191,Exchange,Robert Terrell,CPF,22216386,GB75PBOU49592805547754,2024-11-19 10:34:21,Colombia,México,2963.23,4278.01,9326.08,1112.67,46.67,2.46,423.67
4995,615,Tarjeta,Kurt Bowen,RUT,66341886,GB33DGAF71524288156241,2024-06-10 00:13:25,México,Colombia,5062.77,887.31,6143.77,2507.65,31.25,12.24,63.1
4996,902,Tarjeta,Katelyn Armstrong,CPF,36529047,GB58ZCAY92214016436924,2024-06-04 11:18:39,Perú,México,9546.39,2863.38,907.11,3221.64,42.36,16.5,68.5
4997,521,Remesa,Tiffany Rodriguez,CPF,67004029,GB35CCHY41403429905840,2024-06-27 07:22:32,Colombia,Chile,9253.38,1036.68,3799.96,878.79,1.65,10.86,467.04
4998,132,Tarjeta,Tony Hunter,CC,68941308,GB38TRDK10481024380921,2024-09-05 13:13:04,Perú,Chile,9871.1,3481.63,5743.23,3653.9,32.37,9.18,262.7
4999,508,Exchange,Amanda Hernandez,CPF,64677090,GB15WPHV32605927626246,2024-11-11 20:25:14,Argentina,Chile,7442.9,585.06,1771.19,4022.38,36.72,3.0,452.32
5000,86,Tarjeta,Julie Rivera,CC,64503641,GB80YLXT42005319856171,2024-10-18 15:02:58,México,Chile,5889.47,3043.65,6608.61,1751.68,12.04,11.47,78.16
